timestamp,metric,service,instance,environment,status,le,team,value
1735689600,service_info,api,,prod,,,platform,1.0
1735689600,app_active_sessions,api,a,prod,,,,10.0
1735689600,queue_depth,api,a,prod,,,,6.0
1735689600,up,api,a,prod,,,,1.0
1735689600,http_requests_total,api,a,prod,200,,,99.0
1735689600,http_requests_total,api,a,prod,500,,,1.0
1735689600,http_request_duration_seconds_bucket,api,a,prod,,0.1,,65.0
1735689600,http_request_duration_seconds_bucket,api,a,prod,,0.25,,88.0
1735689600,http_request_duration_seconds_bucket,api,a,prod,,0.5,,97.0
1735689600,http_request_duration_seconds_bucket,api,a,prod,,1.0,,99.5
1735689600,http_request_duration_seconds_bucket,api,a,prod,,+Inf,,100.0
1735689600,http_request_duration_seconds_count,api,a,prod,,,,100.0
1735689600,http_request_duration_seconds_sum,api,a,prod,,,,12.0
1735689600,app_active_sessions,api,b,prod,,,,13.0
1735689600,queue_depth,api,b,prod,,,,9.0
1735689600,up,api,b,prod,,,,1.0
1735689600,http_requests_total,api,b,prod,200,,,108.9
1735689600,http_requests_total,api,b,prod,500,,,1.1
1735689600,http_request_duration_seconds_bucket,api,b,prod,,0.1,,71.5
1735689600,http_request_duration_seconds_bucket,api,b,prod,,0.25,,96.8
1735689600,http_request_duration_seconds_bucket,api,b,prod,,0.5,,106.7
1735689600,http_request_duration_seconds_bucket,api,b,prod,,1.0,,109.45
1735689600,http_request_duration_seconds_bucket,api,b,prod,,+Inf,,110.0
1735689600,http_request_duration_seconds_count,api,b,prod,,,,110.0
1735689600,http_request_duration_seconds_sum,api,b,prod,,,,13.2
1735689600,service_info,web,,prod,,,experience,1.0
1735689600,app_active_sessions,web,a,prod,,,,6.0
1735689600,queue_depth,web,a,prod,,,,2.0
1735689600,up,web,a,prod,,,,1.0
1735689600,http_requests_total,web,a,prod,200,,,59.4
1735689600,http_requests_total,web,a,prod,500,,,0.6
1735689600,http_request_duration_seconds_bucket,web,a,prod,,0.1,,39.0
1735689600,http_request_duration_seconds_bucket,web,a,prod,,0.25,,52.8
1735689600,http_request_duration_seconds_bucket,web,a,prod,,0.5,,58.199999999999996
1735689600,http_request_duration_seconds_bucket,web,a,prod,,1.0,,59.7
1735689600,http_request_duration_seconds_bucket,web,a,prod,,+Inf,,60.0
1735689600,http_request_duration_seconds_count,web,a,prod,,,,60.0
1735689600,http_request_duration_seconds_sum,web,a,prod,,,,7.199999999999999
1735689600,app_active_sessions,web,b,prod,,,,9.0
1735689600,queue_depth,web,b,prod,,,,5.0
1735689600,up,web,b,prod,,,,1.0
1735689600,http_requests_total,web,b,prod,200,,,69.3
1735689600,http_requests_total,web,b,prod,500,,,0.7000000000000001
1735689600,http_request_duration_seconds_bucket,web,b,prod,,0.1,,45.5
1735689600,http_request_duration_seconds_bucket,web,b,prod,,0.25,,61.6
1735689600,http_request_duration_seconds_bucket,web,b,prod,,0.5,,67.89999999999999
1735689600,http_request_duration_seconds_bucket,web,b,prod,,1.0,,69.65
1735689600,http_request_duration_seconds_bucket,web,b,prod,,+Inf,,70.0
1735689600,http_request_duration_seconds_count,web,b,prod,,,,70.0
1735689600,http_request_duration_seconds_sum,web,b,prod,,,,8.4
1735689630,service_info,api,,prod,,,platform,1.0
1735689630,app_active_sessions,api,a,prod,,,,10.0
1735689630,queue_depth,api,a,prod,,,,6.0
1735689630,up,api,a,prod,,,,1.0
1735689630,http_requests_total,api,a,prod,200,,,396.0
1735689630,http_requests_total,api,a,prod,500,,,4.0
1735689630,http_request_duration_seconds_bucket,api,a,prod,,0.1,,260.0
1735689630,http_request_duration_seconds_bucket,api,a,prod,,0.25,,352.0
1735689630,http_request_duration_seconds_bucket,api,a,prod,,0.5,,388.0
1735689630,http_request_duration_seconds_bucket,api,a,prod,,1.0,,398.0
1735689630,http_request_duration_seconds_bucket,api,a,prod,,+Inf,,400.0
1735689630,http_request_duration_seconds_count,api,a,prod,,,,400.0
1735689630,http_request_duration_seconds_sum,api,a,prod,,,,48.0
1735689630,app_active_sessions,api,b,prod,,,,13.0
1735689630,queue_depth,api,b,prod,,,,9.0
1735689630,up,api,b,prod,,,,1.0
1735689630,http_requests_total,api,b,prod,200,,,435.6
1735689630,http_requests_total,api,b,prod,500,,,4.4
1735689630,http_request_duration_seconds_bucket,api,b,prod,,0.1,,286.0
1735689630,http_request_duration_seconds_bucket,api,b,prod,,0.25,,387.2
1735689630,http_request_duration_seconds_bucket,api,b,prod,,0.5,,426.8
1735689630,http_request_duration_seconds_bucket,api,b,prod,,1.0,,437.8
1735689630,http_request_duration_seconds_bucket,api,b,prod,,+Inf,,440.0
1735689630,http_request_duration_seconds_count,api,b,prod,,,,440.0
1735689630,http_request_duration_seconds_sum,api,b,prod,,,,52.8
1735689630,service_info,web,,prod,,,experience,1.0
1735689630,app_active_sessions,web,a,prod,,,,6.0
1735689630,queue_depth,web,a,prod,,,,2.0
1735689630,up,web,a,prod,,,,1.0
1735689630,http_requests_total,web,a,prod,200,,,237.6
1735689630,http_requests_total,web,a,prod,500,,,2.4
1735689630,http_request_duration_seconds_bucket,web,a,prod,,0.1,,156.0
1735689630,http_request_duration_seconds_bucket,web,a,prod,,0.25,,211.2
1735689630,http_request_duration_seconds_bucket,web,a,prod,,0.5,,232.79999999999998
1735689630,http_request_duration_seconds_bucket,web,a,prod,,1.0,,238.8
1735689630,http_request_duration_seconds_bucket,web,a,prod,,+Inf,,240.0
1735689630,http_request_duration_seconds_count,web,a,prod,,,,240.0
1735689630,http_request_duration_seconds_sum,web,a,prod,,,,28.799999999999997
1735689630,app_active_sessions,web,b,prod,,,,9.0
1735689630,queue_depth,web,b,prod,,,,5.0
1735689630,up,web,b,prod,,,,1.0
1735689630,http_requests_total,web,b,prod,200,,,277.2
1735689630,http_requests_total,web,b,prod,500,,,2.8000000000000003
1735689630,http_request_duration_seconds_bucket,web,b,prod,,0.1,,182.0
1735689630,http_request_duration_seconds_bucket,web,b,prod,,0.25,,246.4
1735689630,http_request_duration_seconds_bucket,web,b,prod,,0.5,,271.59999999999997
1735689630,http_request_duration_seconds_bucket,web,b,prod,,1.0,,278.6
1735689630,http_request_duration_seconds_bucket,web,b,prod,,+Inf,,280.0
1735689630,http_request_duration_seconds_count,web,b,prod,,,,280.0
1735689630,http_request_duration_seconds_sum,web,b,prod,,,,33.6
1735689660,service_info,api,,prod,,,platform,1.0
1735689660,app_active_sessions,api,a,prod,,,,11.0
1735689660,queue_depth,api,a,prod,,,,7.0
1735689660,up,api,a,prod,,,,1.0
1735689660,http_requests_total,api,a,prod,200,,,693.0
1735689660,http_requests_total,api,a,prod,500,,,7.0
1735689660,http_request_duration_seconds_bucket,api,a,prod,,0.1,,455.0
1735689660,http_request_duration_seconds_bucket,api,a,prod,,0.25,,616.0
1735689660,http_request_duration_seconds_bucket,api,a,prod,,0.5,,679.0
1735689660,http_request_duration_seconds_bucket,api,a,prod,,1.0,,696.5
1735689660,http_request_duration_seconds_bucket,api,a,prod,,+Inf,,700.0
1735689660,http_request_duration_seconds_count,api,a,prod,,,,700.0
1735689660,http_request_duration_seconds_sum,api,a,prod,,,,84.0
1735689660,app_active_sessions,api,b,prod,,,,14.0
1735689660,queue_depth,api,b,prod,,,,10.0
1735689660,up,api,b,prod,,,,1.0
1735689660,http_requests_total,api,b,prod,200,,,762.3
1735689660,http_requests_total,api,b,prod,500,,,7.7
1735689660,http_request_duration_seconds_bucket,api,b,prod,,0.1,,500.5
1735689660,http_request_duration_seconds_bucket,api,b,prod,,0.25,,677.6
1735689660,http_request_duration_seconds_bucket,api,b,prod,,0.5,,746.9
1735689660,http_request_duration_seconds_bucket,api,b,prod,,1.0,,766.15
1735689660,http_request_duration_seconds_bucket,api,b,prod,,+Inf,,770.0
1735689660,http_request_duration_seconds_count,api,b,prod,,,,770.0
1735689660,http_request_duration_seconds_sum,api,b,prod,,,,92.39999999999999
1735689660,service_info,web,,prod,,,experience,1.0
1735689660,app_active_sessions,web,a,prod,,,,7.0
1735689660,queue_depth,web,a,prod,,,,3.0
1735689660,up,web,a,prod,,,,1.0
1735689660,http_requests_total,web,a,prod,200,,,415.8
1735689660,http_requests_total,web,a,prod,500,,,4.2
1735689660,http_request_duration_seconds_bucket,web,a,prod,,0.1,,273.0
1735689660,http_request_duration_seconds_bucket,web,a,prod,,0.25,,369.6
1735689660,http_request_duration_seconds_bucket,web,a,prod,,0.5,,407.4
1735689660,http_request_duration_seconds_bucket,web,a,prod,,1.0,,417.9
1735689660,http_request_duration_seconds_bucket,web,a,prod,,+Inf,,420.0
1735689660,http_request_duration_seconds_count,web,a,prod,,,,420.0
1735689660,http_request_duration_seconds_sum,web,a,prod,,,,50.4
1735689660,app_active_sessions,web,b,prod,,,,10.0
1735689660,queue_depth,web,b,prod,,,,6.0
1735689660,up,web,b,prod,,,,1.0
1735689660,http_requests_total,web,b,prod,200,,,485.1
1735689660,http_requests_total,web,b,prod,500,,,4.9
1735689660,http_request_duration_seconds_bucket,web,b,prod,,0.1,,318.5
1735689660,http_request_duration_seconds_bucket,web,b,prod,,0.25,,431.2
1735689660,http_request_duration_seconds_bucket,web,b,prod,,0.5,,475.3
1735689660,http_request_duration_seconds_bucket,web,b,prod,,1.0,,487.55
1735689660,http_request_duration_seconds_bucket,web,b,prod,,+Inf,,490.0
1735689660,http_request_duration_seconds_count,web,b,prod,,,,490.0
1735689660,http_request_duration_seconds_sum,web,b,prod,,,,58.8
1735689690,service_info,api,,prod,,,platform,1.0
1735689690,app_active_sessions,api,a,prod,,,,11.0
1735689690,queue_depth,api,a,prod,,,,7.0
1735689690,up,api,a,prod,,,,1.0
1735689690,http_requests_total,api,a,prod,200,,,990.0
1735689690,http_requests_total,api,a,prod,500,,,10.0
1735689690,http_request_duration_seconds_bucket,api,a,prod,,0.1,,650.0
1735689690,http_request_duration_seconds_bucket,api,a,prod,,0.25,,880.0
1735689690,http_request_duration_seconds_bucket,api,a,prod,,0.5,,970.0
1735689690,http_request_duration_seconds_bucket,api,a,prod,,1.0,,995.0
1735689690,http_request_duration_seconds_bucket,api,a,prod,,+Inf,,1000.0
1735689690,http_request_duration_seconds_count,api,a,prod,,,,1000.0
1735689690,http_request_duration_seconds_sum,api,a,prod,,,,120.0
1735689690,app_active_sessions,api,b,prod,,,,14.0
1735689690,queue_depth,api,b,prod,,,,10.0
1735689690,up,api,b,prod,,,,1.0
1735689690,http_requests_total,api,b,prod,200,,,1089.0
1735689690,http_requests_total,api,b,prod,500,,,11.0
1735689690,http_request_duration_seconds_bucket,api,b,prod,,0.1,,715.0
1735689690,http_request_duration_seconds_bucket,api,b,prod,,0.25,,968.0
1735689690,http_request_duration_seconds_bucket,api,b,prod,,0.5,,1067.0
1735689690,http_request_duration_seconds_bucket,api,b,prod,,1.0,,1094.5
1735689690,http_request_duration_seconds_bucket,api,b,prod,,+Inf,,1100.0
1735689690,http_request_duration_seconds_count,api,b,prod,,,,1100.0
1735689690,http_request_duration_seconds_sum,api,b,prod,,,,132.0
1735689690,service_info,web,,prod,,,experience,1.0
1735689690,app_active_sessions,web,a,prod,,,,7.0
1735689690,queue_depth,web,a,prod,,,,3.0
1735689690,up,web,a,prod,,,,1.0
1735689690,http_requests_total,web,a,prod,200,,,594.0
1735689690,http_requests_total,web,a,prod,500,,,6.0
1735689690,http_request_duration_seconds_bucket,web,a,prod,,0.1,,390.0
1735689690,http_request_duration_seconds_bucket,web,a,prod,,0.25,,528.0
1735689690,http_request_duration_seconds_bucket,web,a,prod,,0.5,,582.0
1735689690,http_request_duration_seconds_bucket,web,a,prod,,1.0,,597.0
1735689690,http_request_duration_seconds_bucket,web,a,prod,,+Inf,,600.0
1735689690,http_request_duration_seconds_count,web,a,prod,,,,600.0
1735689690,http_request_duration_seconds_sum,web,a,prod,,,,72.0
1735689690,app_active_sessions,web,b,prod,,,,10.0
1735689690,queue_depth,web,b,prod,,,,6.0
1735689690,up,web,b,prod,,,,1.0
1735689690,http_requests_total,web,b,prod,200,,,693.0
1735689690,http_requests_total,web,b,prod,500,,,7.0
1735689690,http_request_duration_seconds_bucket,web,b,prod,,0.1,,455.0
1735689690,http_request_duration_seconds_bucket,web,b,prod,,0.25,,616.0
1735689690,http_request_duration_seconds_bucket,web,b,prod,,0.5,,679.0
1735689690,http_request_duration_seconds_bucket,web,b,prod,,1.0,,696.5
1735689690,http_request_duration_seconds_bucket,web,b,prod,,+Inf,,700.0
1735689690,http_request_duration_seconds_count,web,b,prod,,,,700.0
1735689690,http_request_duration_seconds_sum,web,b,prod,,,,84.0
1735689720,service_info,api,,prod,,,platform,1.0
1735689720,app_active_sessions,api,a,prod,,,,12.0
1735689720,queue_depth,api,a,prod,,,,8.0
1735689720,up,api,a,prod,,,,1.0
1735689720,http_requests_total,api,a,prod,200,,,1287.0
1735689720,http_requests_total,api,a,prod,500,,,13.0
1735689720,http_request_duration_seconds_bucket,api,a,prod,,0.1,,845.0
1735689720,http_request_duration_seconds_bucket,api,a,prod,,0.25,,1144.0
1735689720,http_request_duration_seconds_bucket,api,a,prod,,0.5,,1261.0
1735689720,http_request_duration_seconds_bucket,api,a,prod,,1.0,,1293.5
1735689720,http_request_duration_seconds_bucket,api,a,prod,,+Inf,,1300.0
1735689720,http_request_duration_seconds_count,api,a,prod,,,,1300.0
1735689720,http_request_duration_seconds_sum,api,a,prod,,,,156.0
1735689720,app_active_sessions,api,b,prod,,,,15.0
1735689720,queue_depth,api,b,prod,,,,11.0
1735689720,up,api,b,prod,,,,1.0
1735689720,http_requests_total,api,b,prod,200,,,1415.7
1735689720,http_requests_total,api,b,prod,500,,,14.3
1735689720,http_request_duration_seconds_bucket,api,b,prod,,0.1,,929.5
1735689720,http_request_duration_seconds_bucket,api,b,prod,,0.25,,1258.4
1735689720,http_request_duration_seconds_bucket,api,b,prod,,0.5,,1387.1
1735689720,http_request_duration_seconds_bucket,api,b,prod,,1.0,,1422.85
1735689720,http_request_duration_seconds_bucket,api,b,prod,,+Inf,,1430.0
1735689720,http_request_duration_seconds_count,api,b,prod,,,,1430.0
1735689720,http_request_duration_seconds_sum,api,b,prod,,,,171.6
1735689720,service_info,web,,prod,,,experience,1.0
1735689720,app_active_sessions,web,a,prod,,,,8.0
1735689720,queue_depth,web,a,prod,,,,4.0
1735689720,up,web,a,prod,,,,1.0
1735689720,http_requests_total,web,a,prod,200,,,772.2
1735689720,http_requests_total,web,a,prod,500,,,7.8
1735689720,http_request_duration_seconds_bucket,web,a,prod,,0.1,,507.0
1735689720,http_request_duration_seconds_bucket,web,a,prod,,0.25,,686.4
1735689720,http_request_duration_seconds_bucket,web,a,prod,,0.5,,756.6
1735689720,http_request_duration_seconds_bucket,web,a,prod,,1.0,,776.1
1735689720,http_request_duration_seconds_bucket,web,a,prod,,+Inf,,780.0
1735689720,http_request_duration_seconds_count,web,a,prod,,,,780.0
1735689720,http_request_duration_seconds_sum,web,a,prod,,,,93.6
1735689720,app_active_sessions,web,b,prod,,,,11.0
1735689720,queue_depth,web,b,prod,,,,7.0
1735689720,up,web,b,prod,,,,1.0
1735689720,http_requests_total,web,b,prod,200,,,900.9
1735689720,http_requests_total,web,b,prod,500,,,9.1
1735689720,http_request_duration_seconds_bucket,web,b,prod,,0.1,,591.5
1735689720,http_request_duration_seconds_bucket,web,b,prod,,0.25,,800.8
1735689720,http_request_duration_seconds_bucket,web,b,prod,,0.5,,882.6999999999999
1735689720,http_request_duration_seconds_bucket,web,b,prod,,1.0,,905.45
1735689720,http_request_duration_seconds_bucket,web,b,prod,,+Inf,,910.0
1735689720,http_request_duration_seconds_count,web,b,prod,,,,910.0
1735689720,http_request_duration_seconds_sum,web,b,prod,,,,109.2
1735689750,service_info,api,,prod,,,platform,1.0
1735689750,app_active_sessions,api,a,prod,,,,12.0
1735689750,queue_depth,api,a,prod,,,,8.0
1735689750,up,api,a,prod,,,,1.0
1735689750,http_requests_total,api,a,prod,200,,,1584.0
1735689750,http_requests_total,api,a,prod,500,,,16.0
1735689750,http_request_duration_seconds_bucket,api,a,prod,,0.1,,1040.0
1735689750,http_request_duration_seconds_bucket,api,a,prod,,0.25,,1408.0
1735689750,http_request_duration_seconds_bucket,api,a,prod,,0.5,,1552.0
1735689750,http_request_duration_seconds_bucket,api,a,prod,,1.0,,1592.0
1735689750,http_request_duration_seconds_bucket,api,a,prod,,+Inf,,1600.0
1735689750,http_request_duration_seconds_count,api,a,prod,,,,1600.0
1735689750,http_request_duration_seconds_sum,api,a,prod,,,,192.0
1735689750,app_active_sessions,api,b,prod,,,,15.0
1735689750,queue_depth,api,b,prod,,,,11.0
1735689750,up,api,b,prod,,,,1.0
1735689750,http_requests_total,api,b,prod,200,,,1742.4
1735689750,http_requests_total,api,b,prod,500,,,17.6
1735689750,http_request_duration_seconds_bucket,api,b,prod,,0.1,,1144.0
1735689750,http_request_duration_seconds_bucket,api,b,prod,,0.25,,1548.8
1735689750,http_request_duration_seconds_bucket,api,b,prod,,0.5,,1707.2
1735689750,http_request_duration_seconds_bucket,api,b,prod,,1.0,,1751.2
1735689750,http_request_duration_seconds_bucket,api,b,prod,,+Inf,,1760.0
1735689750,http_request_duration_seconds_count,api,b,prod,,,,1760.0
1735689750,http_request_duration_seconds_sum,api,b,prod,,,,211.2
1735689750,service_info,web,,prod,,,experience,1.0
1735689750,app_active_sessions,web,a,prod,,,,8.0
1735689750,queue_depth,web,a,prod,,,,4.0
1735689750,up,web,a,prod,,,,1.0
1735689750,http_requests_total,web,a,prod,200,,,950.4
1735689750,http_requests_total,web,a,prod,500,,,9.6
1735689750,http_request_duration_seconds_bucket,web,a,prod,,0.1,,624.0
1735689750,http_request_duration_seconds_bucket,web,a,prod,,0.25,,844.8
1735689750,http_request_duration_seconds_bucket,web,a,prod,,0.5,,931.1999999999999
1735689750,http_request_duration_seconds_bucket,web,a,prod,,1.0,,955.2
1735689750,http_request_duration_seconds_bucket,web,a,prod,,+Inf,,960.0
1735689750,http_request_duration_seconds_count,web,a,prod,,,,960.0
1735689750,http_request_duration_seconds_sum,web,a,prod,,,,115.19999999999999
1735689750,app_active_sessions,web,b,prod,,,,11.0
1735689750,queue_depth,web,b,prod,,,,7.0
1735689750,up,web,b,prod,,,,1.0
1735689750,http_requests_total,web,b,prod,200,,,1108.8
1735689750,http_requests_total,web,b,prod,500,,,11.200000000000001
1735689750,http_request_duration_seconds_bucket,web,b,prod,,0.1,,728.0
1735689750,http_request_duration_seconds_bucket,web,b,prod,,0.25,,985.6
1735689750,http_request_duration_seconds_bucket,web,b,prod,,0.5,,1086.3999999999999
1735689750,http_request_duration_seconds_bucket,web,b,prod,,1.0,,1114.4
1735689750,http_request_duration_seconds_bucket,web,b,prod,,+Inf,,1120.0
1735689750,http_request_duration_seconds_count,web,b,prod,,,,1120.0
1735689750,http_request_duration_seconds_sum,web,b,prod,,,,134.4
1735689780,service_info,api,,prod,,,platform,1.0
1735689780,app_active_sessions,api,a,prod,,,,13.0
1735689780,queue_depth,api,a,prod,,,,9.0
1735689780,up,api,a,prod,,,,1.0
1735689780,http_requests_total,api,a,prod,200,,,1881.0
1735689780,http_requests_total,api,a,prod,500,,,19.0
1735689780,http_request_duration_seconds_bucket,api,a,prod,,0.1,,1235.0
1735689780,http_request_duration_seconds_bucket,api,a,prod,,0.25,,1672.0
1735689780,http_request_duration_seconds_bucket,api,a,prod,,0.5,,1843.0
1735689780,http_request_duration_seconds_bucket,api,a,prod,,1.0,,1890.5
1735689780,http_request_duration_seconds_bucket,api,a,prod,,+Inf,,1900.0
1735689780,http_request_duration_seconds_count,api,a,prod,,,,1900.0
1735689780,http_request_duration_seconds_sum,api,a,prod,,,,228.0
1735689780,app_active_sessions,api,b,prod,,,,16.0
1735689780,queue_depth,api,b,prod,,,,12.0
1735689780,up,api,b,prod,,,,1.0
1735689780,http_requests_total,api,b,prod,200,,,2069.1
1735689780,http_requests_total,api,b,prod,500,,,20.900000000000002
1735689780,http_request_duration_seconds_bucket,api,b,prod,,0.1,,1358.5
1735689780,http_request_duration_seconds_bucket,api,b,prod,,0.25,,1839.2
1735689780,http_request_duration_seconds_bucket,api,b,prod,,0.5,,2027.3
1735689780,http_request_duration_seconds_bucket,api,b,prod,,1.0,,2079.55
1735689780,http_request_duration_seconds_bucket,api,b,prod,,+Inf,,2090.0
1735689780,http_request_duration_seconds_count,api,b,prod,,,,2090.0
1735689780,http_request_duration_seconds_sum,api,b,prod,,,,250.79999999999998
1735689780,service_info,web,,prod,,,experience,1.0
1735689780,app_active_sessions,web,a,prod,,,,9.0
1735689780,queue_depth,web,a,prod,,,,5.0
1735689780,up,web,a,prod,,,,1.0
1735689780,http_requests_total,web,a,prod,200,,,1128.6
1735689780,http_requests_total,web,a,prod,500,,,11.4
1735689780,http_request_duration_seconds_bucket,web,a,prod,,0.1,,741.0
1735689780,http_request_duration_seconds_bucket,web,a,prod,,0.25,,1003.2
1735689780,http_request_duration_seconds_bucket,web,a,prod,,0.5,,1105.8
1735689780,http_request_duration_seconds_bucket,web,a,prod,,1.0,,1134.3
1735689780,http_request_duration_seconds_bucket,web,a,prod,,+Inf,,1140.0
1735689780,http_request_duration_seconds_count,web,a,prod,,,,1140.0
1735689780,http_request_duration_seconds_sum,web,a,prod,,,,136.79999999999998
1735689780,app_active_sessions,web,b,prod,,,,12.0
1735689780,queue_depth,web,b,prod,,,,8.0
1735689780,up,web,b,prod,,,,1.0
1735689780,http_requests_total,web,b,prod,200,,,1316.7
1735689780,http_requests_total,web,b,prod,500,,,13.3
1735689780,http_request_duration_seconds_bucket,web,b,prod,,0.1,,864.5
1735689780,http_request_duration_seconds_bucket,web,b,prod,,0.25,,1170.4
1735689780,http_request_duration_seconds_bucket,web,b,prod,,0.5,,1290.1
1735689780,http_request_duration_seconds_bucket,web,b,prod,,1.0,,1323.35
1735689780,http_request_duration_seconds_bucket,web,b,prod,,+Inf,,1330.0
1735689780,http_request_duration_seconds_count,web,b,prod,,,,1330.0
1735689780,http_request_duration_seconds_sum,web,b,prod,,,,159.6
1735689810,service_info,api,,prod,,,platform,1.0
1735689810,app_active_sessions,api,a,prod,,,,13.0
1735689810,queue_depth,api,a,prod,,,,9.0
1735689810,up,api,a,prod,,,,1.0
1735689810,http_requests_total,api,a,prod,200,,,2178.0
1735689810,http_requests_total,api,a,prod,500,,,22.0
1735689810,http_request_duration_seconds_bucket,api,a,prod,,0.1,,1430.0
1735689810,http_request_duration_seconds_bucket,api,a,prod,,0.25,,1936.0
1735689810,http_request_duration_seconds_bucket,api,a,prod,,0.5,,2134.0
1735689810,http_request_duration_seconds_bucket,api,a,prod,,1.0,,2189.0
1735689810,http_request_duration_seconds_bucket,api,a,prod,,+Inf,,2200.0
1735689810,http_request_duration_seconds_count,api,a,prod,,,,2200.0
1735689810,http_request_duration_seconds_sum,api,a,prod,,,,264.0
1735689810,app_active_sessions,api,b,prod,,,,16.0
1735689810,queue_depth,api,b,prod,,,,12.0
1735689810,up,api,b,prod,,,,1.0
1735689810,http_requests_total,api,b,prod,200,,,2395.8
1735689810,http_requests_total,api,b,prod,500,,,24.2
1735689810,http_request_duration_seconds_bucket,api,b,prod,,0.1,,1573.0
1735689810,http_request_duration_seconds_bucket,api,b,prod,,0.25,,2129.6
1735689810,http_request_duration_seconds_bucket,api,b,prod,,0.5,,2347.4
1735689810,http_request_duration_seconds_bucket,api,b,prod,,1.0,,2407.9
1735689810,http_request_duration_seconds_bucket,api,b,prod,,+Inf,,2420.0
1735689810,http_request_duration_seconds_count,api,b,prod,,,,2420.0
1735689810,http_request_duration_seconds_sum,api,b,prod,,,,290.4
1735689810,service_info,web,,prod,,,experience,1.0
1735689810,app_active_sessions,web,a,prod,,,,9.0
1735689810,queue_depth,web,a,prod,,,,5.0
1735689810,up,web,a,prod,,,,1.0
1735689810,http_requests_total,web,a,prod,200,,,1306.8
1735689810,http_requests_total,web,a,prod,500,,,13.200000000000001
1735689810,http_request_duration_seconds_bucket,web,a,prod,,0.1,,858.0
1735689810,http_request_duration_seconds_bucket,web,a,prod,,0.25,,1161.6
1735689810,http_request_duration_seconds_bucket,web,a,prod,,0.5,,1280.3999999999999
1735689810,http_request_duration_seconds_bucket,web,a,prod,,1.0,,1313.4
1735689810,http_request_duration_seconds_bucket,web,a,prod,,+Inf,,1320.0
1735689810,http_request_duration_seconds_count,web,a,prod,,,,1320.0
1735689810,http_request_duration_seconds_sum,web,a,prod,,,,158.4
1735689810,app_active_sessions,web,b,prod,,,,12.0
1735689810,queue_depth,web,b,prod,,,,8.0
1735689810,up,web,b,prod,,,,1.0
1735689810,http_requests_total,web,b,prod,200,,,1524.6
1735689810,http_requests_total,web,b,prod,500,,,15.4
1735689810,http_request_duration_seconds_bucket,web,b,prod,,0.1,,1001.0
1735689810,http_request_duration_seconds_bucket,web,b,prod,,0.25,,1355.2
1735689810,http_request_duration_seconds_bucket,web,b,prod,,0.5,,1493.8
1735689810,http_request_duration_seconds_bucket,web,b,prod,,1.0,,1532.3
1735689810,http_request_duration_seconds_bucket,web,b,prod,,+Inf,,1540.0
1735689810,http_request_duration_seconds_count,web,b,prod,,,,1540.0
1735689810,http_request_duration_seconds_sum,web,b,prod,,,,184.79999999999998
1735689840,service_info,api,,prod,,,platform,1.0
1735689840,app_active_sessions,api,a,prod,,,,13.0
1735689840,queue_depth,api,a,prod,,,,9.0
1735689840,up,api,a,prod,,,,1.0
1735689840,http_requests_total,api,a,prod,200,,,2475.0
1735689840,http_requests_total,api,a,prod,500,,,25.0
1735689840,http_request_duration_seconds_bucket,api,a,prod,,0.1,,1625.0
1735689840,http_request_duration_seconds_bucket,api,a,prod,,0.25,,2200.0
1735689840,http_request_duration_seconds_bucket,api,a,prod,,0.5,,2425.0
1735689840,http_request_duration_seconds_bucket,api,a,prod,,1.0,,2487.5
1735689840,http_request_duration_seconds_bucket,api,a,prod,,+Inf,,2500.0
1735689840,http_request_duration_seconds_count,api,a,prod,,,,2500.0
1735689840,http_request_duration_seconds_sum,api,a,prod,,,,300.0
1735689840,app_active_sessions,api,b,prod,,,,16.0
1735689840,queue_depth,api,b,prod,,,,12.0
1735689840,up,api,b,prod,,,,1.0
1735689840,http_requests_total,api,b,prod,200,,,2722.5
1735689840,http_requests_total,api,b,prod,500,,,27.5
1735689840,http_request_duration_seconds_bucket,api,b,prod,,0.1,,1787.5
1735689840,http_request_duration_seconds_bucket,api,b,prod,,0.25,,2420.0
1735689840,http_request_duration_seconds_bucket,api,b,prod,,0.5,,2667.5
1735689840,http_request_duration_seconds_bucket,api,b,prod,,1.0,,2736.25
1735689840,http_request_duration_seconds_bucket,api,b,prod,,+Inf,,2750.0
1735689840,http_request_duration_seconds_count,api,b,prod,,,,2750.0
1735689840,http_request_duration_seconds_sum,api,b,prod,,,,330.0
1735689840,service_info,web,,prod,,,experience,1.0
1735689840,app_active_sessions,web,a,prod,,,,9.0
1735689840,queue_depth,web,a,prod,,,,5.0
1735689840,up,web,a,prod,,,,1.0
1735689840,http_requests_total,web,a,prod,200,,,1485.0
1735689840,http_requests_total,web,a,prod,500,,,15.0
1735689840,http_request_duration_seconds_bucket,web,a,prod,,0.1,,975.0
1735689840,http_request_duration_seconds_bucket,web,a,prod,,0.25,,1320.0
1735689840,http_request_duration_seconds_bucket,web,a,prod,,0.5,,1455.0
1735689840,http_request_duration_seconds_bucket,web,a,prod,,1.0,,1492.5
1735689840,http_request_duration_seconds_bucket,web,a,prod,,+Inf,,1500.0
1735689840,http_request_duration_seconds_count,web,a,prod,,,,1500.0
1735689840,http_request_duration_seconds_sum,web,a,prod,,,,180.0
1735689840,app_active_sessions,web,b,prod,,,,12.0
1735689840,queue_depth,web,b,prod,,,,8.0
1735689840,up,web,b,prod,,,,1.0
1735689840,http_requests_total,web,b,prod,200,,,1732.5
1735689840,http_requests_total,web,b,prod,500,,,17.5
1735689840,http_request_duration_seconds_bucket,web,b,prod,,0.1,,1137.5
1735689840,http_request_duration_seconds_bucket,web,b,prod,,0.25,,1540.0
1735689840,http_request_duration_seconds_bucket,web,b,prod,,0.5,,1697.5
1735689840,http_request_duration_seconds_bucket,web,b,prod,,1.0,,1741.25
1735689840,http_request_duration_seconds_bucket,web,b,prod,,+Inf,,1750.0
1735689840,http_request_duration_seconds_count,web,b,prod,,,,1750.0
1735689840,http_request_duration_seconds_sum,web,b,prod,,,,210.0
1735689870,service_info,api,,prod,,,platform,1.0
1735689870,app_active_sessions,api,a,prod,,,,13.0
1735689870,queue_depth,api,a,prod,,,,9.0
1735689870,up,api,a,prod,,,,1.0
1735689870,http_requests_total,api,a,prod,200,,,2772.0
1735689870,http_requests_total,api,a,prod,500,,,28.0
1735689870,http_request_duration_seconds_bucket,api,a,prod,,0.1,,1820.0
1735689870,http_request_duration_seconds_bucket,api,a,prod,,0.25,,2464.0
1735689870,http_request_duration_seconds_bucket,api,a,prod,,0.5,,2716.0
1735689870,http_request_duration_seconds_bucket,api,a,prod,,1.0,,2786.0
1735689870,http_request_duration_seconds_bucket,api,a,prod,,+Inf,,2800.0
1735689870,http_request_duration_seconds_count,api,a,prod,,,,2800.0
1735689870,http_request_duration_seconds_sum,api,a,prod,,,,336.0
1735689870,app_active_sessions,api,b,prod,,,,16.0
1735689870,queue_depth,api,b,prod,,,,12.0
1735689870,up,api,b,prod,,,,1.0
1735689870,http_requests_total,api,b,prod,200,,,3049.2
1735689870,http_requests_total,api,b,prod,500,,,30.8
1735689870,http_request_duration_seconds_bucket,api,b,prod,,0.1,,2002.0
1735689870,http_request_duration_seconds_bucket,api,b,prod,,0.25,,2710.4
1735689870,http_request_duration_seconds_bucket,api,b,prod,,0.5,,2987.6
1735689870,http_request_duration_seconds_bucket,api,b,prod,,1.0,,3064.6
1735689870,http_request_duration_seconds_bucket,api,b,prod,,+Inf,,3080.0
1735689870,http_request_duration_seconds_count,api,b,prod,,,,3080.0
1735689870,http_request_duration_seconds_sum,api,b,prod,,,,369.59999999999997
1735689870,service_info,web,,prod,,,experience,1.0
1735689870,app_active_sessions,web,a,prod,,,,9.0
1735689870,queue_depth,web,a,prod,,,,5.0
1735689870,up,web,a,prod,,,,1.0
1735689870,http_requests_total,web,a,prod,200,,,1663.2
1735689870,http_requests_total,web,a,prod,500,,,16.8
1735689870,http_request_duration_seconds_bucket,web,a,prod,,0.1,,1092.0
1735689870,http_request_duration_seconds_bucket,web,a,prod,,0.25,,1478.4
1735689870,http_request_duration_seconds_bucket,web,a,prod,,0.5,,1629.6
1735689870,http_request_duration_seconds_bucket,web,a,prod,,1.0,,1671.6
1735689870,http_request_duration_seconds_bucket,web,a,prod,,+Inf,,1680.0
1735689870,http_request_duration_seconds_count,web,a,prod,,,,1680.0
1735689870,http_request_duration_seconds_sum,web,a,prod,,,,201.6
1735689870,app_active_sessions,web,b,prod,,,,12.0
1735689870,queue_depth,web,b,prod,,,,8.0
1735689870,up,web,b,prod,,,,1.0
1735689870,http_requests_total,web,b,prod,200,,,1940.4
1735689870,http_requests_total,web,b,prod,500,,,19.6
1735689870,http_request_duration_seconds_bucket,web,b,prod,,0.1,,1274.0
1735689870,http_request_duration_seconds_bucket,web,b,prod,,0.25,,1724.8
1735689870,http_request_duration_seconds_bucket,web,b,prod,,0.5,,1901.2
1735689870,http_request_duration_seconds_bucket,web,b,prod,,1.0,,1950.2
1735689870,http_request_duration_seconds_bucket,web,b,prod,,+Inf,,1960.0
1735689870,http_request_duration_seconds_count,web,b,prod,,,,1960.0
1735689870,http_request_duration_seconds_sum,web,b,prod,,,,235.2
1735689900,service_info,api,,prod,,,platform,1.0
1735689900,app_active_sessions,api,a,prod,,,,13.0
1735689900,queue_depth,api,a,prod,,,,9.0
1735689900,up,api,a,prod,,,,1.0
1735689900,http_requests_total,api,a,prod,200,,,3069.0
1735689900,http_requests_total,api,a,prod,500,,,31.0
1735689900,http_request_duration_seconds_bucket,api,a,prod,,0.1,,2015.0
1735689900,http_request_duration_seconds_bucket,api,a,prod,,0.25,,2728.0
1735689900,http_request_duration_seconds_bucket,api,a,prod,,0.5,,3007.0
1735689900,http_request_duration_seconds_bucket,api,a,prod,,1.0,,3084.5
1735689900,http_request_duration_seconds_bucket,api,a,prod,,+Inf,,3100.0
1735689900,http_request_duration_seconds_count,api,a,prod,,,,3100.0
1735689900,http_request_duration_seconds_sum,api,a,prod,,,,372.0
1735689900,app_active_sessions,api,b,prod,,,,16.0
1735689900,queue_depth,api,b,prod,,,,12.0
1735689900,up,api,b,prod,,,,1.0
1735689900,http_requests_total,api,b,prod,200,,,3375.9
1735689900,http_requests_total,api,b,prod,500,,,34.1
1735689900,http_request_duration_seconds_bucket,api,b,prod,,0.1,,2216.5
1735689900,http_request_duration_seconds_bucket,api,b,prod,,0.25,,3000.8
1735689900,http_request_duration_seconds_bucket,api,b,prod,,0.5,,3307.7
1735689900,http_request_duration_seconds_bucket,api,b,prod,,1.0,,3392.95
1735689900,http_request_duration_seconds_bucket,api,b,prod,,+Inf,,3410.0
1735689900,http_request_duration_seconds_count,api,b,prod,,,,3410.0
1735689900,http_request_duration_seconds_sum,api,b,prod,,,,409.2
1735689900,service_info,web,,prod,,,experience,1.0
1735689900,app_active_sessions,web,a,prod,,,,9.0
1735689900,queue_depth,web,a,prod,,,,5.0
1735689900,up,web,a,prod,,,,1.0
1735689900,http_requests_total,web,a,prod,200,,,1841.4
1735689900,http_requests_total,web,a,prod,500,,,18.6
1735689900,http_request_duration_seconds_bucket,web,a,prod,,0.1,,1209.0
1735689900,http_request_duration_seconds_bucket,web,a,prod,,0.25,,1636.8
1735689900,http_request_duration_seconds_bucket,web,a,prod,,0.5,,1804.2
1735689900,http_request_duration_seconds_bucket,web,a,prod,,1.0,,1850.7
1735689900,http_request_duration_seconds_bucket,web,a,prod,,+Inf,,1860.0
1735689900,http_request_duration_seconds_count,web,a,prod,,,,1860.0
1735689900,http_request_duration_seconds_sum,web,a,prod,,,,223.2
1735689900,app_active_sessions,web,b,prod,,,,12.0
1735689900,queue_depth,web,b,prod,,,,8.0
1735689900,up,web,b,prod,,,,1.0
1735689900,http_requests_total,web,b,prod,200,,,2148.3
1735689900,http_requests_total,web,b,prod,500,,,21.7
1735689900,http_request_duration_seconds_bucket,web,b,prod,,0.1,,1410.5
1735689900,http_request_duration_seconds_bucket,web,b,prod,,0.25,,1909.6
1735689900,http_request_duration_seconds_bucket,web,b,prod,,0.5,,2104.9
1735689900,http_request_duration_seconds_bucket,web,b,prod,,1.0,,2159.15
1735689900,http_request_duration_seconds_bucket,web,b,prod,,+Inf,,2170.0
1735689900,http_request_duration_seconds_count,web,b,prod,,,,2170.0
1735689900,http_request_duration_seconds_sum,web,b,prod,,,,260.4
1735689930,service_info,api,,prod,,,platform,1.0
1735689930,app_active_sessions,api,a,prod,,,,13.0
1735689930,queue_depth,api,a,prod,,,,9.0
1735689930,up,api,a,prod,,,,1.0
1735689930,http_requests_total,api,a,prod,200,,,3366.0
1735689930,http_requests_total,api,a,prod,500,,,34.0
1735689930,http_request_duration_seconds_bucket,api,a,prod,,0.1,,2210.0
1735689930,http_request_duration_seconds_bucket,api,a,prod,,0.25,,2992.0
1735689930,http_request_duration_seconds_bucket,api,a,prod,,0.5,,3298.0
1735689930,http_request_duration_seconds_bucket,api,a,prod,,1.0,,3383.0
1735689930,http_request_duration_seconds_bucket,api,a,prod,,+Inf,,3400.0
1735689930,http_request_duration_seconds_count,api,a,prod,,,,3400.0
1735689930,http_request_duration_seconds_sum,api,a,prod,,,,408.0
1735689930,app_active_sessions,api,b,prod,,,,16.0
1735689930,queue_depth,api,b,prod,,,,12.0
1735689930,up,api,b,prod,,,,1.0
1735689930,http_requests_total,api,b,prod,200,,,3702.6
1735689930,http_requests_total,api,b,prod,500,,,37.4
1735689930,http_request_duration_seconds_bucket,api,b,prod,,0.1,,2431.0
1735689930,http_request_duration_seconds_bucket,api,b,prod,,0.25,,3291.2
1735689930,http_request_duration_seconds_bucket,api,b,prod,,0.5,,3627.7999999999997
1735689930,http_request_duration_seconds_bucket,api,b,prod,,1.0,,3721.3
1735689930,http_request_duration_seconds_bucket,api,b,prod,,+Inf,,3740.0
1735689930,http_request_duration_seconds_count,api,b,prod,,,,3740.0
1735689930,http_request_duration_seconds_sum,api,b,prod,,,,448.8
1735689930,service_info,web,,prod,,,experience,1.0
1735689930,app_active_sessions,web,a,prod,,,,9.0
1735689930,queue_depth,web,a,prod,,,,5.0
1735689930,up,web,a,prod,,,,1.0
1735689930,http_requests_total,web,a,prod,200,,,2019.6
1735689930,http_requests_total,web,a,prod,500,,,20.400000000000002
1735689930,http_request_duration_seconds_bucket,web,a,prod,,0.1,,1326.0
1735689930,http_request_duration_seconds_bucket,web,a,prod,,0.25,,1795.2
1735689930,http_request_duration_seconds_bucket,web,a,prod,,0.5,,1978.8
1735689930,http_request_duration_seconds_bucket,web,a,prod,,1.0,,2029.8
1735689930,http_request_duration_seconds_bucket,web,a,prod,,+Inf,,2040.0
1735689930,http_request_duration_seconds_count,web,a,prod,,,,2040.0
1735689930,http_request_duration_seconds_sum,web,a,prod,,,,244.79999999999998
1735689930,app_active_sessions,web,b,prod,,,,12.0
1735689930,queue_depth,web,b,prod,,,,8.0
1735689930,up,web,b,prod,,,,1.0
1735689930,http_requests_total,web,b,prod,200,,,2356.2
1735689930,http_requests_total,web,b,prod,500,,,23.8
1735689930,http_request_duration_seconds_bucket,web,b,prod,,0.1,,1547.0
1735689930,http_request_duration_seconds_bucket,web,b,prod,,0.25,,2094.4
1735689930,http_request_duration_seconds_bucket,web,b,prod,,0.5,,2308.6
1735689930,http_request_duration_seconds_bucket,web,b,prod,,1.0,,2368.1
1735689930,http_request_duration_seconds_bucket,web,b,prod,,+Inf,,2380.0
1735689930,http_request_duration_seconds_count,web,b,prod,,,,2380.0
1735689930,http_request_duration_seconds_sum,web,b,prod,,,,285.59999999999997
1735689960,service_info,api,,prod,,,platform,1.0
1735689960,app_active_sessions,api,a,prod,,,,13.0
1735689960,queue_depth,api,a,prod,,,,9.0
1735689960,up,api,a,prod,,,,1.0
1735689960,http_requests_total,api,a,prod,200,,,3663.0
1735689960,http_requests_total,api,a,prod,500,,,37.0
1735689960,http_request_duration_seconds_bucket,api,a,prod,,0.1,,2405.0
1735689960,http_request_duration_seconds_bucket,api,a,prod,,0.25,,3256.0
1735689960,http_request_duration_seconds_bucket,api,a,prod,,0.5,,3589.0
1735689960,http_request_duration_seconds_bucket,api,a,prod,,1.0,,3681.5
1735689960,http_request_duration_seconds_bucket,api,a,prod,,+Inf,,3700.0
1735689960,http_request_duration_seconds_count,api,a,prod,,,,3700.0
1735689960,http_request_duration_seconds_sum,api,a,prod,,,,444.0
1735689960,app_active_sessions,api,b,prod,,,,16.0
1735689960,queue_depth,api,b,prod,,,,12.0
1735689960,up,api,b,prod,,,,1.0
1735689960,http_requests_total,api,b,prod,200,,,4029.3
1735689960,http_requests_total,api,b,prod,500,,,40.7
1735689960,http_request_duration_seconds_bucket,api,b,prod,,0.1,,2645.5
1735689960,http_request_duration_seconds_bucket,api,b,prod,,0.25,,3581.6
1735689960,http_request_duration_seconds_bucket,api,b,prod,,0.5,,3947.9
1735689960,http_request_duration_seconds_bucket,api,b,prod,,1.0,,4049.65
1735689960,http_request_duration_seconds_bucket,api,b,prod,,+Inf,,4070.0
1735689960,http_request_duration_seconds_count,api,b,prod,,,,4070.0
1735689960,http_request_duration_seconds_sum,api,b,prod,,,,488.4
1735689960,service_info,web,,prod,,,experience,1.0
1735689960,app_active_sessions,web,a,prod,,,,9.0
1735689960,queue_depth,web,a,prod,,,,5.0
1735689960,up,web,a,prod,,,,1.0
1735689960,http_requests_total,web,a,prod,200,,,2197.8
1735689960,http_requests_total,web,a,prod,500,,,22.2
1735689960,http_request_duration_seconds_bucket,web,a,prod,,0.1,,1443.0
1735689960,http_request_duration_seconds_bucket,web,a,prod,,0.25,,1953.6
1735689960,http_request_duration_seconds_bucket,web,a,prod,,0.5,,2153.4
1735689960,http_request_duration_seconds_bucket,web,a,prod,,1.0,,2208.9
1735689960,http_request_duration_seconds_bucket,web,a,prod,,+Inf,,2220.0
1735689960,http_request_duration_seconds_count,web,a,prod,,,,2220.0
1735689960,http_request_duration_seconds_sum,web,a,prod,,,,266.4
1735689960,app_active_sessions,web,b,prod,,,,12.0
1735689960,queue_depth,web,b,prod,,,,8.0
1735689960,up,web,b,prod,,,,1.0
1735689960,http_requests_total,web,b,prod,200,,,2564.1
1735689960,http_requests_total,web,b,prod,500,,,25.900000000000002
1735689960,http_request_duration_seconds_bucket,web,b,prod,,0.1,,1683.5
1735689960,http_request_duration_seconds_bucket,web,b,prod,,0.25,,2279.2
1735689960,http_request_duration_seconds_bucket,web,b,prod,,0.5,,2512.2999999999997
1735689960,http_request_duration_seconds_bucket,web,b,prod,,1.0,,2577.05
1735689960,http_request_duration_seconds_bucket,web,b,prod,,+Inf,,2590.0
1735689960,http_request_duration_seconds_count,web,b,prod,,,,2590.0
1735689960,http_request_duration_seconds_sum,web,b,prod,,,,310.8
1735689990,service_info,api,,prod,,,platform,1.0
1735689990,app_active_sessions,api,a,prod,,,,12.0
1735689990,queue_depth,api,a,prod,,,,8.0
1735689990,up,api,a,prod,,,,1.0
1735689990,http_requests_total,api,a,prod,200,,,3960.0
1735689990,http_requests_total,api,a,prod,500,,,40.0
1735689990,http_request_duration_seconds_bucket,api,a,prod,,0.1,,2600.0
1735689990,http_request_duration_seconds_bucket,api,a,prod,,0.25,,3520.0
1735689990,http_request_duration_seconds_bucket,api,a,prod,,0.5,,3880.0
1735689990,http_request_duration_seconds_bucket,api,a,prod,,1.0,,3980.0
1735689990,http_request_duration_seconds_bucket,api,a,prod,,+Inf,,4000.0
1735689990,http_request_duration_seconds_count,api,a,prod,,,,4000.0
1735689990,http_request_duration_seconds_sum,api,a,prod,,,,480.0
1735689990,app_active_sessions,api,b,prod,,,,15.0
1735689990,queue_depth,api,b,prod,,,,11.0
1735689990,up,api,b,prod,,,,1.0
1735689990,http_requests_total,api,b,prod,200,,,4356.0
1735689990,http_requests_total,api,b,prod,500,,,44.0
1735689990,http_request_duration_seconds_bucket,api,b,prod,,0.1,,2860.0
1735689990,http_request_duration_seconds_bucket,api,b,prod,,0.25,,3872.0
1735689990,http_request_duration_seconds_bucket,api,b,prod,,0.5,,4268.0
1735689990,http_request_duration_seconds_bucket,api,b,prod,,1.0,,4378.0
1735689990,http_request_duration_seconds_bucket,api,b,prod,,+Inf,,4400.0
1735689990,http_request_duration_seconds_count,api,b,prod,,,,4400.0
1735689990,http_request_duration_seconds_sum,api,b,prod,,,,528.0
1735689990,service_info,web,,prod,,,experience,1.0
1735689990,app_active_sessions,web,a,prod,,,,8.0
1735689990,queue_depth,web,a,prod,,,,4.0
1735689990,up,web,a,prod,,,,1.0
1735689990,http_requests_total,web,a,prod,200,,,2376.0
1735689990,http_requests_total,web,a,prod,500,,,24.0
1735689990,http_request_duration_seconds_bucket,web,a,prod,,0.1,,1560.0
1735689990,http_request_duration_seconds_bucket,web,a,prod,,0.25,,2112.0
1735689990,http_request_duration_seconds_bucket,web,a,prod,,0.5,,2328.0
1735689990,http_request_duration_seconds_bucket,web,a,prod,,1.0,,2388.0
1735689990,http_request_duration_seconds_bucket,web,a,prod,,+Inf,,2400.0
1735689990,http_request_duration_seconds_count,web,a,prod,,,,2400.0
1735689990,http_request_duration_seconds_sum,web,a,prod,,,,288.0
1735689990,app_active_sessions,web,b,prod,,,,11.0
1735689990,queue_depth,web,b,prod,,,,7.0
1735689990,up,web,b,prod,,,,1.0
1735689990,http_requests_total,web,b,prod,200,,,2772.0
1735689990,http_requests_total,web,b,prod,500,,,28.0
1735689990,http_request_duration_seconds_bucket,web,b,prod,,0.1,,1820.0
1735689990,http_request_duration_seconds_bucket,web,b,prod,,0.25,,2464.0
1735689990,http_request_duration_seconds_bucket,web,b,prod,,0.5,,2716.0
1735689990,http_request_duration_seconds_bucket,web,b,prod,,1.0,,2786.0
1735689990,http_request_duration_seconds_bucket,web,b,prod,,+Inf,,2800.0
1735689990,http_request_duration_seconds_count,web,b,prod,,,,2800.0
1735689990,http_request_duration_seconds_sum,web,b,prod,,,,336.0
1735690020,service_info,api,,prod,,,platform,1.0
1735690020,app_active_sessions,api,a,prod,,,,12.0
1735690020,queue_depth,api,a,prod,,,,8.0
1735690020,up,api,a,prod,,,,1.0
1735690020,http_requests_total,api,a,prod,200,,,4257.0
1735690020,http_requests_total,api,a,prod,500,,,43.0
1735690020,http_request_duration_seconds_bucket,api,a,prod,,0.1,,2795.0
1735690020,http_request_duration_seconds_bucket,api,a,prod,,0.25,,3784.0
1735690020,http_request_duration_seconds_bucket,api,a,prod,,0.5,,4171.0
1735690020,http_request_duration_seconds_bucket,api,a,prod,,1.0,,4278.5
1735690020,http_request_duration_seconds_bucket,api,a,prod,,+Inf,,4300.0
1735690020,http_request_duration_seconds_count,api,a,prod,,,,4300.0
1735690020,http_request_duration_seconds_sum,api,a,prod,,,,516.0
1735690020,app_active_sessions,api,b,prod,,,,15.0
1735690020,queue_depth,api,b,prod,,,,11.0
1735690020,up,api,b,prod,,,,1.0
1735690020,http_requests_total,api,b,prod,200,,,4682.7
1735690020,http_requests_total,api,b,prod,500,,,47.300000000000004
1735690020,http_request_duration_seconds_bucket,api,b,prod,,0.1,,3074.5
1735690020,http_request_duration_seconds_bucket,api,b,prod,,0.25,,4162.4
1735690020,http_request_duration_seconds_bucket,api,b,prod,,0.5,,4588.099999999999
1735690020,http_request_duration_seconds_bucket,api,b,prod,,1.0,,4706.35
1735690020,http_request_duration_seconds_bucket,api,b,prod,,+Inf,,4730.0
1735690020,http_request_duration_seconds_count,api,b,prod,,,,4730.0
1735690020,http_request_duration_seconds_sum,api,b,prod,,,,567.6
1735690020,service_info,web,,prod,,,experience,1.0
1735690020,app_active_sessions,web,a,prod,,,,8.0
1735690020,queue_depth,web,a,prod,,,,4.0
1735690020,up,web,a,prod,,,,1.0
1735690020,http_requests_total,web,a,prod,200,,,2554.2
1735690020,http_requests_total,web,a,prod,500,,,25.8
1735690020,http_request_duration_seconds_bucket,web,a,prod,,0.1,,1677.0
1735690020,http_request_duration_seconds_bucket,web,a,prod,,0.25,,2270.4
1735690020,http_request_duration_seconds_bucket,web,a,prod,,0.5,,2502.6
1735690020,http_request_duration_seconds_bucket,web,a,prod,,1.0,,2567.1
1735690020,http_request_duration_seconds_bucket,web,a,prod,,+Inf,,2580.0
1735690020,http_request_duration_seconds_count,web,a,prod,,,,2580.0
1735690020,http_request_duration_seconds_sum,web,a,prod,,,,309.59999999999997
1735690020,app_active_sessions,web,b,prod,,,,11.0
1735690020,queue_depth,web,b,prod,,,,7.0
1735690020,up,web,b,prod,,,,1.0
1735690020,http_requests_total,web,b,prod,200,,,2979.9
1735690020,http_requests_total,web,b,prod,500,,,30.1
1735690020,http_request_duration_seconds_bucket,web,b,prod,,0.1,,1956.5
1735690020,http_request_duration_seconds_bucket,web,b,prod,,0.25,,2648.8
1735690020,http_request_duration_seconds_bucket,web,b,prod,,0.5,,2919.7
1735690020,http_request_duration_seconds_bucket,web,b,prod,,1.0,,2994.95
1735690020,http_request_duration_seconds_bucket,web,b,prod,,+Inf,,3010.0
1735690020,http_request_duration_seconds_count,web,b,prod,,,,3010.0
1735690020,http_request_duration_seconds_sum,web,b,prod,,,,361.2
1735690050,service_info,api,,prod,,,platform,1.0
1735690050,app_active_sessions,api,a,prod,,,,12.0
1735690050,queue_depth,api,a,prod,,,,8.0
1735690050,up,api,a,prod,,,,1.0
1735690050,http_requests_total,api,a,prod,200,,,4554.0
1735690050,http_requests_total,api,a,prod,500,,,46.0
1735690050,http_request_duration_seconds_bucket,api,a,prod,,0.1,,2990.0
1735690050,http_request_duration_seconds_bucket,api,a,prod,,0.25,,4048.0
1735690050,http_request_duration_seconds_bucket,api,a,prod,,0.5,,4462.0
1735690050,http_request_duration_seconds_bucket,api,a,prod,,1.0,,4577.0
1735690050,http_request_duration_seconds_bucket,api,a,prod,,+Inf,,4600.0
1735690050,http_request_duration_seconds_count,api,a,prod,,,,4600.0
1735690050,http_request_duration_seconds_sum,api,a,prod,,,,552.0
1735690050,app_active_sessions,api,b,prod,,,,15.0
1735690050,queue_depth,api,b,prod,,,,11.0
1735690050,up,api,b,prod,,,,1.0
1735690050,http_requests_total,api,b,prod,200,,,5009.4
1735690050,http_requests_total,api,b,prod,500,,,50.6
1735690050,http_request_duration_seconds_bucket,api,b,prod,,0.1,,3289.0
1735690050,http_request_duration_seconds_bucket,api,b,prod,,0.25,,4452.8
1735690050,http_request_duration_seconds_bucket,api,b,prod,,0.5,,4908.2
1735690050,http_request_duration_seconds_bucket,api,b,prod,,1.0,,5034.7
1735690050,http_request_duration_seconds_bucket,api,b,prod,,+Inf,,5060.0
1735690050,http_request_duration_seconds_count,api,b,prod,,,,5060.0
1735690050,http_request_duration_seconds_sum,api,b,prod,,,,607.1999999999999
1735690050,service_info,web,,prod,,,experience,1.0
1735690050,app_active_sessions,web,a,prod,,,,8.0
1735690050,queue_depth,web,a,prod,,,,4.0
1735690050,up,web,a,prod,,,,1.0
1735690050,http_requests_total,web,a,prod,200,,,2732.4
1735690050,http_requests_total,web,a,prod,500,,,27.6
1735690050,http_request_duration_seconds_bucket,web,a,prod,,0.1,,1794.0
1735690050,http_request_duration_seconds_bucket,web,a,prod,,0.25,,2428.8
1735690050,http_request_duration_seconds_bucket,web,a,prod,,0.5,,2677.2
1735690050,http_request_duration_seconds_bucket,web,a,prod,,1.0,,2746.2
1735690050,http_request_duration_seconds_bucket,web,a,prod,,+Inf,,2760.0
1735690050,http_request_duration_seconds_count,web,a,prod,,,,2760.0
1735690050,http_request_duration_seconds_sum,web,a,prod,,,,331.2
1735690050,app_active_sessions,web,b,prod,,,,11.0
1735690050,queue_depth,web,b,prod,,,,7.0
1735690050,up,web,b,prod,,,,1.0
1735690050,http_requests_total,web,b,prod,200,,,3187.8
1735690050,http_requests_total,web,b,prod,500,,,32.2
1735690050,http_request_duration_seconds_bucket,web,b,prod,,0.1,,2093.0
1735690050,http_request_duration_seconds_bucket,web,b,prod,,0.25,,2833.6
1735690050,http_request_duration_seconds_bucket,web,b,prod,,0.5,,3123.4
1735690050,http_request_duration_seconds_bucket,web,b,prod,,1.0,,3203.9
1735690050,http_request_duration_seconds_bucket,web,b,prod,,+Inf,,3220.0
1735690050,http_request_duration_seconds_count,web,b,prod,,,,3220.0
1735690050,http_request_duration_seconds_sum,web,b,prod,,,,386.4
1735690080,service_info,api,,prod,,,platform,1.0
1735690080,app_active_sessions,api,a,prod,,,,11.0
1735690080,queue_depth,api,a,prod,,,,7.0
1735690080,up,api,a,prod,,,,1.0
1735690080,http_requests_total,api,a,prod,200,,,4851.0
1735690080,http_requests_total,api,a,prod,500,,,49.0
1735690080,http_request_duration_seconds_bucket,api,a,prod,,0.1,,3185.0
1735690080,http_request_duration_seconds_bucket,api,a,prod,,0.25,,4312.0
1735690080,http_request_duration_seconds_bucket,api,a,prod,,0.5,,4753.0
1735690080,http_request_duration_seconds_bucket,api,a,prod,,1.0,,4875.5
1735690080,http_request_duration_seconds_bucket,api,a,prod,,+Inf,,4900.0
1735690080,http_request_duration_seconds_count,api,a,prod,,,,4900.0
1735690080,http_request_duration_seconds_sum,api,a,prod,,,,588.0
1735690080,app_active_sessions,api,b,prod,,,,14.0
1735690080,queue_depth,api,b,prod,,,,10.0
1735690080,up,api,b,prod,,,,1.0
1735690080,http_requests_total,api,b,prod,200,,,5336.1
1735690080,http_requests_total,api,b,prod,500,,,53.9
1735690080,http_request_duration_seconds_bucket,api,b,prod,,0.1,,3503.5
1735690080,http_request_duration_seconds_bucket,api,b,prod,,0.25,,4743.2
1735690080,http_request_duration_seconds_bucket,api,b,prod,,0.5,,5228.3
1735690080,http_request_duration_seconds_bucket,api,b,prod,,1.0,,5363.05
1735690080,http_request_duration_seconds_bucket,api,b,prod,,+Inf,,5390.0
1735690080,http_request_duration_seconds_count,api,b,prod,,,,5390.0
1735690080,http_request_duration_seconds_sum,api,b,prod,,,,646.8
1735690080,service_info,web,,prod,,,experience,1.0
1735690080,app_active_sessions,web,a,prod,,,,7.0
1735690080,queue_depth,web,a,prod,,,,3.0
1735690080,up,web,a,prod,,,,1.0
1735690080,http_requests_total,web,a,prod,200,,,2910.6
1735690080,http_requests_total,web,a,prod,500,,,29.400000000000002
1735690080,http_request_duration_seconds_bucket,web,a,prod,,0.1,,1911.0
1735690080,http_request_duration_seconds_bucket,web,a,prod,,0.25,,2587.2
1735690080,http_request_duration_seconds_bucket,web,a,prod,,0.5,,2851.7999999999997
1735690080,http_request_duration_seconds_bucket,web,a,prod,,1.0,,2925.3
1735690080,http_request_duration_seconds_bucket,web,a,prod,,+Inf,,2940.0
1735690080,http_request_duration_seconds_count,web,a,prod,,,,2940.0
1735690080,http_request_duration_seconds_sum,web,a,prod,,,,352.8
1735690080,app_active_sessions,web,b,prod,,,,10.0
1735690080,queue_depth,web,b,prod,,,,6.0
1735690080,up,web,b,prod,,,,1.0
1735690080,http_requests_total,web,b,prod,200,,,3395.7
1735690080,http_requests_total,web,b,prod,500,,,34.300000000000004
1735690080,http_request_duration_seconds_bucket,web,b,prod,,0.1,,2229.5
1735690080,http_request_duration_seconds_bucket,web,b,prod,,0.25,,3018.4
1735690080,http_request_duration_seconds_bucket,web,b,prod,,0.5,,3327.1
1735690080,http_request_duration_seconds_bucket,web,b,prod,,1.0,,3412.85
1735690080,http_request_duration_seconds_bucket,web,b,prod,,+Inf,,3430.0
1735690080,http_request_duration_seconds_count,web,b,prod,,,,3430.0
1735690080,http_request_duration_seconds_sum,web,b,prod,,,,411.59999999999997
1735690110,service_info,api,,prod,,,platform,1.0
1735690110,app_active_sessions,api,a,prod,,,,11.0
1735690110,queue_depth,api,a,prod,,,,7.0
1735690110,up,api,a,prod,,,,1.0
1735690110,http_requests_total,api,a,prod,200,,,5148.0
1735690110,http_requests_total,api,a,prod,500,,,52.0
1735690110,http_request_duration_seconds_bucket,api,a,prod,,0.1,,3380.0
1735690110,http_request_duration_seconds_bucket,api,a,prod,,0.25,,4576.0
1735690110,http_request_duration_seconds_bucket,api,a,prod,,0.5,,5044.0
1735690110,http_request_duration_seconds_bucket,api,a,prod,,1.0,,5174.0
1735690110,http_request_duration_seconds_bucket,api,a,prod,,+Inf,,5200.0
1735690110,http_request_duration_seconds_count,api,a,prod,,,,5200.0
1735690110,http_request_duration_seconds_sum,api,a,prod,,,,624.0
1735690110,app_active_sessions,api,b,prod,,,,14.0
1735690110,queue_depth,api,b,prod,,,,10.0
1735690110,up,api,b,prod,,,,1.0
1735690110,http_requests_total,api,b,prod,200,,,5662.8
1735690110,http_requests_total,api,b,prod,500,,,57.2
1735690110,http_request_duration_seconds_bucket,api,b,prod,,0.1,,3718.0
1735690110,http_request_duration_seconds_bucket,api,b,prod,,0.25,,5033.6
1735690110,http_request_duration_seconds_bucket,api,b,prod,,0.5,,5548.4
1735690110,http_request_duration_seconds_bucket,api,b,prod,,1.0,,5691.4
1735690110,http_request_duration_seconds_bucket,api,b,prod,,+Inf,,5720.0
1735690110,http_request_duration_seconds_count,api,b,prod,,,,5720.0
1735690110,http_request_duration_seconds_sum,api,b,prod,,,,686.4
1735690110,service_info,web,,prod,,,experience,1.0
1735690110,app_active_sessions,web,a,prod,,,,7.0
1735690110,queue_depth,web,a,prod,,,,3.0
1735690110,up,web,a,prod,,,,1.0
1735690110,http_requests_total,web,a,prod,200,,,3088.8
1735690110,http_requests_total,web,a,prod,500,,,31.2
1735690110,http_request_duration_seconds_bucket,web,a,prod,,0.1,,2028.0
1735690110,http_request_duration_seconds_bucket,web,a,prod,,0.25,,2745.6
1735690110,http_request_duration_seconds_bucket,web,a,prod,,0.5,,3026.4
1735690110,http_request_duration_seconds_bucket,web,a,prod,,1.0,,3104.4
1735690110,http_request_duration_seconds_bucket,web,a,prod,,+Inf,,3120.0
1735690110,http_request_duration_seconds_count,web,a,prod,,,,3120.0
1735690110,http_request_duration_seconds_sum,web,a,prod,,,,374.4
1735690110,app_active_sessions,web,b,prod,,,,10.0
1735690110,queue_depth,web,b,prod,,,,6.0
1735690110,up,web,b,prod,,,,1.0
1735690110,http_requests_total,web,b,prod,200,,,3603.6
1735690110,http_requests_total,web,b,prod,500,,,36.4
1735690110,http_request_duration_seconds_bucket,web,b,prod,,0.1,,2366.0
1735690110,http_request_duration_seconds_bucket,web,b,prod,,0.25,,3203.2
1735690110,http_request_duration_seconds_bucket,web,b,prod,,0.5,,3530.7999999999997
1735690110,http_request_duration_seconds_bucket,web,b,prod,,1.0,,3621.8
1735690110,http_request_duration_seconds_bucket,web,b,prod,,+Inf,,3640.0
1735690110,http_request_duration_seconds_count,web,b,prod,,,,3640.0
1735690110,http_request_duration_seconds_sum,web,b,prod,,,,436.8
1735690140,service_info,api,,prod,,,platform,1.0
1735690140,app_active_sessions,api,a,prod,,,,10.0
1735690140,queue_depth,api,a,prod,,,,6.0
1735690140,up,api,a,prod,,,,1.0
1735690140,http_requests_total,api,a,prod,200,,,5445.0
1735690140,http_requests_total,api,a,prod,500,,,55.0
1735690140,http_request_duration_seconds_bucket,api,a,prod,,0.1,,3575.0
1735690140,http_request_duration_seconds_bucket,api,a,prod,,0.25,,4840.0
1735690140,http_request_duration_seconds_bucket,api,a,prod,,0.5,,5335.0
1735690140,http_request_duration_seconds_bucket,api,a,prod,,1.0,,5472.5
1735690140,http_request_duration_seconds_bucket,api,a,prod,,+Inf,,5500.0
1735690140,http_request_duration_seconds_count,api,a,prod,,,,5500.0
1735690140,http_request_duration_seconds_sum,api,a,prod,,,,660.0
1735690140,app_active_sessions,api,b,prod,,,,13.0
1735690140,queue_depth,api,b,prod,,,,9.0
1735690140,up,api,b,prod,,,,1.0
1735690140,http_requests_total,api,b,prod,200,,,5989.5
1735690140,http_requests_total,api,b,prod,500,,,60.5
1735690140,http_request_duration_seconds_bucket,api,b,prod,,0.1,,3932.5
1735690140,http_request_duration_seconds_bucket,api,b,prod,,0.25,,5324.0
1735690140,http_request_duration_seconds_bucket,api,b,prod,,0.5,,5868.5
1735690140,http_request_duration_seconds_bucket,api,b,prod,,1.0,,6019.75
1735690140,http_request_duration_seconds_bucket,api,b,prod,,+Inf,,6050.0
1735690140,http_request_duration_seconds_count,api,b,prod,,,,6050.0
1735690140,http_request_duration_seconds_sum,api,b,prod,,,,726.0
1735690140,service_info,web,,prod,,,experience,1.0
1735690140,app_active_sessions,web,a,prod,,,,6.0
1735690140,queue_depth,web,a,prod,,,,2.0
1735690140,up,web,a,prod,,,,1.0
1735690140,http_requests_total,web,a,prod,200,,,3267.0
1735690140,http_requests_total,web,a,prod,500,,,33.0
1735690140,http_request_duration_seconds_bucket,web,a,prod,,0.1,,2145.0
1735690140,http_request_duration_seconds_bucket,web,a,prod,,0.25,,2904.0
1735690140,http_request_duration_seconds_bucket,web,a,prod,,0.5,,3201.0
1735690140,http_request_duration_seconds_bucket,web,a,prod,,1.0,,3283.5
1735690140,http_request_duration_seconds_bucket,web,a,prod,,+Inf,,3300.0
1735690140,http_request_duration_seconds_count,web,a,prod,,,,3300.0
1735690140,http_request_duration_seconds_sum,web,a,prod,,,,396.0
1735690140,app_active_sessions,web,b,prod,,,,9.0
1735690140,queue_depth,web,b,prod,,,,5.0
1735690140,up,web,b,prod,,,,1.0
1735690140,http_requests_total,web,b,prod,200,,,3811.5
1735690140,http_requests_total,web,b,prod,500,,,38.5
1735690140,http_request_duration_seconds_bucket,web,b,prod,,0.1,,2502.5
1735690140,http_request_duration_seconds_bucket,web,b,prod,,0.25,,3388.0
1735690140,http_request_duration_seconds_bucket,web,b,prod,,0.5,,3734.5
1735690140,http_request_duration_seconds_bucket,web,b,prod,,1.0,,3830.75
1735690140,http_request_duration_seconds_bucket,web,b,prod,,+Inf,,3850.0
1735690140,http_request_duration_seconds_count,web,b,prod,,,,3850.0
1735690140,http_request_duration_seconds_sum,web,b,prod,,,,462.0
1735690170,service_info,api,,prod,,,platform,1.0
1735690170,app_active_sessions,api,a,prod,,,,10.0
1735690170,queue_depth,api,a,prod,,,,6.0
1735690170,up,api,a,prod,,,,1.0
1735690170,http_requests_total,api,a,prod,200,,,5742.0
1735690170,http_requests_total,api,a,prod,500,,,58.0
1735690170,http_request_duration_seconds_bucket,api,a,prod,,0.1,,3770.0
1735690170,http_request_duration_seconds_bucket,api,a,prod,,0.25,,5104.0
1735690170,http_request_duration_seconds_bucket,api,a,prod,,0.5,,5626.0
1735690170,http_request_duration_seconds_bucket,api,a,prod,,1.0,,5771.0
1735690170,http_request_duration_seconds_bucket,api,a,prod,,+Inf,,5800.0
1735690170,http_request_duration_seconds_count,api,a,prod,,,,5800.0
1735690170,http_request_duration_seconds_sum,api,a,prod,,,,696.0
1735690170,app_active_sessions,api,b,prod,,,,13.0
1735690170,queue_depth,api,b,prod,,,,9.0
1735690170,up,api,b,prod,,,,1.0
1735690170,http_requests_total,api,b,prod,200,,,6316.2
1735690170,http_requests_total,api,b,prod,500,,,63.800000000000004
1735690170,http_request_duration_seconds_bucket,api,b,prod,,0.1,,4147.0
1735690170,http_request_duration_seconds_bucket,api,b,prod,,0.25,,5614.4
1735690170,http_request_duration_seconds_bucket,api,b,prod,,0.5,,6188.599999999999
1735690170,http_request_duration_seconds_bucket,api,b,prod,,1.0,,6348.1
1735690170,http_request_duration_seconds_bucket,api,b,prod,,+Inf,,6380.0
1735690170,http_request_duration_seconds_count,api,b,prod,,,,6380.0
1735690170,http_request_duration_seconds_sum,api,b,prod,,,,765.6
1735690170,service_info,web,,prod,,,experience,1.0
1735690170,app_active_sessions,web,a,prod,,,,6.0
1735690170,queue_depth,web,a,prod,,,,2.0
1735690170,up,web,a,prod,,,,1.0
1735690170,http_requests_total,web,a,prod,200,,,3445.2
1735690170,http_requests_total,web,a,prod,500,,,34.800000000000004
1735690170,http_request_duration_seconds_bucket,web,a,prod,,0.1,,2262.0
1735690170,http_request_duration_seconds_bucket,web,a,prod,,0.25,,3062.4
1735690170,http_request_duration_seconds_bucket,web,a,prod,,0.5,,3375.6
1735690170,http_request_duration_seconds_bucket,web,a,prod,,1.0,,3462.6
1735690170,http_request_duration_seconds_bucket,web,a,prod,,+Inf,,3480.0
1735690170,http_request_duration_seconds_count,web,a,prod,,,,3480.0
1735690170,http_request_duration_seconds_sum,web,a,prod,,,,417.59999999999997
1735690170,app_active_sessions,web,b,prod,,,,9.0
1735690170,queue_depth,web,b,prod,,,,5.0
1735690170,up,web,b,prod,,,,1.0
1735690170,http_requests_total,web,b,prod,200,,,4019.4
1735690170,http_requests_total,web,b,prod,500,,,40.6
1735690170,http_request_duration_seconds_bucket,web,b,prod,,0.1,,2639.0
1735690170,http_request_duration_seconds_bucket,web,b,prod,,0.25,,3572.8
1735690170,http_request_duration_seconds_bucket,web,b,prod,,0.5,,3938.2
1735690170,http_request_duration_seconds_bucket,web,b,prod,,1.0,,4039.7
1735690170,http_request_duration_seconds_bucket,web,b,prod,,+Inf,,4060.0
1735690170,http_request_duration_seconds_count,web,b,prod,,,,4060.0
1735690170,http_request_duration_seconds_sum,web,b,prod,,,,487.2
1735690200,service_info,api,,prod,,,platform,1.0
1735690200,app_active_sessions,api,a,prod,,,,9.0
1735690200,queue_depth,api,a,prod,,,,5.0
1735690200,up,api,a,prod,,,,1.0
1735690200,http_requests_total,api,a,prod,200,,,6039.0
1735690200,http_requests_total,api,a,prod,500,,,61.0
1735690200,http_request_duration_seconds_bucket,api,a,prod,,0.1,,3965.0
1735690200,http_request_duration_seconds_bucket,api,a,prod,,0.25,,5368.0
1735690200,http_request_duration_seconds_bucket,api,a,prod,,0.5,,5917.0
1735690200,http_request_duration_seconds_bucket,api,a,prod,,1.0,,6069.5
1735690200,http_request_duration_seconds_bucket,api,a,prod,,+Inf,,6100.0
1735690200,http_request_duration_seconds_count,api,a,prod,,,,6100.0
1735690200,http_request_duration_seconds_sum,api,a,prod,,,,732.0
1735690200,app_active_sessions,api,b,prod,,,,12.0
1735690200,queue_depth,api,b,prod,,,,8.0
1735690200,up,api,b,prod,,,,1.0
1735690200,http_requests_total,api,b,prod,200,,,6642.9
1735690200,http_requests_total,api,b,prod,500,,,67.1
1735690200,http_request_duration_seconds_bucket,api,b,prod,,0.1,,4361.5
1735690200,http_request_duration_seconds_bucket,api,b,prod,,0.25,,5904.8
1735690200,http_request_duration_seconds_bucket,api,b,prod,,0.5,,6508.7
1735690200,http_request_duration_seconds_bucket,api,b,prod,,1.0,,6676.45
1735690200,http_request_duration_seconds_bucket,api,b,prod,,+Inf,,6710.0
1735690200,http_request_duration_seconds_count,api,b,prod,,,,6710.0
1735690200,http_request_duration_seconds_sum,api,b,prod,,,,805.1999999999999
1735690200,service_info,web,,prod,,,experience,1.0
1735690200,app_active_sessions,web,a,prod,,,,5.0
1735690200,queue_depth,web,a,prod,,,,1.0
1735690200,up,web,a,prod,,,,1.0
1735690200,http_requests_total,web,a,prod,200,,,3623.4
1735690200,http_requests_total,web,a,prod,500,,,36.6
1735690200,http_request_duration_seconds_bucket,web,a,prod,,0.1,,2379.0
1735690200,http_request_duration_seconds_bucket,web,a,prod,,0.25,,3220.8
1735690200,http_request_duration_seconds_bucket,web,a,prod,,0.5,,3550.2
1735690200,http_request_duration_seconds_bucket,web,a,prod,,1.0,,3641.7
1735690200,http_request_duration_seconds_bucket,web,a,prod,,+Inf,,3660.0
1735690200,http_request_duration_seconds_count,web,a,prod,,,,3660.0
1735690200,http_request_duration_seconds_sum,web,a,prod,,,,439.2
1735690200,app_active_sessions,web,b,prod,,,,8.0
1735690200,queue_depth,web,b,prod,,,,4.0
1735690200,up,web,b,prod,,,,1.0
1735690200,http_requests_total,web,b,prod,200,,,4227.3
1735690200,http_requests_total,web,b,prod,500,,,42.7
1735690200,http_request_duration_seconds_bucket,web,b,prod,,0.1,,2775.5
1735690200,http_request_duration_seconds_bucket,web,b,prod,,0.25,,3757.6
1735690200,http_request_duration_seconds_bucket,web,b,prod,,0.5,,4141.9
1735690200,http_request_duration_seconds_bucket,web,b,prod,,1.0,,4248.65
1735690200,http_request_duration_seconds_bucket,web,b,prod,,+Inf,,4270.0
1735690200,http_request_duration_seconds_count,web,b,prod,,,,4270.0
1735690200,http_request_duration_seconds_sum,web,b,prod,,,,512.4
1735690230,service_info,api,,prod,,,platform,1.0
1735690230,app_active_sessions,api,a,prod,,,,9.0
1735690230,queue_depth,api,a,prod,,,,5.0
1735690230,up,api,a,prod,,,,1.0
1735690230,http_requests_total,api,a,prod,200,,,6336.0
1735690230,http_requests_total,api,a,prod,500,,,64.0
1735690230,http_request_duration_seconds_bucket,api,a,prod,,0.1,,4160.0
1735690230,http_request_duration_seconds_bucket,api,a,prod,,0.25,,5632.0
1735690230,http_request_duration_seconds_bucket,api,a,prod,,0.5,,6208.0
1735690230,http_request_duration_seconds_bucket,api,a,prod,,1.0,,6368.0
1735690230,http_request_duration_seconds_bucket,api,a,prod,,+Inf,,6400.0
1735690230,http_request_duration_seconds_count,api,a,prod,,,,6400.0
1735690230,http_request_duration_seconds_sum,api,a,prod,,,,768.0
1735690230,app_active_sessions,api,b,prod,,,,12.0
1735690230,queue_depth,api,b,prod,,,,8.0
1735690230,up,api,b,prod,,,,1.0
1735690230,http_requests_total,api,b,prod,200,,,6969.6
1735690230,http_requests_total,api,b,prod,500,,,70.4
1735690230,http_request_duration_seconds_bucket,api,b,prod,,0.1,,4576.0
1735690230,http_request_duration_seconds_bucket,api,b,prod,,0.25,,6195.2
1735690230,http_request_duration_seconds_bucket,api,b,prod,,0.5,,6828.8
1735690230,http_request_duration_seconds_bucket,api,b,prod,,1.0,,7004.8
1735690230,http_request_duration_seconds_bucket,api,b,prod,,+Inf,,7040.0
1735690230,http_request_duration_seconds_count,api,b,prod,,,,7040.0
1735690230,http_request_duration_seconds_sum,api,b,prod,,,,844.8
1735690230,service_info,web,,prod,,,experience,1.0
1735690230,app_active_sessions,web,a,prod,,,,5.0
1735690230,queue_depth,web,a,prod,,,,1.0
1735690230,up,web,a,prod,,,,1.0
1735690230,http_requests_total,web,a,prod,200,,,3801.6
1735690230,http_requests_total,web,a,prod,500,,,38.4
1735690230,http_request_duration_seconds_bucket,web,a,prod,,0.1,,2496.0
1735690230,http_request_duration_seconds_bucket,web,a,prod,,0.25,,3379.2
1735690230,http_request_duration_seconds_bucket,web,a,prod,,0.5,,3724.7999999999997
1735690230,http_request_duration_seconds_bucket,web,a,prod,,1.0,,3820.8
1735690230,http_request_duration_seconds_bucket,web,a,prod,,+Inf,,3840.0
1735690230,http_request_duration_seconds_count,web,a,prod,,,,3840.0
1735690230,http_request_duration_seconds_sum,web,a,prod,,,,460.79999999999995
1735690230,app_active_sessions,web,b,prod,,,,8.0
1735690230,queue_depth,web,b,prod,,,,4.0
1735690230,up,web,b,prod,,,,1.0
1735690230,http_requests_total,web,b,prod,200,,,4435.2
1735690230,http_requests_total,web,b,prod,500,,,44.800000000000004
1735690230,http_request_duration_seconds_bucket,web,b,prod,,0.1,,2912.0
1735690230,http_request_duration_seconds_bucket,web,b,prod,,0.25,,3942.4
1735690230,http_request_duration_seconds_bucket,web,b,prod,,0.5,,4345.599999999999
1735690230,http_request_duration_seconds_bucket,web,b,prod,,1.0,,4457.6
1735690230,http_request_duration_seconds_bucket,web,b,prod,,+Inf,,4480.0
1735690230,http_request_duration_seconds_count,web,b,prod,,,,4480.0
1735690230,http_request_duration_seconds_sum,web,b,prod,,,,537.6
1735690260,service_info,api,,prod,,,platform,1.0
1735690260,app_active_sessions,api,a,prod,,,,8.0
1735690260,queue_depth,api,a,prod,,,,4.0
1735690260,up,api,a,prod,,,,1.0
1735690260,http_requests_total,api,a,prod,200,,,6633.0
1735690260,http_requests_total,api,a,prod,500,,,67.0
1735690260,http_request_duration_seconds_bucket,api,a,prod,,0.1,,4355.0
1735690260,http_request_duration_seconds_bucket,api,a,prod,,0.25,,5896.0
1735690260,http_request_duration_seconds_bucket,api,a,prod,,0.5,,6499.0
1735690260,http_request_duration_seconds_bucket,api,a,prod,,1.0,,6666.5
1735690260,http_request_duration_seconds_bucket,api,a,prod,,+Inf,,6700.0
1735690260,http_request_duration_seconds_count,api,a,prod,,,,6700.0
1735690260,http_request_duration_seconds_sum,api,a,prod,,,,804.0
1735690260,app_active_sessions,api,b,prod,,,,11.0
1735690260,queue_depth,api,b,prod,,,,7.0
1735690260,up,api,b,prod,,,,1.0
1735690260,http_requests_total,api,b,prod,200,,,7296.3
1735690260,http_requests_total,api,b,prod,500,,,73.7
1735690260,http_request_duration_seconds_bucket,api,b,prod,,0.1,,4790.5
1735690260,http_request_duration_seconds_bucket,api,b,prod,,0.25,,6485.6
1735690260,http_request_duration_seconds_bucket,api,b,prod,,0.5,,7148.9
1735690260,http_request_duration_seconds_bucket,api,b,prod,,1.0,,7333.15
1735690260,http_request_duration_seconds_bucket,api,b,prod,,+Inf,,7370.0
1735690260,http_request_duration_seconds_count,api,b,prod,,,,7370.0
1735690260,http_request_duration_seconds_sum,api,b,prod,,,,884.4
1735690260,service_info,web,,prod,,,experience,1.0
1735690260,app_active_sessions,web,a,prod,,,,4.0
1735690260,queue_depth,web,a,prod,,,,0.0
1735690260,up,web,a,prod,,,,1.0
1735690260,http_requests_total,web,a,prod,200,,,3979.8
1735690260,http_requests_total,web,a,prod,500,,,40.2
1735690260,http_request_duration_seconds_bucket,web,a,prod,,0.1,,2613.0
1735690260,http_request_duration_seconds_bucket,web,a,prod,,0.25,,3537.6
1735690260,http_request_duration_seconds_bucket,web,a,prod,,0.5,,3899.4
1735690260,http_request_duration_seconds_bucket,web,a,prod,,1.0,,3999.9
1735690260,http_request_duration_seconds_bucket,web,a,prod,,+Inf,,4020.0
1735690260,http_request_duration_seconds_count,web,a,prod,,,,4020.0
1735690260,http_request_duration_seconds_sum,web,a,prod,,,,482.4
1735690260,app_active_sessions,web,b,prod,,,,7.0
1735690260,queue_depth,web,b,prod,,,,3.0
1735690260,up,web,b,prod,,,,1.0
1735690260,http_requests_total,web,b,prod,200,,,4643.1
1735690260,http_requests_total,web,b,prod,500,,,46.9
1735690260,http_request_duration_seconds_bucket,web,b,prod,,0.1,,3048.5
1735690260,http_request_duration_seconds_bucket,web,b,prod,,0.25,,4127.2
1735690260,http_request_duration_seconds_bucket,web,b,prod,,0.5,,4549.3
1735690260,http_request_duration_seconds_bucket,web,b,prod,,1.0,,4666.55
1735690260,http_request_duration_seconds_bucket,web,b,prod,,+Inf,,4690.0
1735690260,http_request_duration_seconds_count,web,b,prod,,,,4690.0
1735690260,http_request_duration_seconds_sum,web,b,prod,,,,562.8
1735690290,service_info,api,,prod,,,platform,1.0
1735690290,app_active_sessions,api,a,prod,,,,8.0
1735690290,queue_depth,api,a,prod,,,,4.0
1735690290,up,api,a,prod,,,,1.0
1735690290,http_requests_total,api,a,prod,200,,,6930.0
1735690290,http_requests_total,api,a,prod,500,,,70.0
1735690290,http_request_duration_seconds_bucket,api,a,prod,,0.1,,4550.0
1735690290,http_request_duration_seconds_bucket,api,a,prod,,0.25,,6160.0
1735690290,http_request_duration_seconds_bucket,api,a,prod,,0.5,,6790.0
1735690290,http_request_duration_seconds_bucket,api,a,prod,,1.0,,6965.0
1735690290,http_request_duration_seconds_bucket,api,a,prod,,+Inf,,7000.0
1735690290,http_request_duration_seconds_count,api,a,prod,,,,7000.0
1735690290,http_request_duration_seconds_sum,api,a,prod,,,,840.0
1735690290,app_active_sessions,api,b,prod,,,,11.0
1735690290,queue_depth,api,b,prod,,,,7.0
1735690290,up,api,b,prod,,,,1.0
1735690290,http_requests_total,api,b,prod,200,,,7623.0
1735690290,http_requests_total,api,b,prod,500,,,77.0
1735690290,http_request_duration_seconds_bucket,api,b,prod,,0.1,,5005.0
1735690290,http_request_duration_seconds_bucket,api,b,prod,,0.25,,6776.0
1735690290,http_request_duration_seconds_bucket,api,b,prod,,0.5,,7469.0
1735690290,http_request_duration_seconds_bucket,api,b,prod,,1.0,,7661.5
1735690290,http_request_duration_seconds_bucket,api,b,prod,,+Inf,,7700.0
1735690290,http_request_duration_seconds_count,api,b,prod,,,,7700.0
1735690290,http_request_duration_seconds_sum,api,b,prod,,,,924.0
1735690290,service_info,web,,prod,,,experience,1.0
1735690290,app_active_sessions,web,a,prod,,,,4.0
1735690290,queue_depth,web,a,prod,,,,0.0
1735690290,up,web,a,prod,,,,1.0
1735690290,http_requests_total,web,a,prod,200,,,4158.0
1735690290,http_requests_total,web,a,prod,500,,,42.0
1735690290,http_request_duration_seconds_bucket,web,a,prod,,0.1,,2730.0
1735690290,http_request_duration_seconds_bucket,web,a,prod,,0.25,,3696.0
1735690290,http_request_duration_seconds_bucket,web,a,prod,,0.5,,4074.0
1735690290,http_request_duration_seconds_bucket,web,a,prod,,1.0,,4179.0
1735690290,http_request_duration_seconds_bucket,web,a,prod,,+Inf,,4200.0
1735690290,http_request_duration_seconds_count,web,a,prod,,,,4200.0
1735690290,http_request_duration_seconds_sum,web,a,prod,,,,504.0
1735690290,app_active_sessions,web,b,prod,,,,7.0
1735690290,queue_depth,web,b,prod,,,,3.0
1735690290,up,web,b,prod,,,,1.0
1735690290,http_requests_total,web,b,prod,200,,,4851.0
1735690290,http_requests_total,web,b,prod,500,,,49.0
1735690290,http_request_duration_seconds_bucket,web,b,prod,,0.1,,3185.0
1735690290,http_request_duration_seconds_bucket,web,b,prod,,0.25,,4312.0
1735690290,http_request_duration_seconds_bucket,web,b,prod,,0.5,,4753.0
1735690290,http_request_duration_seconds_bucket,web,b,prod,,1.0,,4875.5
1735690290,http_request_duration_seconds_bucket,web,b,prod,,+Inf,,4900.0
1735690290,http_request_duration_seconds_count,web,b,prod,,,,4900.0
1735690290,http_request_duration_seconds_sum,web,b,prod,,,,588.0
1735690320,service_info,api,,prod,,,platform,1.0
1735690320,app_active_sessions,api,a,prod,,,,8.0
1735690320,queue_depth,api,a,prod,,,,4.0
1735690320,up,api,a,prod,,,,1.0
1735690320,http_requests_total,api,a,prod,200,,,7227.0
1735690320,http_requests_total,api,a,prod,500,,,73.0
1735690320,http_request_duration_seconds_bucket,api,a,prod,,0.1,,4745.0
1735690320,http_request_duration_seconds_bucket,api,a,prod,,0.25,,6424.0
1735690320,http_request_duration_seconds_bucket,api,a,prod,,0.5,,7081.0
1735690320,http_request_duration_seconds_bucket,api,a,prod,,1.0,,7263.5
1735690320,http_request_duration_seconds_bucket,api,a,prod,,+Inf,,7300.0
1735690320,http_request_duration_seconds_count,api,a,prod,,,,7300.0
1735690320,http_request_duration_seconds_sum,api,a,prod,,,,876.0
1735690320,app_active_sessions,api,b,prod,,,,11.0
1735690320,queue_depth,api,b,prod,,,,7.0
1735690320,up,api,b,prod,,,,1.0
1735690320,http_requests_total,api,b,prod,200,,,7949.7
1735690320,http_requests_total,api,b,prod,500,,,80.3
1735690320,http_request_duration_seconds_bucket,api,b,prod,,0.1,,5219.5
1735690320,http_request_duration_seconds_bucket,api,b,prod,,0.25,,7066.4
1735690320,http_request_duration_seconds_bucket,api,b,prod,,0.5,,7789.099999999999
1735690320,http_request_duration_seconds_bucket,api,b,prod,,1.0,,7989.85
1735690320,http_request_duration_seconds_bucket,api,b,prod,,+Inf,,8030.0
1735690320,http_request_duration_seconds_count,api,b,prod,,,,8030.0
1735690320,http_request_duration_seconds_sum,api,b,prod,,,,963.5999999999999
1735690320,service_info,web,,prod,,,experience,1.0
1735690320,app_active_sessions,web,a,prod,,,,4.0
1735690320,queue_depth,web,a,prod,,,,0.0
1735690320,up,web,a,prod,,,,1.0
1735690320,http_requests_total,web,a,prod,200,,,4336.2
1735690320,http_requests_total,web,a,prod,500,,,43.800000000000004
1735690320,http_request_duration_seconds_bucket,web,a,prod,,0.1,,2847.0
1735690320,http_request_duration_seconds_bucket,web,a,prod,,0.25,,3854.4
1735690320,http_request_duration_seconds_bucket,web,a,prod,,0.5,,4248.599999999999
1735690320,http_request_duration_seconds_bucket,web,a,prod,,1.0,,4358.1
1735690320,http_request_duration_seconds_bucket,web,a,prod,,+Inf,,4380.0
1735690320,http_request_duration_seconds_count,web,a,prod,,,,4380.0
1735690320,http_request_duration_seconds_sum,web,a,prod,,,,525.6
1735690320,app_active_sessions,web,b,prod,,,,7.0
1735690320,queue_depth,web,b,prod,,,,3.0
1735690320,up,web,b,prod,,,,1.0
1735690320,http_requests_total,web,b,prod,200,,,5058.9
1735690320,http_requests_total,web,b,prod,500,,,51.1
1735690320,http_request_duration_seconds_bucket,web,b,prod,,0.1,,3321.5
1735690320,http_request_duration_seconds_bucket,web,b,prod,,0.25,,4496.8
1735690320,http_request_duration_seconds_bucket,web,b,prod,,0.5,,4956.7
1735690320,http_request_duration_seconds_bucket,web,b,prod,,1.0,,5084.45
1735690320,http_request_duration_seconds_bucket,web,b,prod,,+Inf,,5110.0
1735690320,http_request_duration_seconds_count,web,b,prod,,,,5110.0
1735690320,http_request_duration_seconds_sum,web,b,prod,,,,613.1999999999999
1735690350,service_info,api,,prod,,,platform,1.0
1735690350,app_active_sessions,api,a,prod,,,,7.0
1735690350,queue_depth,api,a,prod,,,,3.0
1735690350,up,api,a,prod,,,,1.0
1735690350,http_requests_total,api,a,prod,200,,,7524.0
1735690350,http_requests_total,api,a,prod,500,,,76.0
1735690350,http_request_duration_seconds_bucket,api,a,prod,,0.1,,4940.0
1735690350,http_request_duration_seconds_bucket,api,a,prod,,0.25,,6688.0
1735690350,http_request_duration_seconds_bucket,api,a,prod,,0.5,,7372.0
1735690350,http_request_duration_seconds_bucket,api,a,prod,,1.0,,7562.0
1735690350,http_request_duration_seconds_bucket,api,a,prod,,+Inf,,7600.0
1735690350,http_request_duration_seconds_count,api,a,prod,,,,7600.0
1735690350,http_request_duration_seconds_sum,api,a,prod,,,,912.0
1735690350,app_active_sessions,api,b,prod,,,,10.0
1735690350,queue_depth,api,b,prod,,,,6.0
1735690350,up,api,b,prod,,,,1.0
1735690350,http_requests_total,api,b,prod,200,,,8276.4
1735690350,http_requests_total,api,b,prod,500,,,83.60000000000001
1735690350,http_request_duration_seconds_bucket,api,b,prod,,0.1,,5434.0
1735690350,http_request_duration_seconds_bucket,api,b,prod,,0.25,,7356.8
1735690350,http_request_duration_seconds_bucket,api,b,prod,,0.5,,8109.2
1735690350,http_request_duration_seconds_bucket,api,b,prod,,1.0,,8318.2
1735690350,http_request_duration_seconds_bucket,api,b,prod,,+Inf,,8360.0
1735690350,http_request_duration_seconds_count,api,b,prod,,,,8360.0
1735690350,http_request_duration_seconds_sum,api,b,prod,,,,1003.1999999999999
1735690350,service_info,web,,prod,,,experience,1.0
1735690350,app_active_sessions,web,a,prod,,,,3.0
1735690350,queue_depth,web,a,prod,,,,0.0
1735690350,up,web,a,prod,,,,1.0
1735690350,http_requests_total,web,a,prod,200,,,4514.4
1735690350,http_requests_total,web,a,prod,500,,,45.6
1735690350,http_request_duration_seconds_bucket,web,a,prod,,0.1,,2964.0
1735690350,http_request_duration_seconds_bucket,web,a,prod,,0.25,,4012.8
1735690350,http_request_duration_seconds_bucket,web,a,prod,,0.5,,4423.2
1735690350,http_request_duration_seconds_bucket,web,a,prod,,1.0,,4537.2
1735690350,http_request_duration_seconds_bucket,web,a,prod,,+Inf,,4560.0
1735690350,http_request_duration_seconds_count,web,a,prod,,,,4560.0
1735690350,http_request_duration_seconds_sum,web,a,prod,,,,547.1999999999999
1735690350,app_active_sessions,web,b,prod,,,,6.0
1735690350,queue_depth,web,b,prod,,,,2.0
1735690350,up,web,b,prod,,,,1.0
1735690350,http_requests_total,web,b,prod,200,,,5266.8
1735690350,http_requests_total,web,b,prod,500,,,53.2
1735690350,http_request_duration_seconds_bucket,web,b,prod,,0.1,,3458.0
1735690350,http_request_duration_seconds_bucket,web,b,prod,,0.25,,4681.6
1735690350,http_request_duration_seconds_bucket,web,b,prod,,0.5,,5160.4
1735690350,http_request_duration_seconds_bucket,web,b,prod,,1.0,,5293.4
1735690350,http_request_duration_seconds_bucket,web,b,prod,,+Inf,,5320.0
1735690350,http_request_duration_seconds_count,web,b,prod,,,,5320.0
1735690350,http_request_duration_seconds_sum,web,b,prod,,,,638.4
1735690380,service_info,api,,prod,,,platform,1.0
1735690380,app_active_sessions,api,a,prod,,,,7.0
1735690380,queue_depth,api,a,prod,,,,3.0
1735690380,up,api,a,prod,,,,1.0
1735690380,http_requests_total,api,a,prod,200,,,7821.0
1735690380,http_requests_total,api,a,prod,500,,,79.0
1735690380,http_request_duration_seconds_bucket,api,a,prod,,0.1,,5135.0
1735690380,http_request_duration_seconds_bucket,api,a,prod,,0.25,,6952.0
1735690380,http_request_duration_seconds_bucket,api,a,prod,,0.5,,7663.0
1735690380,http_request_duration_seconds_bucket,api,a,prod,,1.0,,7860.5
1735690380,http_request_duration_seconds_bucket,api,a,prod,,+Inf,,7900.0
1735690380,http_request_duration_seconds_count,api,a,prod,,,,7900.0
1735690380,http_request_duration_seconds_sum,api,a,prod,,,,948.0
1735690380,app_active_sessions,api,b,prod,,,,10.0
1735690380,queue_depth,api,b,prod,,,,6.0
1735690380,up,api,b,prod,,,,1.0
1735690380,http_requests_total,api,b,prod,200,,,8603.1
1735690380,http_requests_total,api,b,prod,500,,,86.9
1735690380,http_request_duration_seconds_bucket,api,b,prod,,0.1,,5648.5
1735690380,http_request_duration_seconds_bucket,api,b,prod,,0.25,,7647.2
1735690380,http_request_duration_seconds_bucket,api,b,prod,,0.5,,8429.3
1735690380,http_request_duration_seconds_bucket,api,b,prod,,1.0,,8646.55
1735690380,http_request_duration_seconds_bucket,api,b,prod,,+Inf,,8690.0
1735690380,http_request_duration_seconds_count,api,b,prod,,,,8690.0
1735690380,http_request_duration_seconds_sum,api,b,prod,,,,1042.8
1735690380,service_info,web,,prod,,,experience,1.0
1735690380,app_active_sessions,web,a,prod,,,,3.0
1735690380,queue_depth,web,a,prod,,,,0.0
1735690380,up,web,a,prod,,,,1.0
1735690380,http_requests_total,web,a,prod,200,,,4692.6
1735690380,http_requests_total,web,a,prod,500,,,47.4
1735690380,http_request_duration_seconds_bucket,web,a,prod,,0.1,,3081.0
1735690380,http_request_duration_seconds_bucket,web,a,prod,,0.25,,4171.2
1735690380,http_request_duration_seconds_bucket,web,a,prod,,0.5,,4597.8
1735690380,http_request_duration_seconds_bucket,web,a,prod,,1.0,,4716.3
1735690380,http_request_duration_seconds_bucket,web,a,prod,,+Inf,,4740.0
1735690380,http_request_duration_seconds_count,web,a,prod,,,,4740.0
1735690380,http_request_duration_seconds_sum,web,a,prod,,,,568.8
1735690380,app_active_sessions,web,b,prod,,,,6.0
1735690380,queue_depth,web,b,prod,,,,2.0
1735690380,up,web,b,prod,,,,1.0
1735690380,http_requests_total,web,b,prod,200,,,5474.7
1735690380,http_requests_total,web,b,prod,500,,,55.300000000000004
1735690380,http_request_duration_seconds_bucket,web,b,prod,,0.1,,3594.5
1735690380,http_request_duration_seconds_bucket,web,b,prod,,0.25,,4866.4
1735690380,http_request_duration_seconds_bucket,web,b,prod,,0.5,,5364.099999999999
1735690380,http_request_duration_seconds_bucket,web,b,prod,,1.0,,5502.35
1735690380,http_request_duration_seconds_bucket,web,b,prod,,+Inf,,5530.0
1735690380,http_request_duration_seconds_count,web,b,prod,,,,5530.0
1735690380,http_request_duration_seconds_sum,web,b,prod,,,,663.6
1735690410,service_info,api,,prod,,,platform,1.0
1735690410,app_active_sessions,api,a,prod,,,,7.0
1735690410,queue_depth,api,a,prod,,,,3.0
1735690410,up,api,a,prod,,,,1.0
1735690410,http_requests_total,api,a,prod,200,,,8118.0
1735690410,http_requests_total,api,a,prod,500,,,82.0
1735690410,http_request_duration_seconds_bucket,api,a,prod,,0.1,,5330.0
1735690410,http_request_duration_seconds_bucket,api,a,prod,,0.25,,7216.0
1735690410,http_request_duration_seconds_bucket,api,a,prod,,0.5,,7954.0
1735690410,http_request_duration_seconds_bucket,api,a,prod,,1.0,,8159.0
1735690410,http_request_duration_seconds_bucket,api,a,prod,,+Inf,,8200.0
1735690410,http_request_duration_seconds_count,api,a,prod,,,,8200.0
1735690410,http_request_duration_seconds_sum,api,a,prod,,,,984.0
1735690410,app_active_sessions,api,b,prod,,,,10.0
1735690410,queue_depth,api,b,prod,,,,6.0
1735690410,up,api,b,prod,,,,1.0
1735690410,http_requests_total,api,b,prod,200,,,8929.8
1735690410,http_requests_total,api,b,prod,500,,,90.2
1735690410,http_request_duration_seconds_bucket,api,b,prod,,0.1,,5863.0
1735690410,http_request_duration_seconds_bucket,api,b,prod,,0.25,,7937.6
1735690410,http_request_duration_seconds_bucket,api,b,prod,,0.5,,8749.4
1735690410,http_request_duration_seconds_bucket,api,b,prod,,1.0,,8974.9
1735690410,http_request_duration_seconds_bucket,api,b,prod,,+Inf,,9020.0
1735690410,http_request_duration_seconds_count,api,b,prod,,,,9020.0
1735690410,http_request_duration_seconds_sum,api,b,prod,,,,1082.3999999999999
1735690410,service_info,web,,prod,,,experience,1.0
1735690410,app_active_sessions,web,a,prod,,,,3.0
1735690410,queue_depth,web,a,prod,,,,0.0
1735690410,up,web,a,prod,,,,1.0
1735690410,http_requests_total,web,a,prod,200,,,4870.8
1735690410,http_requests_total,web,a,prod,500,,,49.2
1735690410,http_request_duration_seconds_bucket,web,a,prod,,0.1,,3198.0
1735690410,http_request_duration_seconds_bucket,web,a,prod,,0.25,,4329.6
1735690410,http_request_duration_seconds_bucket,web,a,prod,,0.5,,4772.4
1735690410,http_request_duration_seconds_bucket,web,a,prod,,1.0,,4895.4
1735690410,http_request_duration_seconds_bucket,web,a,prod,,+Inf,,4920.0
1735690410,http_request_duration_seconds_count,web,a,prod,,,,4920.0
1735690410,http_request_duration_seconds_sum,web,a,prod,,,,590.4
1735690410,app_active_sessions,web,b,prod,,,,6.0
1735690410,queue_depth,web,b,prod,,,,2.0
1735690410,up,web,b,prod,,,,1.0
1735690410,http_requests_total,web,b,prod,200,,,5682.6
1735690410,http_requests_total,web,b,prod,500,,,57.4
1735690410,http_request_duration_seconds_bucket,web,b,prod,,0.1,,3731.0
1735690410,http_request_duration_seconds_bucket,web,b,prod,,0.25,,5051.2
1735690410,http_request_duration_seconds_bucket,web,b,prod,,0.5,,5567.8
1735690410,http_request_duration_seconds_bucket,web,b,prod,,1.0,,5711.3
1735690410,http_request_duration_seconds_bucket,web,b,prod,,+Inf,,5740.0
1735690410,http_request_duration_seconds_count,web,b,prod,,,,5740.0
1735690410,http_request_duration_seconds_sum,web,b,prod,,,,688.8
1735690440,service_info,api,,prod,,,platform,1.0
1735690440,app_active_sessions,api,a,prod,,,,7.0
1735690440,queue_depth,api,a,prod,,,,3.0
1735690440,up,api,a,prod,,,,1.0
1735690440,http_requests_total,api,a,prod,200,,,8415.0
1735690440,http_requests_total,api,a,prod,500,,,85.0
1735690440,http_request_duration_seconds_bucket,api,a,prod,,0.1,,5525.0
1735690440,http_request_duration_seconds_bucket,api,a,prod,,0.25,,7480.0
1735690440,http_request_duration_seconds_bucket,api,a,prod,,0.5,,8245.0
1735690440,http_request_duration_seconds_bucket,api,a,prod,,1.0,,8457.5
1735690440,http_request_duration_seconds_bucket,api,a,prod,,+Inf,,8500.0
1735690440,http_request_duration_seconds_count,api,a,prod,,,,8500.0
1735690440,http_request_duration_seconds_sum,api,a,prod,,,,1020.0
1735690440,app_active_sessions,api,b,prod,,,,10.0
1735690440,queue_depth,api,b,prod,,,,6.0
1735690440,up,api,b,prod,,,,1.0
1735690440,http_requests_total,api,b,prod,200,,,9256.5
1735690440,http_requests_total,api,b,prod,500,,,93.5
1735690440,http_request_duration_seconds_bucket,api,b,prod,,0.1,,6077.5
1735690440,http_request_duration_seconds_bucket,api,b,prod,,0.25,,8228.0
1735690440,http_request_duration_seconds_bucket,api,b,prod,,0.5,,9069.5
1735690440,http_request_duration_seconds_bucket,api,b,prod,,1.0,,9303.25
1735690440,http_request_duration_seconds_bucket,api,b,prod,,+Inf,,9350.0
1735690440,http_request_duration_seconds_count,api,b,prod,,,,9350.0
1735690440,http_request_duration_seconds_sum,api,b,prod,,,,1122.0
1735690440,service_info,web,,prod,,,experience,1.0
1735690440,app_active_sessions,web,a,prod,,,,3.0
1735690440,queue_depth,web,a,prod,,,,0.0
1735690440,up,web,a,prod,,,,1.0
1735690440,http_requests_total,web,a,prod,200,,,5049.0
1735690440,http_requests_total,web,a,prod,500,,,51.0
1735690440,http_request_duration_seconds_bucket,web,a,prod,,0.1,,3315.0
1735690440,http_request_duration_seconds_bucket,web,a,prod,,0.25,,4488.0
1735690440,http_request_duration_seconds_bucket,web,a,prod,,0.5,,4947.0
1735690440,http_request_duration_seconds_bucket,web,a,prod,,1.0,,5074.5
1735690440,http_request_duration_seconds_bucket,web,a,prod,,+Inf,,5100.0
1735690440,http_request_duration_seconds_count,web,a,prod,,,,5100.0
1735690440,http_request_duration_seconds_sum,web,a,prod,,,,612.0
1735690440,app_active_sessions,web,b,prod,,,,6.0
1735690440,queue_depth,web,b,prod,,,,2.0
1735690440,up,web,b,prod,,,,1.0
1735690440,http_requests_total,web,b,prod,200,,,5890.5
1735690440,http_requests_total,web,b,prod,500,,,59.5
1735690440,http_request_duration_seconds_bucket,web,b,prod,,0.1,,3867.5
1735690440,http_request_duration_seconds_bucket,web,b,prod,,0.25,,5236.0
1735690440,http_request_duration_seconds_bucket,web,b,prod,,0.5,,5771.5
1735690440,http_request_duration_seconds_bucket,web,b,prod,,1.0,,5920.25
1735690440,http_request_duration_seconds_bucket,web,b,prod,,+Inf,,5950.0
1735690440,http_request_duration_seconds_count,web,b,prod,,,,5950.0
1735690440,http_request_duration_seconds_sum,web,b,prod,,,,714.0
1735690470,service_info,api,,prod,,,platform,1.0
1735690470,app_active_sessions,api,a,prod,,,,7.0
1735690470,queue_depth,api,a,prod,,,,3.0
1735690470,up,api,a,prod,,,,1.0
1735690470,http_requests_total,api,a,prod,200,,,8712.0
1735690470,http_requests_total,api,a,prod,500,,,88.0
1735690470,http_request_duration_seconds_bucket,api,a,prod,,0.1,,5720.0
1735690470,http_request_duration_seconds_bucket,api,a,prod,,0.25,,7744.0
1735690470,http_request_duration_seconds_bucket,api,a,prod,,0.5,,8536.0
1735690470,http_request_duration_seconds_bucket,api,a,prod,,1.0,,8756.0
1735690470,http_request_duration_seconds_bucket,api,a,prod,,+Inf,,8800.0
1735690470,http_request_duration_seconds_count,api,a,prod,,,,8800.0
1735690470,http_request_duration_seconds_sum,api,a,prod,,,,1056.0
1735690470,app_active_sessions,api,b,prod,,,,10.0
1735690470,queue_depth,api,b,prod,,,,6.0
1735690470,up,api,b,prod,,,,1.0
1735690470,http_requests_total,api,b,prod,200,,,9583.2
1735690470,http_requests_total,api,b,prod,500,,,96.8
1735690470,http_request_duration_seconds_bucket,api,b,prod,,0.1,,6292.0
1735690470,http_request_duration_seconds_bucket,api,b,prod,,0.25,,8518.4
1735690470,http_request_duration_seconds_bucket,api,b,prod,,0.5,,9389.6
1735690470,http_request_duration_seconds_bucket,api,b,prod,,1.0,,9631.6
1735690470,http_request_duration_seconds_bucket,api,b,prod,,+Inf,,9680.0
1735690470,http_request_duration_seconds_count,api,b,prod,,,,9680.0
1735690470,http_request_duration_seconds_sum,api,b,prod,,,,1161.6
1735690470,service_info,web,,prod,,,experience,1.0
1735690470,app_active_sessions,web,a,prod,,,,3.0
1735690470,queue_depth,web,a,prod,,,,0.0
1735690470,up,web,a,prod,,,,1.0
1735690470,http_requests_total,web,a,prod,200,,,5227.2
1735690470,http_requests_total,web,a,prod,500,,,52.800000000000004
1735690470,http_request_duration_seconds_bucket,web,a,prod,,0.1,,3432.0
1735690470,http_request_duration_seconds_bucket,web,a,prod,,0.25,,4646.4
1735690470,http_request_duration_seconds_bucket,web,a,prod,,0.5,,5121.599999999999
1735690470,http_request_duration_seconds_bucket,web,a,prod,,1.0,,5253.6
1735690470,http_request_duration_seconds_bucket,web,a,prod,,+Inf,,5280.0
1735690470,http_request_duration_seconds_count,web,a,prod,,,,5280.0
1735690470,http_request_duration_seconds_sum,web,a,prod,,,,633.6
1735690470,app_active_sessions,web,b,prod,,,,6.0
1735690470,queue_depth,web,b,prod,,,,2.0
1735690470,up,web,b,prod,,,,1.0
1735690470,http_requests_total,web,b,prod,200,,,6098.4
1735690470,http_requests_total,web,b,prod,500,,,61.6
1735690470,http_request_duration_seconds_bucket,web,b,prod,,0.1,,4004.0
1735690470,http_request_duration_seconds_bucket,web,b,prod,,0.25,,5420.8
1735690470,http_request_duration_seconds_bucket,web,b,prod,,0.5,,5975.2
1735690470,http_request_duration_seconds_bucket,web,b,prod,,1.0,,6129.2
1735690470,http_request_duration_seconds_bucket,web,b,prod,,+Inf,,6160.0
1735690470,http_request_duration_seconds_count,web,b,prod,,,,6160.0
1735690470,http_request_duration_seconds_sum,web,b,prod,,,,739.1999999999999
1735690500,service_info,api,,prod,,,platform,1.0
1735690500,app_active_sessions,api,a,prod,,,,7.0
1735690500,queue_depth,api,a,prod,,,,3.0
1735690500,up,api,a,prod,,,,1.0
1735690500,http_requests_total,api,a,prod,200,,,9009.0
1735690500,http_requests_total,api,a,prod,500,,,91.0
1735690500,http_request_duration_seconds_bucket,api,a,prod,,0.1,,5915.0
1735690500,http_request_duration_seconds_bucket,api,a,prod,,0.25,,8008.0
1735690500,http_request_duration_seconds_bucket,api,a,prod,,0.5,,8827.0
1735690500,http_request_duration_seconds_bucket,api,a,prod,,1.0,,9054.5
1735690500,http_request_duration_seconds_bucket,api,a,prod,,+Inf,,9100.0
1735690500,http_request_duration_seconds_count,api,a,prod,,,,9100.0
1735690500,http_request_duration_seconds_sum,api,a,prod,,,,1092.0
1735690500,app_active_sessions,api,b,prod,,,,10.0
1735690500,queue_depth,api,b,prod,,,,6.0
1735690500,up,api,b,prod,,,,1.0
1735690500,http_requests_total,api,b,prod,200,,,108.9
1735690500,http_requests_total,api,b,prod,500,,,1.1
1735690500,http_request_duration_seconds_bucket,api,b,prod,,0.1,,6506.5
1735690500,http_request_duration_seconds_bucket,api,b,prod,,0.25,,8808.8
1735690500,http_request_duration_seconds_bucket,api,b,prod,,0.5,,9709.699999999999
1735690500,http_request_duration_seconds_bucket,api,b,prod,,1.0,,9959.95
1735690500,http_request_duration_seconds_bucket,api,b,prod,,+Inf,,10010.0
1735690500,http_request_duration_seconds_count,api,b,prod,,,,10010.0
1735690500,http_request_duration_seconds_sum,api,b,prod,,,,1201.2
1735690500,service_info,web,,prod,,,experience,1.0
1735690500,app_active_sessions,web,a,prod,,,,3.0
1735690500,queue_depth,web,a,prod,,,,0.0
1735690500,up,web,a,prod,,,,1.0
1735690500,http_requests_total,web,a,prod,200,,,5405.4
1735690500,http_requests_total,web,a,prod,500,,,54.6
1735690500,http_request_duration_seconds_bucket,web,a,prod,,0.1,,3549.0
1735690500,http_request_duration_seconds_bucket,web,a,prod,,0.25,,4804.8
1735690500,http_request_duration_seconds_bucket,web,a,prod,,0.5,,5296.2
1735690500,http_request_duration_seconds_bucket,web,a,prod,,1.0,,5432.7
1735690500,http_request_duration_seconds_bucket,web,a,prod,,+Inf,,5460.0
1735690500,http_request_duration_seconds_count,web,a,prod,,,,5460.0
1735690500,http_request_duration_seconds_sum,web,a,prod,,,,655.1999999999999
1735690500,app_active_sessions,web,b,prod,,,,6.0
1735690500,queue_depth,web,b,prod,,,,2.0
1735690500,up,web,b,prod,,,,1.0
1735690500,http_requests_total,web,b,prod,200,,,6306.3
1735690500,http_requests_total,web,b,prod,500,,,63.7
1735690500,http_request_duration_seconds_bucket,web,b,prod,,0.1,,4140.5
1735690500,http_request_duration_seconds_bucket,web,b,prod,,0.25,,5605.6
1735690500,http_request_duration_seconds_bucket,web,b,prod,,0.5,,6178.9
1735690500,http_request_duration_seconds_bucket,web,b,prod,,1.0,,6338.15
1735690500,http_request_duration_seconds_bucket,web,b,prod,,+Inf,,6370.0
1735690500,http_request_duration_seconds_count,web,b,prod,,,,6370.0
1735690500,http_request_duration_seconds_sum,web,b,prod,,,,764.4
1735690530,service_info,api,,prod,,,platform,1.0
1735690530,app_active_sessions,api,a,prod,,,,7.0
1735690530,queue_depth,api,a,prod,,,,3.0
1735690530,up,api,a,prod,,,,1.0
1735690530,http_requests_total,api,a,prod,200,,,9306.0
1735690530,http_requests_total,api,a,prod,500,,,94.0
1735690530,http_request_duration_seconds_bucket,api,a,prod,,0.1,,6110.0
1735690530,http_request_duration_seconds_bucket,api,a,prod,,0.25,,8272.0
1735690530,http_request_duration_seconds_bucket,api,a,prod,,0.5,,9118.0
1735690530,http_request_duration_seconds_bucket,api,a,prod,,1.0,,9353.0
1735690530,http_request_duration_seconds_bucket,api,a,prod,,+Inf,,9400.0
1735690530,http_request_duration_seconds_count,api,a,prod,,,,9400.0
1735690530,http_request_duration_seconds_sum,api,a,prod,,,,1128.0
1735690530,app_active_sessions,api,b,prod,,,,10.0
1735690530,queue_depth,api,b,prod,,,,6.0
1735690530,up,api,b,prod,,,,1.0
1735690530,http_requests_total,api,b,prod,200,,,435.6
1735690530,http_requests_total,api,b,prod,500,,,4.4
1735690530,http_request_duration_seconds_bucket,api,b,prod,,0.1,,6721.0
1735690530,http_request_duration_seconds_bucket,api,b,prod,,0.25,,9099.2
1735690530,http_request_duration_seconds_bucket,api,b,prod,,0.5,,10029.8
1735690530,http_request_duration_seconds_bucket,api,b,prod,,1.0,,10288.3
1735690530,http_request_duration_seconds_bucket,api,b,prod,,+Inf,,10340.0
1735690530,http_request_duration_seconds_count,api,b,prod,,,,10340.0
1735690530,http_request_duration_seconds_sum,api,b,prod,,,,1240.8
1735690530,service_info,web,,prod,,,experience,1.0
1735690530,app_active_sessions,web,a,prod,,,,3.0
1735690530,queue_depth,web,a,prod,,,,0.0
1735690530,up,web,a,prod,,,,1.0
1735690530,http_requests_total,web,a,prod,200,,,5583.6
1735690530,http_requests_total,web,a,prod,500,,,56.4
1735690530,http_request_duration_seconds_bucket,web,a,prod,,0.1,,3666.0
1735690530,http_request_duration_seconds_bucket,web,a,prod,,0.25,,4963.2
1735690530,http_request_duration_seconds_bucket,web,a,prod,,0.5,,5470.8
1735690530,http_request_duration_seconds_bucket,web,a,prod,,1.0,,5611.8
1735690530,http_request_duration_seconds_bucket,web,a,prod,,+Inf,,5640.0
1735690530,http_request_duration_seconds_count,web,a,prod,,,,5640.0
1735690530,http_request_duration_seconds_sum,web,a,prod,,,,676.8
1735690530,app_active_sessions,web,b,prod,,,,6.0
1735690530,queue_depth,web,b,prod,,,,2.0
1735690530,up,web,b,prod,,,,1.0
1735690530,http_requests_total,web,b,prod,200,,,6514.2
1735690530,http_requests_total,web,b,prod,500,,,65.8
1735690530,http_request_duration_seconds_bucket,web,b,prod,,0.1,,4277.0
1735690530,http_request_duration_seconds_bucket,web,b,prod,,0.25,,5790.4
1735690530,http_request_duration_seconds_bucket,web,b,prod,,0.5,,6382.599999999999
1735690530,http_request_duration_seconds_bucket,web,b,prod,,1.0,,6547.1
1735690530,http_request_duration_seconds_bucket,web,b,prod,,+Inf,,6580.0
1735690530,http_request_duration_seconds_count,web,b,prod,,,,6580.0
1735690530,http_request_duration_seconds_sum,web,b,prod,,,,789.6
1735690560,service_info,api,,prod,,,platform,1.0
1735690560,app_active_sessions,api,a,prod,,,,8.0
1735690560,queue_depth,api,a,prod,,,,4.0
1735690560,up,api,a,prod,,,,1.0
1735690560,http_requests_total,api,a,prod,200,,,9603.0
1735690560,http_requests_total,api,a,prod,500,,,97.0
1735690560,http_request_duration_seconds_bucket,api,a,prod,,0.1,,6305.0
1735690560,http_request_duration_seconds_bucket,api,a,prod,,0.25,,8536.0
1735690560,http_request_duration_seconds_bucket,api,a,prod,,0.5,,9409.0
1735690560,http_request_duration_seconds_bucket,api,a,prod,,1.0,,9651.5
1735690560,http_request_duration_seconds_bucket,api,a,prod,,+Inf,,9700.0
1735690560,http_request_duration_seconds_count,api,a,prod,,,,9700.0
1735690560,http_request_duration_seconds_sum,api,a,prod,,,,1164.0
1735690560,app_active_sessions,api,b,prod,,,,11.0
1735690560,queue_depth,api,b,prod,,,,7.0
1735690560,up,api,b,prod,,,,1.0
1735690560,http_requests_total,api,b,prod,200,,,762.3
1735690560,http_requests_total,api,b,prod,500,,,7.7
1735690560,http_request_duration_seconds_bucket,api,b,prod,,0.1,,6935.5
1735690560,http_request_duration_seconds_bucket,api,b,prod,,0.25,,9389.6
1735690560,http_request_duration_seconds_bucket,api,b,prod,,0.5,,10349.9
1735690560,http_request_duration_seconds_bucket,api,b,prod,,1.0,,10616.65
1735690560,http_request_duration_seconds_bucket,api,b,prod,,+Inf,,10670.0
1735690560,http_request_duration_seconds_count,api,b,prod,,,,10670.0
1735690560,http_request_duration_seconds_sum,api,b,prod,,,,1280.3999999999999
1735690560,service_info,web,,prod,,,experience,1.0
1735690560,app_active_sessions,web,a,prod,,,,4.0
1735690560,queue_depth,web,a,prod,,,,0.0
1735690560,up,web,a,prod,,,,1.0
1735690560,http_requests_total,web,a,prod,200,,,5761.8
1735690560,http_requests_total,web,a,prod,500,,,58.2
1735690560,http_request_duration_seconds_bucket,web,a,prod,,0.1,,3783.0
1735690560,http_request_duration_seconds_bucket,web,a,prod,,0.25,,5121.6
1735690560,http_request_duration_seconds_bucket,web,a,prod,,0.5,,5645.4
1735690560,http_request_duration_seconds_bucket,web,a,prod,,1.0,,5790.9
1735690560,http_request_duration_seconds_bucket,web,a,prod,,+Inf,,5820.0
1735690560,http_request_duration_seconds_count,web,a,prod,,,,5820.0
1735690560,http_request_duration_seconds_sum,web,a,prod,,,,698.4
1735690560,app_active_sessions,web,b,prod,,,,7.0
1735690560,queue_depth,web,b,prod,,,,3.0
1735690560,up,web,b,prod,,,,1.0
1735690560,http_requests_total,web,b,prod,200,,,6722.1
1735690560,http_requests_total,web,b,prod,500,,,67.9
1735690560,http_request_duration_seconds_bucket,web,b,prod,,0.1,,4413.5
1735690560,http_request_duration_seconds_bucket,web,b,prod,,0.25,,5975.2
1735690560,http_request_duration_seconds_bucket,web,b,prod,,0.5,,6586.3
1735690560,http_request_duration_seconds_bucket,web,b,prod,,1.0,,6756.05
1735690560,http_request_duration_seconds_bucket,web,b,prod,,+Inf,,6790.0
1735690560,http_request_duration_seconds_count,web,b,prod,,,,6790.0
1735690560,http_request_duration_seconds_sum,web,b,prod,,,,814.8
1735690590,service_info,api,,prod,,,platform,1.0
1735690590,app_active_sessions,api,a,prod,,,,8.0
1735690590,queue_depth,api,a,prod,,,,4.0
1735690590,up,api,a,prod,,,,1.0
1735690590,http_requests_total,api,a,prod,200,,,9900.0
1735690590,http_requests_total,api,a,prod,500,,,100.0
1735690590,http_request_duration_seconds_bucket,api,a,prod,,0.1,,6500.0
1735690590,http_request_duration_seconds_bucket,api,a,prod,,0.25,,8800.0
1735690590,http_request_duration_seconds_bucket,api,a,prod,,0.5,,9700.0
1735690590,http_request_duration_seconds_bucket,api,a,prod,,1.0,,9950.0
1735690590,http_request_duration_seconds_bucket,api,a,prod,,+Inf,,10000.0
1735690590,http_request_duration_seconds_count,api,a,prod,,,,10000.0
1735690590,http_request_duration_seconds_sum,api,a,prod,,,,1200.0
1735690590,app_active_sessions,api,b,prod,,,,11.0
1735690590,queue_depth,api,b,prod,,,,7.0
1735690590,up,api,b,prod,,,,1.0
1735690590,http_requests_total,api,b,prod,200,,,1089.0
1735690590,http_requests_total,api,b,prod,500,,,11.0
1735690590,http_request_duration_seconds_bucket,api,b,prod,,0.1,,7150.0
1735690590,http_request_duration_seconds_bucket,api,b,prod,,0.25,,9680.0
1735690590,http_request_duration_seconds_bucket,api,b,prod,,0.5,,10670.0
1735690590,http_request_duration_seconds_bucket,api,b,prod,,1.0,,10945.0
1735690590,http_request_duration_seconds_bucket,api,b,prod,,+Inf,,11000.0
1735690590,http_request_duration_seconds_count,api,b,prod,,,,11000.0
1735690590,http_request_duration_seconds_sum,api,b,prod,,,,1320.0
1735690590,service_info,web,,prod,,,experience,1.0
1735690590,app_active_sessions,web,a,prod,,,,4.0
1735690590,queue_depth,web,a,prod,,,,0.0
1735690590,up,web,a,prod,,,,1.0
1735690590,http_requests_total,web,a,prod,200,,,5940.0
1735690590,http_requests_total,web,a,prod,500,,,60.0
1735690590,http_request_duration_seconds_bucket,web,a,prod,,0.1,,3900.0
1735690590,http_request_duration_seconds_bucket,web,a,prod,,0.25,,5280.0
1735690590,http_request_duration_seconds_bucket,web,a,prod,,0.5,,5820.0
1735690590,http_request_duration_seconds_bucket,web,a,prod,,1.0,,5970.0
1735690590,http_request_duration_seconds_bucket,web,a,prod,,+Inf,,6000.0
1735690590,http_request_duration_seconds_count,web,a,prod,,,,6000.0
1735690590,http_request_duration_seconds_sum,web,a,prod,,,,720.0
1735690590,app_active_sessions,web,b,prod,,,,7.0
1735690590,queue_depth,web,b,prod,,,,3.0
1735690590,up,web,b,prod,,,,1.0
1735690590,http_requests_total,web,b,prod,200,,,6930.0
1735690590,http_requests_total,web,b,prod,500,,,70.0
1735690590,http_request_duration_seconds_bucket,web,b,prod,,0.1,,4550.0
1735690590,http_request_duration_seconds_bucket,web,b,prod,,0.25,,6160.0
1735690590,http_request_duration_seconds_bucket,web,b,prod,,0.5,,6790.0
1735690590,http_request_duration_seconds_bucket,web,b,prod,,1.0,,6965.0
1735690590,http_request_duration_seconds_bucket,web,b,prod,,+Inf,,7000.0
1735690590,http_request_duration_seconds_count,web,b,prod,,,,7000.0
1735690590,http_request_duration_seconds_sum,web,b,prod,,,,840.0
1735690620,service_info,api,,prod,,,platform,1.0
1735690620,app_active_sessions,api,a,prod,,,,8.0
1735690620,queue_depth,api,a,prod,,,,4.0
1735690620,up,api,a,prod,,,,1.0
1735690620,http_requests_total,api,a,prod,200,,,10197.0
1735690620,http_requests_total,api,a,prod,500,,,103.0
1735690620,http_request_duration_seconds_bucket,api,a,prod,,0.1,,6695.0
1735690620,http_request_duration_seconds_bucket,api,a,prod,,0.25,,9064.0
1735690620,http_request_duration_seconds_bucket,api,a,prod,,0.5,,9991.0
1735690620,http_request_duration_seconds_bucket,api,a,prod,,1.0,,10248.5
1735690620,http_request_duration_seconds_bucket,api,a,prod,,+Inf,,10300.0
1735690620,http_request_duration_seconds_count,api,a,prod,,,,10300.0
1735690620,http_request_duration_seconds_sum,api,a,prod,,,,1236.0
1735690620,app_active_sessions,api,b,prod,,,,11.0
1735690620,queue_depth,api,b,prod,,,,7.0
1735690620,up,api,b,prod,,,,1.0
1735690620,http_requests_total,api,b,prod,200,,,1415.7
1735690620,http_requests_total,api,b,prod,500,,,14.3
1735690620,http_request_duration_seconds_bucket,api,b,prod,,0.1,,7364.5
1735690620,http_request_duration_seconds_bucket,api,b,prod,,0.25,,9970.4
1735690620,http_request_duration_seconds_bucket,api,b,prod,,0.5,,10990.1
1735690620,http_request_duration_seconds_bucket,api,b,prod,,1.0,,11273.35
1735690620,http_request_duration_seconds_bucket,api,b,prod,,+Inf,,11330.0
1735690620,http_request_duration_seconds_count,api,b,prod,,,,11330.0
1735690620,http_request_duration_seconds_sum,api,b,prod,,,,1359.6
1735690620,service_info,web,,prod,,,experience,1.0
1735690620,app_active_sessions,web,a,prod,,,,4.0
1735690620,queue_depth,web,a,prod,,,,0.0
1735690620,up,web,a,prod,,,,1.0
1735690620,http_requests_total,web,a,prod,200,,,6118.2
1735690620,http_requests_total,web,a,prod,500,,,61.800000000000004
1735690620,http_request_duration_seconds_bucket,web,a,prod,,0.1,,4017.0
1735690620,http_request_duration_seconds_bucket,web,a,prod,,0.25,,5438.4
1735690620,http_request_duration_seconds_bucket,web,a,prod,,0.5,,5994.599999999999
1735690620,http_request_duration_seconds_bucket,web,a,prod,,1.0,,6149.1
1735690620,http_request_duration_seconds_bucket,web,a,prod,,+Inf,,6180.0
1735690620,http_request_duration_seconds_count,web,a,prod,,,,6180.0
1735690620,http_request_duration_seconds_sum,web,a,prod,,,,741.6
1735690620,app_active_sessions,web,b,prod,,,,7.0
1735690620,queue_depth,web,b,prod,,,,3.0
1735690620,up,web,b,prod,,,,1.0
1735690620,http_requests_total,web,b,prod,200,,,7137.9
1735690620,http_requests_total,web,b,prod,500,,,72.10000000000001
1735690620,http_request_duration_seconds_bucket,web,b,prod,,0.1,,4686.5
1735690620,http_request_duration_seconds_bucket,web,b,prod,,0.25,,6344.8
1735690620,http_request_duration_seconds_bucket,web,b,prod,,0.5,,6993.7
1735690620,http_request_duration_seconds_bucket,web,b,prod,,1.0,,7173.95
1735690620,http_request_duration_seconds_bucket,web,b,prod,,+Inf,,7210.0
1735690620,http_request_duration_seconds_count,web,b,prod,,,,7210.0
1735690620,http_request_duration_seconds_sum,web,b,prod,,,,865.1999999999999
1735690650,service_info,api,,prod,,,platform,1.0
1735690650,app_active_sessions,api,a,prod,,,,9.0
1735690650,queue_depth,api,a,prod,,,,5.0
1735690650,up,api,a,prod,,,,1.0
1735690650,http_requests_total,api,a,prod,200,,,10494.0
1735690650,http_requests_total,api,a,prod,500,,,106.0
1735690650,http_request_duration_seconds_bucket,api,a,prod,,0.1,,6890.0
1735690650,http_request_duration_seconds_bucket,api,a,prod,,0.25,,9328.0
1735690650,http_request_duration_seconds_bucket,api,a,prod,,0.5,,10282.0
1735690650,http_request_duration_seconds_bucket,api,a,prod,,1.0,,10547.0
1735690650,http_request_duration_seconds_bucket,api,a,prod,,+Inf,,10600.0
1735690650,http_request_duration_seconds_count,api,a,prod,,,,10600.0
1735690650,http_request_duration_seconds_sum,api,a,prod,,,,1272.0
1735690650,app_active_sessions,api,b,prod,,,,12.0
1735690650,queue_depth,api,b,prod,,,,8.0
1735690650,up,api,b,prod,,,,1.0
1735690650,http_requests_total,api,b,prod,200,,,1742.4
1735690650,http_requests_total,api,b,prod,500,,,17.6
1735690650,http_request_duration_seconds_bucket,api,b,prod,,0.1,,7579.0
1735690650,http_request_duration_seconds_bucket,api,b,prod,,0.25,,10260.8
1735690650,http_request_duration_seconds_bucket,api,b,prod,,0.5,,11310.199999999999
1735690650,http_request_duration_seconds_bucket,api,b,prod,,1.0,,11601.7
1735690650,http_request_duration_seconds_bucket,api,b,prod,,+Inf,,11660.0
1735690650,http_request_duration_seconds_count,api,b,prod,,,,11660.0
1735690650,http_request_duration_seconds_sum,api,b,prod,,,,1399.2
1735690650,service_info,web,,prod,,,experience,1.0
1735690650,app_active_sessions,web,a,prod,,,,5.0
1735690650,queue_depth,web,a,prod,,,,1.0
1735690650,up,web,a,prod,,,,1.0
1735690650,http_requests_total,web,a,prod,200,,,6296.4
1735690650,http_requests_total,web,a,prod,500,,,63.6
1735690650,http_request_duration_seconds_bucket,web,a,prod,,0.1,,4134.0
1735690650,http_request_duration_seconds_bucket,web,a,prod,,0.25,,5596.8
1735690650,http_request_duration_seconds_bucket,web,a,prod,,0.5,,6169.2
1735690650,http_request_duration_seconds_bucket,web,a,prod,,1.0,,6328.2
1735690650,http_request_duration_seconds_bucket,web,a,prod,,+Inf,,6360.0
1735690650,http_request_duration_seconds_count,web,a,prod,,,,6360.0
1735690650,http_request_duration_seconds_sum,web,a,prod,,,,763.1999999999999
1735690650,app_active_sessions,web,b,prod,,,,8.0
1735690650,queue_depth,web,b,prod,,,,4.0
1735690650,up,web,b,prod,,,,1.0
1735690650,http_requests_total,web,b,prod,200,,,7345.8
1735690650,http_requests_total,web,b,prod,500,,,74.2
1735690650,http_request_duration_seconds_bucket,web,b,prod,,0.1,,4823.0
1735690650,http_request_duration_seconds_bucket,web,b,prod,,0.25,,6529.6
1735690650,http_request_duration_seconds_bucket,web,b,prod,,0.5,,7197.4
1735690650,http_request_duration_seconds_bucket,web,b,prod,,1.0,,7382.9
1735690650,http_request_duration_seconds_bucket,web,b,prod,,+Inf,,7420.0
1735690650,http_request_duration_seconds_count,web,b,prod,,,,7420.0
1735690650,http_request_duration_seconds_sum,web,b,prod,,,,890.4
1735690680,service_info,api,,prod,,,platform,1.0
1735690680,app_active_sessions,api,a,prod,,,,9.0
1735690680,queue_depth,api,a,prod,,,,5.0
1735690680,up,api,a,prod,,,,1.0
1735690680,http_requests_total,api,a,prod,200,,,10791.0
1735690680,http_requests_total,api,a,prod,500,,,109.0
1735690680,http_request_duration_seconds_bucket,api,a,prod,,0.1,,7085.0
1735690680,http_request_duration_seconds_bucket,api,a,prod,,0.25,,9592.0
1735690680,http_request_duration_seconds_bucket,api,a,prod,,0.5,,10573.0
1735690680,http_request_duration_seconds_bucket,api,a,prod,,1.0,,10845.5
1735690680,http_request_duration_seconds_bucket,api,a,prod,,+Inf,,10900.0
1735690680,http_request_duration_seconds_count,api,a,prod,,,,10900.0
1735690680,http_request_duration_seconds_sum,api,a,prod,,,,1308.0
1735690680,app_active_sessions,api,b,prod,,,,12.0
1735690680,queue_depth,api,b,prod,,,,8.0
1735690680,up,api,b,prod,,,,1.0
1735690680,http_requests_total,api,b,prod,200,,,2069.1
1735690680,http_requests_total,api,b,prod,500,,,20.900000000000002
1735690680,http_request_duration_seconds_bucket,api,b,prod,,0.1,,7793.5
1735690680,http_request_duration_seconds_bucket,api,b,prod,,0.25,,10551.2
1735690680,http_request_duration_seconds_bucket,api,b,prod,,0.5,,11630.3
1735690680,http_request_duration_seconds_bucket,api,b,prod,,1.0,,11930.05
1735690680,http_request_duration_seconds_bucket,api,b,prod,,+Inf,,11990.0
1735690680,http_request_duration_seconds_count,api,b,prod,,,,11990.0
1735690680,http_request_duration_seconds_sum,api,b,prod,,,,1438.8
1735690680,service_info,web,,prod,,,experience,1.0
1735690680,app_active_sessions,web,a,prod,,,,5.0
1735690680,queue_depth,web,a,prod,,,,1.0
1735690680,up,web,a,prod,,,,1.0
1735690680,http_requests_total,web,a,prod,200,,,6474.6
1735690680,http_requests_total,web,a,prod,500,,,65.4
1735690680,http_request_duration_seconds_bucket,web,a,prod,,0.1,,4251.0
1735690680,http_request_duration_seconds_bucket,web,a,prod,,0.25,,5755.2
1735690680,http_request_duration_seconds_bucket,web,a,prod,,0.5,,6343.8
1735690680,http_request_duration_seconds_bucket,web,a,prod,,1.0,,6507.3
1735690680,http_request_duration_seconds_bucket,web,a,prod,,+Inf,,6540.0
1735690680,http_request_duration_seconds_count,web,a,prod,,,,6540.0
1735690680,http_request_duration_seconds_sum,web,a,prod,,,,784.8
1735690680,app_active_sessions,web,b,prod,,,,8.0
1735690680,queue_depth,web,b,prod,,,,4.0
1735690680,up,web,b,prod,,,,1.0
1735690680,http_requests_total,web,b,prod,200,,,7553.7
1735690680,http_requests_total,web,b,prod,500,,,76.3
1735690680,http_request_duration_seconds_bucket,web,b,prod,,0.1,,4959.5
1735690680,http_request_duration_seconds_bucket,web,b,prod,,0.25,,6714.4
1735690680,http_request_duration_seconds_bucket,web,b,prod,,0.5,,7401.099999999999
1735690680,http_request_duration_seconds_bucket,web,b,prod,,1.0,,7591.85
1735690680,http_request_duration_seconds_bucket,web,b,prod,,+Inf,,7630.0
1735690680,http_request_duration_seconds_count,web,b,prod,,,,7630.0
1735690680,http_request_duration_seconds_sum,web,b,prod,,,,915.6
1735690710,service_info,api,,prod,,,platform,1.0
1735690710,app_active_sessions,api,a,prod,,,,10.0
1735690710,queue_depth,api,a,prod,,,,6.0
1735690710,up,api,a,prod,,,,1.0
1735690710,http_requests_total,api,a,prod,200,,,11088.0
1735690710,http_requests_total,api,a,prod,500,,,112.0
1735690710,http_request_duration_seconds_bucket,api,a,prod,,0.1,,7280.0
1735690710,http_request_duration_seconds_bucket,api,a,prod,,0.25,,9856.0
1735690710,http_request_duration_seconds_bucket,api,a,prod,,0.5,,10864.0
1735690710,http_request_duration_seconds_bucket,api,a,prod,,1.0,,11144.0
1735690710,http_request_duration_seconds_bucket,api,a,prod,,+Inf,,11200.0
1735690710,http_request_duration_seconds_count,api,a,prod,,,,11200.0
1735690710,http_request_duration_seconds_sum,api,a,prod,,,,1344.0
1735690710,app_active_sessions,api,b,prod,,,,13.0
1735690710,queue_depth,api,b,prod,,,,9.0
1735690710,up,api,b,prod,,,,1.0
1735690710,http_requests_total,api,b,prod,200,,,2395.8
1735690710,http_requests_total,api,b,prod,500,,,24.2
1735690710,http_request_duration_seconds_bucket,api,b,prod,,0.1,,8008.0
1735690710,http_request_duration_seconds_bucket,api,b,prod,,0.25,,10841.6
1735690710,http_request_duration_seconds_bucket,api,b,prod,,0.5,,11950.4
1735690710,http_request_duration_seconds_bucket,api,b,prod,,1.0,,12258.4
1735690710,http_request_duration_seconds_bucket,api,b,prod,,+Inf,,12320.0
1735690710,http_request_duration_seconds_count,api,b,prod,,,,12320.0
1735690710,http_request_duration_seconds_sum,api,b,prod,,,,1478.3999999999999
1735690710,service_info,web,,prod,,,experience,1.0
1735690710,app_active_sessions,web,a,prod,,,,6.0
1735690710,queue_depth,web,a,prod,,,,2.0
1735690710,up,web,a,prod,,,,1.0
1735690710,http_requests_total,web,a,prod,200,,,6652.8
1735690710,http_requests_total,web,a,prod,500,,,67.2
1735690710,http_request_duration_seconds_bucket,web,a,prod,,0.1,,4368.0
1735690710,http_request_duration_seconds_bucket,web,a,prod,,0.25,,5913.6
1735690710,http_request_duration_seconds_bucket,web,a,prod,,0.5,,6518.4
1735690710,http_request_duration_seconds_bucket,web,a,prod,,1.0,,6686.4
1735690710,http_request_duration_seconds_bucket,web,a,prod,,+Inf,,6720.0
1735690710,http_request_duration_seconds_count,web,a,prod,,,,6720.0
1735690710,http_request_duration_seconds_sum,web,a,prod,,,,806.4
1735690710,app_active_sessions,web,b,prod,,,,9.0
1735690710,queue_depth,web,b,prod,,,,5.0
1735690710,up,web,b,prod,,,,1.0
1735690710,http_requests_total,web,b,prod,200,,,7761.6
1735690710,http_requests_total,web,b,prod,500,,,78.4
1735690710,http_request_duration_seconds_bucket,web,b,prod,,0.1,,5096.0
1735690710,http_request_duration_seconds_bucket,web,b,prod,,0.25,,6899.2
1735690710,http_request_duration_seconds_bucket,web,b,prod,,0.5,,7604.8
1735690710,http_request_duration_seconds_bucket,web,b,prod,,1.0,,7800.8
1735690710,http_request_duration_seconds_bucket,web,b,prod,,+Inf,,7840.0
1735690710,http_request_duration_seconds_count,web,b,prod,,,,7840.0
1735690710,http_request_duration_seconds_sum,web,b,prod,,,,940.8
1735690740,service_info,api,,prod,,,platform,1.0
1735690740,app_active_sessions,api,a,prod,,,,10.0
1735690740,queue_depth,api,a,prod,,,,6.0
1735690740,up,api,a,prod,,,,1.0
1735690740,http_requests_total,api,a,prod,200,,,11385.0
1735690740,http_requests_total,api,a,prod,500,,,115.0
1735690740,http_request_duration_seconds_bucket,api,a,prod,,0.1,,7475.0
1735690740,http_request_duration_seconds_bucket,api,a,prod,,0.25,,10120.0
1735690740,http_request_duration_seconds_bucket,api,a,prod,,0.5,,11155.0
1735690740,http_request_duration_seconds_bucket,api,a,prod,,1.0,,11442.5
1735690740,http_request_duration_seconds_bucket,api,a,prod,,+Inf,,11500.0
1735690740,http_request_duration_seconds_count,api,a,prod,,,,11500.0
1735690740,http_request_duration_seconds_sum,api,a,prod,,,,1380.0
1735690740,app_active_sessions,api,b,prod,,,,13.0
1735690740,queue_depth,api,b,prod,,,,9.0
1735690740,up,api,b,prod,,,,1.0
1735690740,http_requests_total,api,b,prod,200,,,2722.5
1735690740,http_requests_total,api,b,prod,500,,,27.5
1735690740,http_request_duration_seconds_bucket,api,b,prod,,0.1,,8222.5
1735690740,http_request_duration_seconds_bucket,api,b,prod,,0.25,,11132.0
1735690740,http_request_duration_seconds_bucket,api,b,prod,,0.5,,12270.5
1735690740,http_request_duration_seconds_bucket,api,b,prod,,1.0,,12586.75
1735690740,http_request_duration_seconds_bucket,api,b,prod,,+Inf,,12650.0
1735690740,http_request_duration_seconds_count,api,b,prod,,,,12650.0
1735690740,http_request_duration_seconds_sum,api,b,prod,,,,1518.0
1735690740,service_info,web,,prod,,,experience,1.0
1735690740,app_active_sessions,web,a,prod,,,,6.0
1735690740,queue_depth,web,a,prod,,,,2.0
1735690740,up,web,a,prod,,,,1.0
1735690740,http_requests_total,web,a,prod,200,,,6831.0
1735690740,http_requests_total,web,a,prod,500,,,69.0
1735690740,http_request_duration_seconds_bucket,web,a,prod,,0.1,,4485.0
1735690740,http_request_duration_seconds_bucket,web,a,prod,,0.25,,6072.0
1735690740,http_request_duration_seconds_bucket,web,a,prod,,0.5,,6693.0
1735690740,http_request_duration_seconds_bucket,web,a,prod,,1.0,,6865.5
1735690740,http_request_duration_seconds_bucket,web,a,prod,,+Inf,,6900.0
1735690740,http_request_duration_seconds_count,web,a,prod,,,,6900.0
1735690740,http_request_duration_seconds_sum,web,a,prod,,,,828.0
1735690740,app_active_sessions,web,b,prod,,,,9.0
1735690740,queue_depth,web,b,prod,,,,5.0
1735690740,up,web,b,prod,,,,1.0
1735690740,http_requests_total,web,b,prod,200,,,7969.5
1735690740,http_requests_total,web,b,prod,500,,,80.5
1735690740,http_request_duration_seconds_bucket,web,b,prod,,0.1,,5232.5
1735690740,http_request_duration_seconds_bucket,web,b,prod,,0.25,,7084.0
1735690740,http_request_duration_seconds_bucket,web,b,prod,,0.5,,7808.5
1735690740,http_request_duration_seconds_bucket,web,b,prod,,1.0,,8009.75
1735690740,http_request_duration_seconds_bucket,web,b,prod,,+Inf,,8050.0
1735690740,http_request_duration_seconds_count,web,b,prod,,,,8050.0
1735690740,http_request_duration_seconds_sum,web,b,prod,,,,966.0
1735690770,service_info,api,,prod,,,platform,1.0
1735690770,app_active_sessions,api,a,prod,,,,11.0
1735690770,queue_depth,api,a,prod,,,,7.0
1735690770,up,api,a,prod,,,,1.0
1735690770,http_requests_total,api,a,prod,200,,,11682.0
1735690770,http_requests_total,api,a,prod,500,,,118.0
1735690770,http_request_duration_seconds_bucket,api,a,prod,,0.1,,7670.0
1735690770,http_request_duration_seconds_bucket,api,a,prod,,0.25,,10384.0
1735690770,http_request_duration_seconds_bucket,api,a,prod,,0.5,,11446.0
1735690770,http_request_duration_seconds_bucket,api,a,prod,,1.0,,11741.0
1735690770,http_request_duration_seconds_bucket,api,a,prod,,+Inf,,11800.0
1735690770,http_request_duration_seconds_count,api,a,prod,,,,11800.0
1735690770,http_request_duration_seconds_sum,api,a,prod,,,,1416.0
1735690770,app_active_sessions,api,b,prod,,,,14.0
1735690770,queue_depth,api,b,prod,,,,10.0
1735690770,up,api,b,prod,,,,1.0
1735690770,http_requests_total,api,b,prod,200,,,3049.2
1735690770,http_requests_total,api,b,prod,500,,,30.8
1735690770,http_request_duration_seconds_bucket,api,b,prod,,0.1,,8437.0
1735690770,http_request_duration_seconds_bucket,api,b,prod,,0.25,,11422.4
1735690770,http_request_duration_seconds_bucket,api,b,prod,,0.5,,12590.6
1735690770,http_request_duration_seconds_bucket,api,b,prod,,1.0,,12915.1
1735690770,http_request_duration_seconds_bucket,api,b,prod,,+Inf,,12980.0
1735690770,http_request_duration_seconds_count,api,b,prod,,,,12980.0
1735690770,http_request_duration_seconds_sum,api,b,prod,,,,1557.6
1735690770,service_info,web,,prod,,,experience,1.0
1735690770,app_active_sessions,web,a,prod,,,,7.0
1735690770,queue_depth,web,a,prod,,,,3.0
1735690770,up,web,a,prod,,,,1.0
1735690770,http_requests_total,web,a,prod,200,,,7009.2
1735690770,http_requests_total,web,a,prod,500,,,70.8
1735690770,http_request_duration_seconds_bucket,web,a,prod,,0.1,,4602.0
1735690770,http_request_duration_seconds_bucket,web,a,prod,,0.25,,6230.4
1735690770,http_request_duration_seconds_bucket,web,a,prod,,0.5,,6867.599999999999
1735690770,http_request_duration_seconds_bucket,web,a,prod,,1.0,,7044.6
1735690770,http_request_duration_seconds_bucket,web,a,prod,,+Inf,,7080.0
1735690770,http_request_duration_seconds_count,web,a,prod,,,,7080.0
1735690770,http_request_duration_seconds_sum,web,a,prod,,,,849.6
1735690770,app_active_sessions,web,b,prod,,,,10.0
1735690770,queue_depth,web,b,prod,,,,6.0
1735690770,up,web,b,prod,,,,1.0
1735690770,http_requests_total,web,b,prod,200,,,8177.4
1735690770,http_requests_total,web,b,prod,500,,,82.60000000000001
1735690770,http_request_duration_seconds_bucket,web,b,prod,,0.1,,5369.0
1735690770,http_request_duration_seconds_bucket,web,b,prod,,0.25,,7268.8
1735690770,http_request_duration_seconds_bucket,web,b,prod,,0.5,,8012.2
1735690770,http_request_duration_seconds_bucket,web,b,prod,,1.0,,8218.7
1735690770,http_request_duration_seconds_bucket,web,b,prod,,+Inf,,8260.0
1735690770,http_request_duration_seconds_count,web,b,prod,,,,8260.0
1735690770,http_request_duration_seconds_sum,web,b,prod,,,,991.1999999999999
1735690800,service_info,api,,prod,,,platform,1.0
1735690800,app_active_sessions,api,a,prod,,,,11.0
1735690800,queue_depth,api,a,prod,,,,7.0
1735690800,up,api,a,prod,,,,1.0
1735690800,http_requests_total,api,a,prod,200,,,11979.0
1735690800,http_requests_total,api,a,prod,500,,,121.0
1735690800,http_request_duration_seconds_bucket,api,a,prod,,0.1,,7865.0
1735690800,http_request_duration_seconds_bucket,api,a,prod,,0.25,,10648.0
1735690800,http_request_duration_seconds_bucket,api,a,prod,,0.5,,11737.0
1735690800,http_request_duration_seconds_bucket,api,a,prod,,1.0,,12039.5
1735690800,http_request_duration_seconds_bucket,api,a,prod,,+Inf,,12100.0
1735690800,http_request_duration_seconds_count,api,a,prod,,,,12100.0
1735690800,http_request_duration_seconds_sum,api,a,prod,,,,1452.0
1735690800,app_active_sessions,api,b,prod,,,,14.0
1735690800,queue_depth,api,b,prod,,,,10.0
1735690800,up,api,b,prod,,,,1.0
1735690800,http_requests_total,api,b,prod,200,,,3375.9
1735690800,http_requests_total,api,b,prod,500,,,34.1
1735690800,http_request_duration_seconds_bucket,api,b,prod,,0.1,,8651.5
1735690800,http_request_duration_seconds_bucket,api,b,prod,,0.25,,11712.8
1735690800,http_request_duration_seconds_bucket,api,b,prod,,0.5,,12910.699999999999
1735690800,http_request_duration_seconds_bucket,api,b,prod,,1.0,,13243.45
1735690800,http_request_duration_seconds_bucket,api,b,prod,,+Inf,,13310.0
1735690800,http_request_duration_seconds_count,api,b,prod,,,,13310.0
1735690800,http_request_duration_seconds_sum,api,b,prod,,,,1597.2
1735690800,service_info,web,,prod,,,experience,1.0
1735690800,app_active_sessions,web,a,prod,,,,7.0
1735690800,queue_depth,web,a,prod,,,,3.0
1735690800,up,web,a,prod,,,,1.0
1735690800,http_requests_total,web,a,prod,200,,,7187.4
1735690800,http_requests_total,web,a,prod,500,,,72.60000000000001
1735690800,http_request_duration_seconds_bucket,web,a,prod,,0.1,,4719.0
1735690800,http_request_duration_seconds_bucket,web,a,prod,,0.25,,6388.8
1735690800,http_request_duration_seconds_bucket,web,a,prod,,0.5,,7042.2
1735690800,http_request_duration_seconds_bucket,web,a,prod,,1.0,,7223.7
1735690800,http_request_duration_seconds_bucket,web,a,prod,,+Inf,,7260.0
1735690800,http_request_duration_seconds_count,web,a,prod,,,,7260.0
1735690800,http_request_duration_seconds_sum,web,a,prod,,,,871.1999999999999
1735690800,app_active_sessions,web,b,prod,,,,10.0
1735690800,queue_depth,web,b,prod,,,,6.0
1735690800,up,web,b,prod,,,,1.0
1735690800,http_requests_total,web,b,prod,200,,,8385.3
1735690800,http_requests_total,web,b,prod,500,,,84.7
1735690800,http_request_duration_seconds_bucket,web,b,prod,,0.1,,5505.5
1735690800,http_request_duration_seconds_bucket,web,b,prod,,0.25,,7453.6
1735690800,http_request_duration_seconds_bucket,web,b,prod,,0.5,,8215.9
1735690800,http_request_duration_seconds_bucket,web,b,prod,,1.0,,8427.65
1735690800,http_request_duration_seconds_bucket,web,b,prod,,+Inf,,8470.0
1735690800,http_request_duration_seconds_count,web,b,prod,,,,8470.0
1735690800,http_request_duration_seconds_sum,web,b,prod,,,,1016.4
1735690830,service_info,api,,prod,,,platform,1.0
1735690830,app_active_sessions,api,a,prod,,,,12.0
1735690830,queue_depth,api,a,prod,,,,8.0
1735690830,up,api,a,prod,,,,1.0
1735690830,http_requests_total,api,a,prod,200,,,12276.0
1735690830,http_requests_total,api,a,prod,500,,,124.0
1735690830,http_request_duration_seconds_bucket,api,a,prod,,0.1,,8060.0
1735690830,http_request_duration_seconds_bucket,api,a,prod,,0.25,,10912.0
1735690830,http_request_duration_seconds_bucket,api,a,prod,,0.5,,12028.0
1735690830,http_request_duration_seconds_bucket,api,a,prod,,1.0,,12338.0
1735690830,http_request_duration_seconds_bucket,api,a,prod,,+Inf,,12400.0
1735690830,http_request_duration_seconds_count,api,a,prod,,,,12400.0
1735690830,http_request_duration_seconds_sum,api,a,prod,,,,1488.0
1735690830,app_active_sessions,api,b,prod,,,,15.0
1735690830,queue_depth,api,b,prod,,,,11.0
1735690830,up,api,b,prod,,,,1.0
1735690830,http_requests_total,api,b,prod,200,,,3702.6
1735690830,http_requests_total,api,b,prod,500,,,37.4
1735690830,http_request_duration_seconds_bucket,api,b,prod,,0.1,,8866.0
1735690830,http_request_duration_seconds_bucket,api,b,prod,,0.25,,12003.2
1735690830,http_request_duration_seconds_bucket,api,b,prod,,0.5,,13230.8
1735690830,http_request_duration_seconds_bucket,api,b,prod,,1.0,,13571.8
1735690830,http_request_duration_seconds_bucket,api,b,prod,,+Inf,,13640.0
1735690830,http_request_duration_seconds_count,api,b,prod,,,,13640.0
1735690830,http_request_duration_seconds_sum,api,b,prod,,,,1636.8
1735690830,service_info,web,,prod,,,experience,1.0
1735690830,app_active_sessions,web,a,prod,,,,8.0
1735690830,queue_depth,web,a,prod,,,,4.0
1735690830,up,web,a,prod,,,,1.0
1735690830,http_requests_total,web,a,prod,200,,,7365.6
1735690830,http_requests_total,web,a,prod,500,,,74.4
1735690830,http_request_duration_seconds_bucket,web,a,prod,,0.1,,4836.0
1735690830,http_request_duration_seconds_bucket,web,a,prod,,0.25,,6547.2
1735690830,http_request_duration_seconds_bucket,web,a,prod,,0.5,,7216.8
1735690830,http_request_duration_seconds_bucket,web,a,prod,,1.0,,7402.8
1735690830,http_request_duration_seconds_bucket,web,a,prod,,+Inf,,7440.0
1735690830,http_request_duration_seconds_count,web,a,prod,,,,7440.0
1735690830,http_request_duration_seconds_sum,web,a,prod,,,,892.8
1735690830,app_active_sessions,web,b,prod,,,,11.0
1735690830,queue_depth,web,b,prod,,,,7.0
1735690830,up,web,b,prod,,,,1.0
1735690830,http_requests_total,web,b,prod,200,,,8593.2
1735690830,http_requests_total,web,b,prod,500,,,86.8
1735690830,http_request_duration_seconds_bucket,web,b,prod,,0.1,,5642.0
1735690830,http_request_duration_seconds_bucket,web,b,prod,,0.25,,7638.4
1735690830,http_request_duration_seconds_bucket,web,b,prod,,0.5,,8419.6
1735690830,http_request_duration_seconds_bucket,web,b,prod,,1.0,,8636.6
1735690830,http_request_duration_seconds_bucket,web,b,prod,,+Inf,,8680.0
1735690830,http_request_duration_seconds_count,web,b,prod,,,,8680.0
1735690830,http_request_duration_seconds_sum,web,b,prod,,,,1041.6
1735690860,service_info,api,,prod,,,platform,1.0
1735690860,app_active_sessions,api,a,prod,,,,12.0
1735690860,queue_depth,api,a,prod,,,,8.0
1735690860,up,api,a,prod,,,,1.0
1735690860,http_requests_total,api,a,prod,200,,,12573.0
1735690860,http_requests_total,api,a,prod,500,,,127.0
1735690860,http_request_duration_seconds_bucket,api,a,prod,,0.1,,8255.0
1735690860,http_request_duration_seconds_bucket,api,a,prod,,0.25,,11176.0
1735690860,http_request_duration_seconds_bucket,api,a,prod,,0.5,,12319.0
1735690860,http_request_duration_seconds_bucket,api,a,prod,,1.0,,12636.5
1735690860,http_request_duration_seconds_bucket,api,a,prod,,+Inf,,12700.0
1735690860,http_request_duration_seconds_count,api,a,prod,,,,12700.0
1735690860,http_request_duration_seconds_sum,api,a,prod,,,,1524.0
1735690860,app_active_sessions,api,b,prod,,,,15.0
1735690860,queue_depth,api,b,prod,,,,11.0
1735690860,up,api,b,prod,,,,1.0
1735690860,http_requests_total,api,b,prod,200,,,4029.3
1735690860,http_requests_total,api,b,prod,500,,,40.7
1735690860,http_request_duration_seconds_bucket,api,b,prod,,0.1,,9080.5
1735690860,http_request_duration_seconds_bucket,api,b,prod,,0.25,,12293.6
1735690860,http_request_duration_seconds_bucket,api,b,prod,,0.5,,13550.9
1735690860,http_request_duration_seconds_bucket,api,b,prod,,1.0,,13900.15
1735690860,http_request_duration_seconds_bucket,api,b,prod,,+Inf,,13970.0
1735690860,http_request_duration_seconds_count,api,b,prod,,,,13970.0
1735690860,http_request_duration_seconds_sum,api,b,prod,,,,1676.3999999999999
1735690860,service_info,web,,prod,,,experience,1.0
1735690860,app_active_sessions,web,a,prod,,,,8.0
1735690860,queue_depth,web,a,prod,,,,4.0
1735690860,up,web,a,prod,,,,1.0
1735690860,http_requests_total,web,a,prod,200,,,7543.8
1735690860,http_requests_total,web,a,prod,500,,,76.2
1735690860,http_request_duration_seconds_bucket,web,a,prod,,0.1,,4953.0
1735690860,http_request_duration_seconds_bucket,web,a,prod,,0.25,,6705.6
1735690860,http_request_duration_seconds_bucket,web,a,prod,,0.5,,7391.4
1735690860,http_request_duration_seconds_bucket,web,a,prod,,1.0,,7581.9
1735690860,http_request_duration_seconds_bucket,web,a,prod,,+Inf,,7620.0
1735690860,http_request_duration_seconds_count,web,a,prod,,,,7620.0
1735690860,http_request_duration_seconds_sum,web,a,prod,,,,914.4
1735690860,app_active_sessions,web,b,prod,,,,11.0
1735690860,queue_depth,web,b,prod,,,,7.0
1735690860,up,web,b,prod,,,,1.0
1735690860,http_requests_total,web,b,prod,200,,,8801.1
1735690860,http_requests_total,web,b,prod,500,,,88.9
1735690860,http_request_duration_seconds_bucket,web,b,prod,,0.1,,5778.5
1735690860,http_request_duration_seconds_bucket,web,b,prod,,0.25,,7823.2
1735690860,http_request_duration_seconds_bucket,web,b,prod,,0.5,,8623.3
1735690860,http_request_duration_seconds_bucket,web,b,prod,,1.0,,8845.55
1735690860,http_request_duration_seconds_bucket,web,b,prod,,+Inf,,8890.0
1735690860,http_request_duration_seconds_count,web,b,prod,,,,8890.0
1735690860,http_request_duration_seconds_sum,web,b,prod,,,,1066.8
1735690890,service_info,api,,prod,,,platform,1.0
1735690890,app_active_sessions,api,a,prod,,,,12.0
1735690890,queue_depth,api,a,prod,,,,8.0
1735690890,up,api,a,prod,,,,1.0
1735690890,http_requests_total,api,a,prod,200,,,12870.0
1735690890,http_requests_total,api,a,prod,500,,,130.0
1735690890,http_request_duration_seconds_bucket,api,a,prod,,0.1,,8450.0
1735690890,http_request_duration_seconds_bucket,api,a,prod,,0.25,,11440.0
1735690890,http_request_duration_seconds_bucket,api,a,prod,,0.5,,12610.0
1735690890,http_request_duration_seconds_bucket,api,a,prod,,1.0,,12935.0
1735690890,http_request_duration_seconds_bucket,api,a,prod,,+Inf,,13000.0
1735690890,http_request_duration_seconds_count,api,a,prod,,,,13000.0
1735690890,http_request_duration_seconds_sum,api,a,prod,,,,1560.0
1735690890,app_active_sessions,api,b,prod,,,,15.0
1735690890,queue_depth,api,b,prod,,,,11.0
1735690890,up,api,b,prod,,,,1.0
1735690890,http_requests_total,api,b,prod,200,,,4356.0
1735690890,http_requests_total,api,b,prod,500,,,44.0
1735690890,http_request_duration_seconds_bucket,api,b,prod,,0.1,,9295.0
1735690890,http_request_duration_seconds_bucket,api,b,prod,,0.25,,12584.0
1735690890,http_request_duration_seconds_bucket,api,b,prod,,0.5,,13871.0
1735690890,http_request_duration_seconds_bucket,api,b,prod,,1.0,,14228.5
1735690890,http_request_duration_seconds_bucket,api,b,prod,,+Inf,,14300.0
1735690890,http_request_duration_seconds_count,api,b,prod,,,,14300.0
1735690890,http_request_duration_seconds_sum,api,b,prod,,,,1716.0
1735690890,service_info,web,,prod,,,experience,1.0
1735690890,app_active_sessions,web,a,prod,,,,8.0
1735690890,queue_depth,web,a,prod,,,,4.0
1735690890,up,web,a,prod,,,,1.0
1735690890,http_requests_total,web,a,prod,200,,,7722.0
1735690890,http_requests_total,web,a,prod,500,,,78.0
1735690890,http_request_duration_seconds_bucket,web,a,prod,,0.1,,5070.0
1735690890,http_request_duration_seconds_bucket,web,a,prod,,0.25,,6864.0
1735690890,http_request_duration_seconds_bucket,web,a,prod,,0.5,,7566.0
1735690890,http_request_duration_seconds_bucket,web,a,prod,,1.0,,7761.0
1735690890,http_request_duration_seconds_bucket,web,a,prod,,+Inf,,7800.0
1735690890,http_request_duration_seconds_count,web,a,prod,,,,7800.0
1735690890,http_request_duration_seconds_sum,web,a,prod,,,,936.0
1735690890,app_active_sessions,web,b,prod,,,,11.0
1735690890,queue_depth,web,b,prod,,,,7.0
1735690890,up,web,b,prod,,,,1.0
1735690890,http_requests_total,web,b,prod,200,,,9009.0
1735690890,http_requests_total,web,b,prod,500,,,91.0
1735690890,http_request_duration_seconds_bucket,web,b,prod,,0.1,,5915.0
1735690890,http_request_duration_seconds_bucket,web,b,prod,,0.25,,8008.0
1735690890,http_request_duration_seconds_bucket,web,b,prod,,0.5,,8827.0
1735690890,http_request_duration_seconds_bucket,web,b,prod,,1.0,,9054.5
1735690890,http_request_duration_seconds_bucket,web,b,prod,,+Inf,,9100.0
1735690890,http_request_duration_seconds_count,web,b,prod,,,,9100.0
1735690890,http_request_duration_seconds_sum,web,b,prod,,,,1092.0
1735690920,service_info,api,,prod,,,platform,1.0
1735690920,app_active_sessions,api,a,prod,,,,13.0
1735690920,queue_depth,api,a,prod,,,,9.0
1735690920,up,api,a,prod,,,,1.0
1735690920,http_requests_total,api,a,prod,200,,,13167.0
1735690920,http_requests_total,api,a,prod,500,,,133.0
1735690920,http_request_duration_seconds_bucket,api,a,prod,,0.1,,8645.0
1735690920,http_request_duration_seconds_bucket,api,a,prod,,0.25,,11704.0
1735690920,http_request_duration_seconds_bucket,api,a,prod,,0.5,,12901.0
1735690920,http_request_duration_seconds_bucket,api,a,prod,,1.0,,13233.5
1735690920,http_request_duration_seconds_bucket,api,a,prod,,+Inf,,13300.0
1735690920,http_request_duration_seconds_count,api,a,prod,,,,13300.0
1735690920,http_request_duration_seconds_sum,api,a,prod,,,,1596.0
1735690920,app_active_sessions,api,b,prod,,,,16.0
1735690920,queue_depth,api,b,prod,,,,12.0
1735690920,up,api,b,prod,,,,1.0
1735690920,http_requests_total,api,b,prod,200,,,4682.7
1735690920,http_requests_total,api,b,prod,500,,,47.300000000000004
1735690920,http_request_duration_seconds_bucket,api,b,prod,,0.1,,9509.5
1735690920,http_request_duration_seconds_bucket,api,b,prod,,0.25,,12874.4
1735690920,http_request_duration_seconds_bucket,api,b,prod,,0.5,,14191.1
1735690920,http_request_duration_seconds_bucket,api,b,prod,,1.0,,14556.85
1735690920,http_request_duration_seconds_bucket,api,b,prod,,+Inf,,14630.0
1735690920,http_request_duration_seconds_count,api,b,prod,,,,14630.0
1735690920,http_request_duration_seconds_sum,api,b,prod,,,,1755.6
1735690920,service_info,web,,prod,,,experience,1.0
1735690920,app_active_sessions,web,a,prod,,,,9.0
1735690920,queue_depth,web,a,prod,,,,5.0
1735690920,up,web,a,prod,,,,1.0
1735690920,http_requests_total,web,a,prod,200,,,7900.2
1735690920,http_requests_total,web,a,prod,500,,,79.8
1735690920,http_request_duration_seconds_bucket,web,a,prod,,0.1,,5187.0
1735690920,http_request_duration_seconds_bucket,web,a,prod,,0.25,,7022.4
1735690920,http_request_duration_seconds_bucket,web,a,prod,,0.5,,7740.599999999999
1735690920,http_request_duration_seconds_bucket,web,a,prod,,1.0,,7940.1
1735690920,http_request_duration_seconds_bucket,web,a,prod,,+Inf,,7980.0
1735690920,http_request_duration_seconds_count,web,a,prod,,,,7980.0
1735690920,http_request_duration_seconds_sum,web,a,prod,,,,957.5999999999999
1735690920,app_active_sessions,web,b,prod,,,,12.0
1735690920,queue_depth,web,b,prod,,,,8.0
1735690920,up,web,b,prod,,,,1.0
1735690920,http_requests_total,web,b,prod,200,,,9216.9
1735690920,http_requests_total,web,b,prod,500,,,93.10000000000001
1735690920,http_request_duration_seconds_bucket,web,b,prod,,0.1,,6051.5
1735690920,http_request_duration_seconds_bucket,web,b,prod,,0.25,,8192.8
1735690920,http_request_duration_seconds_bucket,web,b,prod,,0.5,,9030.699999999999
1735690920,http_request_duration_seconds_bucket,web,b,prod,,1.0,,9263.45
1735690920,http_request_duration_seconds_bucket,web,b,prod,,+Inf,,9310.0
1735690920,http_request_duration_seconds_count,web,b,prod,,,,9310.0
1735690920,http_request_duration_seconds_sum,web,b,prod,,,,1117.2
1735690950,service_info,api,,prod,,,platform,1.0
1735690950,app_active_sessions,api,a,prod,,,,13.0
1735690950,queue_depth,api,a,prod,,,,9.0
1735690950,up,api,a,prod,,,,1.0
1735690950,http_requests_total,api,a,prod,200,,,13464.0
1735690950,http_requests_total,api,a,prod,500,,,136.0
1735690950,http_request_duration_seconds_bucket,api,a,prod,,0.1,,8840.0
1735690950,http_request_duration_seconds_bucket,api,a,prod,,0.25,,11968.0
1735690950,http_request_duration_seconds_bucket,api,a,prod,,0.5,,13192.0
1735690950,http_request_duration_seconds_bucket,api,a,prod,,1.0,,13532.0
1735690950,http_request_duration_seconds_bucket,api,a,prod,,+Inf,,13600.0
1735690950,http_request_duration_seconds_count,api,a,prod,,,,13600.0
1735690950,http_request_duration_seconds_sum,api,a,prod,,,,1632.0
1735690950,app_active_sessions,api,b,prod,,,,16.0
1735690950,queue_depth,api,b,prod,,,,12.0
1735690950,up,api,b,prod,,,,1.0
1735690950,http_requests_total,api,b,prod,200,,,5009.4
1735690950,http_requests_total,api,b,prod,500,,,50.6
1735690950,http_request_duration_seconds_bucket,api,b,prod,,0.1,,9724.0
1735690950,http_request_duration_seconds_bucket,api,b,prod,,0.25,,13164.8
1735690950,http_request_duration_seconds_bucket,api,b,prod,,0.5,,14511.199999999999
1735690950,http_request_duration_seconds_bucket,api,b,prod,,1.0,,14885.2
1735690950,http_request_duration_seconds_bucket,api,b,prod,,+Inf,,14960.0
1735690950,http_request_duration_seconds_count,api,b,prod,,,,14960.0
1735690950,http_request_duration_seconds_sum,api,b,prod,,,,1795.2
1735690950,service_info,web,,prod,,,experience,1.0
1735690950,app_active_sessions,web,a,prod,,,,9.0
1735690950,queue_depth,web,a,prod,,,,5.0
1735690950,up,web,a,prod,,,,1.0
1735690950,http_requests_total,web,a,prod,200,,,8078.4
1735690950,http_requests_total,web,a,prod,500,,,81.60000000000001
1735690950,http_request_duration_seconds_bucket,web,a,prod,,0.1,,5304.0
1735690950,http_request_duration_seconds_bucket,web,a,prod,,0.25,,7180.8
1735690950,http_request_duration_seconds_bucket,web,a,prod,,0.5,,7915.2
1735690950,http_request_duration_seconds_bucket,web,a,prod,,1.0,,8119.2
1735690950,http_request_duration_seconds_bucket,web,a,prod,,+Inf,,8160.0
1735690950,http_request_duration_seconds_count,web,a,prod,,,,8160.0
1735690950,http_request_duration_seconds_sum,web,a,prod,,,,979.1999999999999
1735690950,app_active_sessions,web,b,prod,,,,12.0
1735690950,queue_depth,web,b,prod,,,,8.0
1735690950,up,web,b,prod,,,,1.0
1735690950,http_requests_total,web,b,prod,200,,,9424.8
1735690950,http_requests_total,web,b,prod,500,,,95.2
1735690950,http_request_duration_seconds_bucket,web,b,prod,,0.1,,6188.0
1735690950,http_request_duration_seconds_bucket,web,b,prod,,0.25,,8377.6
1735690950,http_request_duration_seconds_bucket,web,b,prod,,0.5,,9234.4
1735690950,http_request_duration_seconds_bucket,web,b,prod,,1.0,,9472.4
1735690950,http_request_duration_seconds_bucket,web,b,prod,,+Inf,,9520.0
1735690950,http_request_duration_seconds_count,web,b,prod,,,,9520.0
1735690950,http_request_duration_seconds_sum,web,b,prod,,,,1142.3999999999999
1735690980,service_info,api,,prod,,,platform,1.0
1735690980,app_active_sessions,api,a,prod,,,,13.0
1735690980,queue_depth,api,a,prod,,,,9.0
1735690980,up,api,a,prod,,,,1.0
1735690980,http_requests_total,api,a,prod,200,,,13761.0
1735690980,http_requests_total,api,a,prod,500,,,139.0
1735690980,http_request_duration_seconds_bucket,api,a,prod,,0.1,,9035.0
1735690980,http_request_duration_seconds_bucket,api,a,prod,,0.25,,12232.0
1735690980,http_request_duration_seconds_bucket,api,a,prod,,0.5,,13483.0
1735690980,http_request_duration_seconds_bucket,api,a,prod,,1.0,,13830.5
1735690980,http_request_duration_seconds_bucket,api,a,prod,,+Inf,,13900.0
1735690980,http_request_duration_seconds_count,api,a,prod,,,,13900.0
1735690980,http_request_duration_seconds_sum,api,a,prod,,,,1668.0
1735690980,app_active_sessions,api,b,prod,,,,16.0
1735690980,queue_depth,api,b,prod,,,,12.0
1735690980,up,api,b,prod,,,,1.0
1735690980,http_requests_total,api,b,prod,200,,,5336.1
1735690980,http_requests_total,api,b,prod,500,,,53.9
1735690980,http_request_duration_seconds_bucket,api,b,prod,,0.1,,9938.5
1735690980,http_request_duration_seconds_bucket,api,b,prod,,0.25,,13455.2
1735690980,http_request_duration_seconds_bucket,api,b,prod,,0.5,,14831.3
1735690980,http_request_duration_seconds_bucket,api,b,prod,,1.0,,15213.55
1735690980,http_request_duration_seconds_bucket,api,b,prod,,+Inf,,15290.0
1735690980,http_request_duration_seconds_count,api,b,prod,,,,15290.0
1735690980,http_request_duration_seconds_sum,api,b,prod,,,,1834.8
1735690980,service_info,web,,prod,,,experience,1.0
1735690980,app_active_sessions,web,a,prod,,,,9.0
1735690980,queue_depth,web,a,prod,,,,5.0
1735690980,up,web,a,prod,,,,1.0
1735690980,http_requests_total,web,a,prod,200,,,8256.6
1735690980,http_requests_total,web,a,prod,500,,,83.4
1735690980,http_request_duration_seconds_bucket,web,a,prod,,0.1,,5421.0
1735690980,http_request_duration_seconds_bucket,web,a,prod,,0.25,,7339.2
1735690980,http_request_duration_seconds_bucket,web,a,prod,,0.5,,8089.8
1735690980,http_request_duration_seconds_bucket,web,a,prod,,1.0,,8298.3
1735690980,http_request_duration_seconds_bucket,web,a,prod,,+Inf,,8340.0
1735690980,http_request_duration_seconds_count,web,a,prod,,,,8340.0
1735690980,http_request_duration_seconds_sum,web,a,prod,,,,1000.8
1735690980,app_active_sessions,web,b,prod,,,,12.0
1735690980,queue_depth,web,b,prod,,,,8.0
1735690980,up,web,b,prod,,,,1.0
1735690980,http_requests_total,web,b,prod,200,,,9632.7
1735690980,http_requests_total,web,b,prod,500,,,97.3
1735690980,http_request_duration_seconds_bucket,web,b,prod,,0.1,,6324.5
1735690980,http_request_duration_seconds_bucket,web,b,prod,,0.25,,8562.4
1735690980,http_request_duration_seconds_bucket,web,b,prod,,0.5,,9438.1
1735690980,http_request_duration_seconds_bucket,web,b,prod,,1.0,,9681.35
1735690980,http_request_duration_seconds_bucket,web,b,prod,,+Inf,,9730.0
1735690980,http_request_duration_seconds_count,web,b,prod,,,,9730.0
1735690980,http_request_duration_seconds_sum,web,b,prod,,,,1167.6
1735691010,service_info,api,,prod,,,platform,1.0
1735691010,app_active_sessions,api,a,prod,,,,13.0
1735691010,queue_depth,api,a,prod,,,,9.0
1735691010,up,api,a,prod,,,,1.0
1735691010,http_requests_total,api,a,prod,200,,,14058.0
1735691010,http_requests_total,api,a,prod,500,,,142.0
1735691010,http_request_duration_seconds_bucket,api,a,prod,,0.1,,9230.0
1735691010,http_request_duration_seconds_bucket,api,a,prod,,0.25,,12496.0
1735691010,http_request_duration_seconds_bucket,api,a,prod,,0.5,,13774.0
1735691010,http_request_duration_seconds_bucket,api,a,prod,,1.0,,14129.0
1735691010,http_request_duration_seconds_bucket,api,a,prod,,+Inf,,14200.0
1735691010,http_request_duration_seconds_count,api,a,prod,,,,14200.0
1735691010,http_request_duration_seconds_sum,api,a,prod,,,,1704.0
1735691010,app_active_sessions,api,b,prod,,,,16.0
1735691010,queue_depth,api,b,prod,,,,12.0
1735691010,up,api,b,prod,,,,1.0
1735691010,http_requests_total,api,b,prod,200,,,5662.8
1735691010,http_requests_total,api,b,prod,500,,,57.2
1735691010,http_request_duration_seconds_bucket,api,b,prod,,0.1,,10153.0
1735691010,http_request_duration_seconds_bucket,api,b,prod,,0.25,,13745.6
1735691010,http_request_duration_seconds_bucket,api,b,prod,,0.5,,15151.4
1735691010,http_request_duration_seconds_bucket,api,b,prod,,1.0,,15541.9
1735691010,http_request_duration_seconds_bucket,api,b,prod,,+Inf,,15620.0
1735691010,http_request_duration_seconds_count,api,b,prod,,,,15620.0
1735691010,http_request_duration_seconds_sum,api,b,prod,,,,1874.3999999999999
1735691010,service_info,web,,prod,,,experience,1.0
1735691010,app_active_sessions,web,a,prod,,,,9.0
1735691010,queue_depth,web,a,prod,,,,5.0
1735691010,up,web,a,prod,,,,1.0
1735691010,http_requests_total,web,a,prod,200,,,8434.8
1735691010,http_requests_total,web,a,prod,500,,,85.2
1735691010,http_request_duration_seconds_bucket,web,a,prod,,0.1,,5538.0
1735691010,http_request_duration_seconds_bucket,web,a,prod,,0.25,,7497.6
1735691010,http_request_duration_seconds_bucket,web,a,prod,,0.5,,8264.4
1735691010,http_request_duration_seconds_bucket,web,a,prod,,1.0,,8477.4
1735691010,http_request_duration_seconds_bucket,web,a,prod,,+Inf,,8520.0
1735691010,http_request_duration_seconds_count,web,a,prod,,,,8520.0
1735691010,http_request_duration_seconds_sum,web,a,prod,,,,1022.4
1735691010,app_active_sessions,web,b,prod,,,,12.0
1735691010,queue_depth,web,b,prod,,,,8.0
1735691010,up,web,b,prod,,,,1.0
1735691010,http_requests_total,web,b,prod,200,,,9840.6
1735691010,http_requests_total,web,b,prod,500,,,99.4
1735691010,http_request_duration_seconds_bucket,web,b,prod,,0.1,,6461.0
1735691010,http_request_duration_seconds_bucket,web,b,prod,,0.25,,8747.2
1735691010,http_request_duration_seconds_bucket,web,b,prod,,0.5,,9641.8
1735691010,http_request_duration_seconds_bucket,web,b,prod,,1.0,,9890.3
1735691010,http_request_duration_seconds_bucket,web,b,prod,,+Inf,,9940.0
1735691010,http_request_duration_seconds_count,web,b,prod,,,,9940.0
1735691010,http_request_duration_seconds_sum,web,b,prod,,,,1192.8
1735691040,service_info,api,,prod,,,platform,1.0
1735691040,app_active_sessions,api,a,prod,,,,13.0
1735691040,queue_depth,api,a,prod,,,,9.0
1735691040,up,api,a,prod,,,,1.0
1735691040,http_requests_total,api,a,prod,200,,,14355.0
1735691040,http_requests_total,api,a,prod,500,,,145.0
1735691040,http_request_duration_seconds_bucket,api,a,prod,,0.1,,9425.0
1735691040,http_request_duration_seconds_bucket,api,a,prod,,0.25,,12760.0
1735691040,http_request_duration_seconds_bucket,api,a,prod,,0.5,,14065.0
1735691040,http_request_duration_seconds_bucket,api,a,prod,,1.0,,14427.5
1735691040,http_request_duration_seconds_bucket,api,a,prod,,+Inf,,14500.0
1735691040,http_request_duration_seconds_count,api,a,prod,,,,14500.0
1735691040,http_request_duration_seconds_sum,api,a,prod,,,,1740.0
1735691040,app_active_sessions,api,b,prod,,,,16.0
1735691040,queue_depth,api,b,prod,,,,12.0
1735691040,up,api,b,prod,,,,1.0
1735691040,http_requests_total,api,b,prod,200,,,5989.5
1735691040,http_requests_total,api,b,prod,500,,,60.5
1735691040,http_request_duration_seconds_bucket,api,b,prod,,0.1,,10367.5
1735691040,http_request_duration_seconds_bucket,api,b,prod,,0.25,,14036.0
1735691040,http_request_duration_seconds_bucket,api,b,prod,,0.5,,15471.5
1735691040,http_request_duration_seconds_bucket,api,b,prod,,1.0,,15870.25
1735691040,http_request_duration_seconds_bucket,api,b,prod,,+Inf,,15950.0
1735691040,http_request_duration_seconds_count,api,b,prod,,,,15950.0
1735691040,http_request_duration_seconds_sum,api,b,prod,,,,1914.0
1735691040,service_info,web,,prod,,,experience,1.0
1735691040,app_active_sessions,web,a,prod,,,,9.0
1735691040,queue_depth,web,a,prod,,,,5.0
1735691040,up,web,a,prod,,,,1.0
1735691040,http_requests_total,web,a,prod,200,,,8613.0
1735691040,http_requests_total,web,a,prod,500,,,87.0
1735691040,http_request_duration_seconds_bucket,web,a,prod,,0.1,,5655.0
1735691040,http_request_duration_seconds_bucket,web,a,prod,,0.25,,7656.0
1735691040,http_request_duration_seconds_bucket,web,a,prod,,0.5,,8439.0
1735691040,http_request_duration_seconds_bucket,web,a,prod,,1.0,,8656.5
1735691040,http_request_duration_seconds_bucket,web,a,prod,,+Inf,,8700.0
1735691040,http_request_duration_seconds_count,web,a,prod,,,,8700.0
1735691040,http_request_duration_seconds_sum,web,a,prod,,,,1044.0
1735691040,app_active_sessions,web,b,prod,,,,12.0
1735691040,queue_depth,web,b,prod,,,,8.0
1735691040,up,web,b,prod,,,,1.0
1735691040,http_requests_total,web,b,prod,200,,,10048.5
1735691040,http_requests_total,web,b,prod,500,,,101.5
1735691040,http_request_duration_seconds_bucket,web,b,prod,,0.1,,6597.5
1735691040,http_request_duration_seconds_bucket,web,b,prod,,0.25,,8932.0
1735691040,http_request_duration_seconds_bucket,web,b,prod,,0.5,,9845.5
1735691040,http_request_duration_seconds_bucket,web,b,prod,,1.0,,10099.25
1735691040,http_request_duration_seconds_bucket,web,b,prod,,+Inf,,10150.0
1735691040,http_request_duration_seconds_count,web,b,prod,,,,10150.0
1735691040,http_request_duration_seconds_sum,web,b,prod,,,,1218.0
1735691070,service_info,api,,prod,,,platform,1.0
1735691070,app_active_sessions,api,a,prod,,,,13.0
1735691070,queue_depth,api,a,prod,,,,9.0
1735691070,up,api,a,prod,,,,1.0
1735691070,http_requests_total,api,a,prod,200,,,14652.0
1735691070,http_requests_total,api,a,prod,500,,,148.0
1735691070,http_request_duration_seconds_bucket,api,a,prod,,0.1,,9620.0
1735691070,http_request_duration_seconds_bucket,api,a,prod,,0.25,,13024.0
1735691070,http_request_duration_seconds_bucket,api,a,prod,,0.5,,14356.0
1735691070,http_request_duration_seconds_bucket,api,a,prod,,1.0,,14726.0
1735691070,http_request_duration_seconds_bucket,api,a,prod,,+Inf,,14800.0
1735691070,http_request_duration_seconds_count,api,a,prod,,,,14800.0
1735691070,http_request_duration_seconds_sum,api,a,prod,,,,1776.0
1735691070,app_active_sessions,api,b,prod,,,,16.0
1735691070,queue_depth,api,b,prod,,,,12.0
1735691070,up,api,b,prod,,,,1.0
1735691070,http_requests_total,api,b,prod,200,,,6316.2
1735691070,http_requests_total,api,b,prod,500,,,63.800000000000004
1735691070,http_request_duration_seconds_bucket,api,b,prod,,0.1,,10582.0
1735691070,http_request_duration_seconds_bucket,api,b,prod,,0.25,,14326.4
1735691070,http_request_duration_seconds_bucket,api,b,prod,,0.5,,15791.6
1735691070,http_request_duration_seconds_bucket,api,b,prod,,1.0,,16198.6
1735691070,http_request_duration_seconds_bucket,api,b,prod,,+Inf,,16280.0
1735691070,http_request_duration_seconds_count,api,b,prod,,,,16280.0
1735691070,http_request_duration_seconds_sum,api,b,prod,,,,1953.6
1735691070,service_info,web,,prod,,,experience,1.0
1735691070,app_active_sessions,web,a,prod,,,,9.0
1735691070,queue_depth,web,a,prod,,,,5.0
1735691070,up,web,a,prod,,,,1.0
1735691070,http_requests_total,web,a,prod,200,,,8791.2
1735691070,http_requests_total,web,a,prod,500,,,88.8
1735691070,http_request_duration_seconds_bucket,web,a,prod,,0.1,,5772.0
1735691070,http_request_duration_seconds_bucket,web,a,prod,,0.25,,7814.4
1735691070,http_request_duration_seconds_bucket,web,a,prod,,0.5,,8613.6
1735691070,http_request_duration_seconds_bucket,web,a,prod,,1.0,,8835.6
1735691070,http_request_duration_seconds_bucket,web,a,prod,,+Inf,,8880.0
1735691070,http_request_duration_seconds_count,web,a,prod,,,,8880.0
1735691070,http_request_duration_seconds_sum,web,a,prod,,,,1065.6
1735691070,app_active_sessions,web,b,prod,,,,12.0
1735691070,queue_depth,web,b,prod,,,,8.0
1735691070,up,web,b,prod,,,,1.0
1735691070,http_requests_total,web,b,prod,200,,,10256.4
1735691070,http_requests_total,web,b,prod,500,,,103.60000000000001
1735691070,http_request_duration_seconds_bucket,web,b,prod,,0.1,,6734.0
1735691070,http_request_duration_seconds_bucket,web,b,prod,,0.25,,9116.8
1735691070,http_request_duration_seconds_bucket,web,b,prod,,0.5,,10049.199999999999
1735691070,http_request_duration_seconds_bucket,web,b,prod,,1.0,,10308.2
1735691070,http_request_duration_seconds_bucket,web,b,prod,,+Inf,,10360.0
1735691070,http_request_duration_seconds_count,web,b,prod,,,,10360.0
1735691070,http_request_duration_seconds_sum,web,b,prod,,,,1243.2
1735691100,service_info,api,,prod,,,platform,1.0
1735691100,app_active_sessions,api,a,prod,,,,13.0
1735691100,queue_depth,api,a,prod,,,,9.0
1735691100,up,api,a,prod,,,,1.0
1735691100,http_requests_total,api,a,prod,200,,,14949.0
1735691100,http_requests_total,api,a,prod,500,,,151.0
1735691100,http_request_duration_seconds_bucket,api,a,prod,,0.1,,9815.0
1735691100,http_request_duration_seconds_bucket,api,a,prod,,0.25,,13288.0
1735691100,http_request_duration_seconds_bucket,api,a,prod,,0.5,,14647.0
1735691100,http_request_duration_seconds_bucket,api,a,prod,,1.0,,15024.5
1735691100,http_request_duration_seconds_bucket,api,a,prod,,+Inf,,15100.0
1735691100,http_request_duration_seconds_count,api,a,prod,,,,15100.0
1735691100,http_request_duration_seconds_sum,api,a,prod,,,,1812.0
1735691100,app_active_sessions,api,b,prod,,,,16.0
1735691100,queue_depth,api,b,prod,,,,12.0
1735691100,up,api,b,prod,,,,1.0
1735691100,http_requests_total,api,b,prod,200,,,6642.9
1735691100,http_requests_total,api,b,prod,500,,,67.1
1735691100,http_request_duration_seconds_bucket,api,b,prod,,0.1,,10796.5
1735691100,http_request_duration_seconds_bucket,api,b,prod,,0.25,,14616.8
1735691100,http_request_duration_seconds_bucket,api,b,prod,,0.5,,16111.699999999999
1735691100,http_request_duration_seconds_bucket,api,b,prod,,1.0,,16526.95
1735691100,http_request_duration_seconds_bucket,api,b,prod,,+Inf,,16610.0
1735691100,http_request_duration_seconds_count,api,b,prod,,,,16610.0
1735691100,http_request_duration_seconds_sum,api,b,prod,,,,1993.1999999999998
1735691100,service_info,web,,prod,,,experience,1.0
1735691100,app_active_sessions,web,a,prod,,,,9.0
1735691100,queue_depth,web,a,prod,,,,5.0
1735691100,up,web,a,prod,,,,1.0
1735691100,http_requests_total,web,a,prod,200,,,8969.4
1735691100,http_requests_total,web,a,prod,500,,,90.60000000000001
1735691100,http_request_duration_seconds_bucket,web,a,prod,,0.1,,5889.0
1735691100,http_request_duration_seconds_bucket,web,a,prod,,0.25,,7972.8
1735691100,http_request_duration_seconds_bucket,web,a,prod,,0.5,,8788.199999999999
1735691100,http_request_duration_seconds_bucket,web,a,prod,,1.0,,9014.7
1735691100,http_request_duration_seconds_bucket,web,a,prod,,+Inf,,9060.0
1735691100,http_request_duration_seconds_count,web,a,prod,,,,9060.0
1735691100,http_request_duration_seconds_sum,web,a,prod,,,,1087.2
1735691100,app_active_sessions,web,b,prod,,,,12.0
1735691100,queue_depth,web,b,prod,,,,8.0
1735691100,up,web,b,prod,,,,1.0
1735691100,http_requests_total,web,b,prod,200,,,10464.3
1735691100,http_requests_total,web,b,prod,500,,,105.7
1735691100,http_request_duration_seconds_bucket,web,b,prod,,0.1,,6870.5
1735691100,http_request_duration_seconds_bucket,web,b,prod,,0.25,,9301.6
1735691100,http_request_duration_seconds_bucket,web,b,prod,,0.5,,10252.9
1735691100,http_request_duration_seconds_bucket,web,b,prod,,1.0,,10517.15
1735691100,http_request_duration_seconds_bucket,web,b,prod,,+Inf,,10570.0
1735691100,http_request_duration_seconds_count,web,b,prod,,,,10570.0
1735691100,http_request_duration_seconds_sum,web,b,prod,,,,1268.3999999999999
1735691130,service_info,api,,prod,,,platform,1.0
1735691130,app_active_sessions,api,a,prod,,,,12.0
1735691130,queue_depth,api,a,prod,,,,8.0
1735691130,up,api,a,prod,,,,1.0
1735691130,http_requests_total,api,a,prod,200,,,15246.0
1735691130,http_requests_total,api,a,prod,500,,,154.0
1735691130,http_request_duration_seconds_bucket,api,a,prod,,0.1,,10010.0
1735691130,http_request_duration_seconds_bucket,api,a,prod,,0.25,,13552.0
1735691130,http_request_duration_seconds_bucket,api,a,prod,,0.5,,14938.0
1735691130,http_request_duration_seconds_bucket,api,a,prod,,1.0,,15323.0
1735691130,http_request_duration_seconds_bucket,api,a,prod,,+Inf,,15400.0
1735691130,http_request_duration_seconds_count,api,a,prod,,,,15400.0
1735691130,http_request_duration_seconds_sum,api,a,prod,,,,1848.0
1735691130,app_active_sessions,api,b,prod,,,,15.0
1735691130,queue_depth,api,b,prod,,,,11.0
1735691130,up,api,b,prod,,,,1.0
1735691130,http_requests_total,api,b,prod,200,,,6969.6
1735691130,http_requests_total,api,b,prod,500,,,70.4
1735691130,http_request_duration_seconds_bucket,api,b,prod,,0.1,,11011.0
1735691130,http_request_duration_seconds_bucket,api,b,prod,,0.25,,14907.2
1735691130,http_request_duration_seconds_bucket,api,b,prod,,0.5,,16431.8
1735691130,http_request_duration_seconds_bucket,api,b,prod,,1.0,,16855.3
1735691130,http_request_duration_seconds_bucket,api,b,prod,,+Inf,,16940.0
1735691130,http_request_duration_seconds_count,api,b,prod,,,,16940.0
1735691130,http_request_duration_seconds_sum,api,b,prod,,,,2032.8
1735691130,service_info,web,,prod,,,experience,1.0
1735691130,app_active_sessions,web,a,prod,,,,8.0
1735691130,queue_depth,web,a,prod,,,,4.0
1735691130,up,web,a,prod,,,,1.0
1735691130,http_requests_total,web,a,prod,200,,,9147.6
1735691130,http_requests_total,web,a,prod,500,,,92.4
1735691130,http_request_duration_seconds_bucket,web,a,prod,,0.1,,6006.0
1735691130,http_request_duration_seconds_bucket,web,a,prod,,0.25,,8131.2
1735691130,http_request_duration_seconds_bucket,web,a,prod,,0.5,,8962.8
1735691130,http_request_duration_seconds_bucket,web,a,prod,,1.0,,9193.8
1735691130,http_request_duration_seconds_bucket,web,a,prod,,+Inf,,9240.0
1735691130,http_request_duration_seconds_count,web,a,prod,,,,9240.0
1735691130,http_request_duration_seconds_sum,web,a,prod,,,,1108.8
1735691130,app_active_sessions,web,b,prod,,,,11.0
1735691130,queue_depth,web,b,prod,,,,7.0
1735691130,up,web,b,prod,,,,1.0
1735691130,http_requests_total,web,b,prod,200,,,10672.2
1735691130,http_requests_total,web,b,prod,500,,,107.8
1735691130,http_request_duration_seconds_bucket,web,b,prod,,0.1,,7007.0
1735691130,http_request_duration_seconds_bucket,web,b,prod,,0.25,,9486.4
1735691130,http_request_duration_seconds_bucket,web,b,prod,,0.5,,10456.6
1735691130,http_request_duration_seconds_bucket,web,b,prod,,1.0,,10726.1
1735691130,http_request_duration_seconds_bucket,web,b,prod,,+Inf,,10780.0
1735691130,http_request_duration_seconds_count,web,b,prod,,,,10780.0
1735691130,http_request_duration_seconds_sum,web,b,prod,,,,1293.6
1735691160,service_info,api,,prod,,,platform,1.0
1735691160,app_active_sessions,api,a,prod,,,,12.0
1735691160,queue_depth,api,a,prod,,,,8.0
1735691160,up,api,a,prod,,,,1.0
1735691160,http_requests_total,api,a,prod,200,,,15543.0
1735691160,http_requests_total,api,a,prod,500,,,157.0
1735691160,http_request_duration_seconds_bucket,api,a,prod,,0.1,,10205.0
1735691160,http_request_duration_seconds_bucket,api,a,prod,,0.25,,13816.0
1735691160,http_request_duration_seconds_bucket,api,a,prod,,0.5,,15229.0
1735691160,http_request_duration_seconds_bucket,api,a,prod,,1.0,,15621.5
1735691160,http_request_duration_seconds_bucket,api,a,prod,,+Inf,,15700.0
1735691160,http_request_duration_seconds_count,api,a,prod,,,,15700.0
1735691160,http_request_duration_seconds_sum,api,a,prod,,,,1884.0
1735691160,app_active_sessions,api,b,prod,,,,15.0
1735691160,queue_depth,api,b,prod,,,,11.0
1735691160,up,api,b,prod,,,,1.0
1735691160,http_requests_total,api,b,prod,200,,,7296.3
1735691160,http_requests_total,api,b,prod,500,,,73.7
1735691160,http_request_duration_seconds_bucket,api,b,prod,,0.1,,11225.5
1735691160,http_request_duration_seconds_bucket,api,b,prod,,0.25,,15197.6
1735691160,http_request_duration_seconds_bucket,api,b,prod,,0.5,,16751.899999999998
1735691160,http_request_duration_seconds_bucket,api,b,prod,,1.0,,17183.65
1735691160,http_request_duration_seconds_bucket,api,b,prod,,+Inf,,17270.0
1735691160,http_request_duration_seconds_count,api,b,prod,,,,17270.0
1735691160,http_request_duration_seconds_sum,api,b,prod,,,,2072.4
1735691160,service_info,web,,prod,,,experience,1.0
1735691160,app_active_sessions,web,a,prod,,,,8.0
1735691160,queue_depth,web,a,prod,,,,4.0
1735691160,up,web,a,prod,,,,1.0
1735691160,http_requests_total,web,a,prod,200,,,9325.8
1735691160,http_requests_total,web,a,prod,500,,,94.2
1735691160,http_request_duration_seconds_bucket,web,a,prod,,0.1,,6123.0
1735691160,http_request_duration_seconds_bucket,web,a,prod,,0.25,,8289.6
1735691160,http_request_duration_seconds_bucket,web,a,prod,,0.5,,9137.4
1735691160,http_request_duration_seconds_bucket,web,a,prod,,1.0,,9372.9
1735691160,http_request_duration_seconds_bucket,web,a,prod,,+Inf,,9420.0
1735691160,http_request_duration_seconds_count,web,a,prod,,,,9420.0
1735691160,http_request_duration_seconds_sum,web,a,prod,,,,1130.3999999999999
1735691160,app_active_sessions,web,b,prod,,,,11.0
1735691160,queue_depth,web,b,prod,,,,7.0
1735691160,up,web,b,prod,,,,1.0
1735691160,http_requests_total,web,b,prod,200,,,10880.1
1735691160,http_requests_total,web,b,prod,500,,,109.9
1735691160,http_request_duration_seconds_bucket,web,b,prod,,0.1,,7143.5
1735691160,http_request_duration_seconds_bucket,web,b,prod,,0.25,,9671.2
1735691160,http_request_duration_seconds_bucket,web,b,prod,,0.5,,10660.3
1735691160,http_request_duration_seconds_bucket,web,b,prod,,1.0,,10935.05
1735691160,http_request_duration_seconds_bucket,web,b,prod,,+Inf,,10990.0
1735691160,http_request_duration_seconds_count,web,b,prod,,,,10990.0
1735691160,http_request_duration_seconds_sum,web,b,prod,,,,1318.8
1735691190,service_info,api,,prod,,,platform,1.0
1735691190,app_active_sessions,api,a,prod,,,,12.0
1735691190,queue_depth,api,a,prod,,,,8.0
1735691190,up,api,a,prod,,,,1.0
1735691190,http_requests_total,api,a,prod,200,,,15840.0
1735691190,http_requests_total,api,a,prod,500,,,160.0
1735691190,http_request_duration_seconds_bucket,api,a,prod,,0.1,,10400.0
1735691190,http_request_duration_seconds_bucket,api,a,prod,,0.25,,14080.0
1735691190,http_request_duration_seconds_bucket,api,a,prod,,0.5,,15520.0
1735691190,http_request_duration_seconds_bucket,api,a,prod,,1.0,,15920.0
1735691190,http_request_duration_seconds_bucket,api,a,prod,,+Inf,,16000.0
1735691190,http_request_duration_seconds_count,api,a,prod,,,,16000.0
1735691190,http_request_duration_seconds_sum,api,a,prod,,,,1920.0
1735691190,app_active_sessions,api,b,prod,,,,15.0
1735691190,queue_depth,api,b,prod,,,,11.0
1735691190,up,api,b,prod,,,,1.0
1735691190,http_requests_total,api,b,prod,200,,,7623.0
1735691190,http_requests_total,api,b,prod,500,,,77.0
1735691190,http_request_duration_seconds_bucket,api,b,prod,,0.1,,11440.0
1735691190,http_request_duration_seconds_bucket,api,b,prod,,0.25,,15488.0
1735691190,http_request_duration_seconds_bucket,api,b,prod,,0.5,,17072.0
1735691190,http_request_duration_seconds_bucket,api,b,prod,,1.0,,17512.0
1735691190,http_request_duration_seconds_bucket,api,b,prod,,+Inf,,17600.0
1735691190,http_request_duration_seconds_count,api,b,prod,,,,17600.0
1735691190,http_request_duration_seconds_sum,api,b,prod,,,,2112.0
1735691190,service_info,web,,prod,,,experience,1.0
1735691190,app_active_sessions,web,a,prod,,,,8.0
1735691190,queue_depth,web,a,prod,,,,4.0
1735691190,up,web,a,prod,,,,1.0
1735691190,http_requests_total,web,a,prod,200,,,9504.0
1735691190,http_requests_total,web,a,prod,500,,,96.0
1735691190,http_request_duration_seconds_bucket,web,a,prod,,0.1,,6240.0
1735691190,http_request_duration_seconds_bucket,web,a,prod,,0.25,,8448.0
1735691190,http_request_duration_seconds_bucket,web,a,prod,,0.5,,9312.0
1735691190,http_request_duration_seconds_bucket,web,a,prod,,1.0,,9552.0
1735691190,http_request_duration_seconds_bucket,web,a,prod,,+Inf,,9600.0
1735691190,http_request_duration_seconds_count,web,a,prod,,,,9600.0
1735691190,http_request_duration_seconds_sum,web,a,prod,,,,1152.0
1735691190,app_active_sessions,web,b,prod,,,,11.0
1735691190,queue_depth,web,b,prod,,,,7.0
1735691190,up,web,b,prod,,,,1.0
1735691190,http_requests_total,web,b,prod,200,,,11088.0
1735691190,http_requests_total,web,b,prod,500,,,112.0
1735691190,http_request_duration_seconds_bucket,web,b,prod,,0.1,,7280.0
1735691190,http_request_duration_seconds_bucket,web,b,prod,,0.25,,9856.0
1735691190,http_request_duration_seconds_bucket,web,b,prod,,0.5,,10864.0
1735691190,http_request_duration_seconds_bucket,web,b,prod,,1.0,,11144.0
1735691190,http_request_duration_seconds_bucket,web,b,prod,,+Inf,,11200.0
1735691190,http_request_duration_seconds_count,web,b,prod,,,,11200.0
1735691190,http_request_duration_seconds_sum,web,b,prod,,,,1344.0
1735691220,service_info,api,,prod,,,platform,1.0
1735691220,app_active_sessions,api,a,prod,,,,11.0
1735691220,queue_depth,api,a,prod,,,,7.0
1735691220,up,api,a,prod,,,,1.0
1735691220,http_requests_total,api,a,prod,200,,,16137.0
1735691220,http_requests_total,api,a,prod,500,,,163.0
1735691220,http_request_duration_seconds_bucket,api,a,prod,,0.1,,10595.0
1735691220,http_request_duration_seconds_bucket,api,a,prod,,0.25,,14344.0
1735691220,http_request_duration_seconds_bucket,api,a,prod,,0.5,,15811.0
1735691220,http_request_duration_seconds_bucket,api,a,prod,,1.0,,16218.5
1735691220,http_request_duration_seconds_bucket,api,a,prod,,+Inf,,16300.0
1735691220,http_request_duration_seconds_count,api,a,prod,,,,16300.0
1735691220,http_request_duration_seconds_sum,api,a,prod,,,,1956.0
1735691220,app_active_sessions,api,b,prod,,,,14.0
1735691220,queue_depth,api,b,prod,,,,10.0
1735691220,up,api,b,prod,,,,1.0
1735691220,http_requests_total,api,b,prod,200,,,7949.7
1735691220,http_requests_total,api,b,prod,500,,,80.3
1735691220,http_request_duration_seconds_bucket,api,b,prod,,0.1,,11654.5
1735691220,http_request_duration_seconds_bucket,api,b,prod,,0.25,,15778.4
1735691220,http_request_duration_seconds_bucket,api,b,prod,,0.5,,17392.1
1735691220,http_request_duration_seconds_bucket,api,b,prod,,1.0,,17840.35
1735691220,http_request_duration_seconds_bucket,api,b,prod,,+Inf,,17930.0
1735691220,http_request_duration_seconds_count,api,b,prod,,,,17930.0
1735691220,http_request_duration_seconds_sum,api,b,prod,,,,2151.6
1735691220,service_info,web,,prod,,,experience,1.0
1735691220,app_active_sessions,web,a,prod,,,,7.0
1735691220,queue_depth,web,a,prod,,,,3.0
1735691220,up,web,a,prod,,,,1.0
1735691220,http_requests_total,web,a,prod,200,,,9682.2
1735691220,http_requests_total,web,a,prod,500,,,97.8
1735691220,http_request_duration_seconds_bucket,web,a,prod,,0.1,,6357.0
1735691220,http_request_duration_seconds_bucket,web,a,prod,,0.25,,8606.4
1735691220,http_request_duration_seconds_bucket,web,a,prod,,0.5,,9486.6
1735691220,http_request_duration_seconds_bucket,web,a,prod,,1.0,,9731.1
1735691220,http_request_duration_seconds_bucket,web,a,prod,,+Inf,,9780.0
1735691220,http_request_duration_seconds_count,web,a,prod,,,,9780.0
1735691220,http_request_duration_seconds_sum,web,a,prod,,,,1173.6
1735691220,app_active_sessions,web,b,prod,,,,10.0
1735691220,queue_depth,web,b,prod,,,,6.0
1735691220,up,web,b,prod,,,,1.0
1735691220,http_requests_total,web,b,prod,200,,,11295.9
1735691220,http_requests_total,web,b,prod,500,,,114.10000000000001
1735691220,http_request_duration_seconds_bucket,web,b,prod,,0.1,,7416.5
1735691220,http_request_duration_seconds_bucket,web,b,prod,,0.25,,10040.8
1735691220,http_request_duration_seconds_bucket,web,b,prod,,0.5,,11067.699999999999
1735691220,http_request_duration_seconds_bucket,web,b,prod,,1.0,,11352.95
1735691220,http_request_duration_seconds_bucket,web,b,prod,,+Inf,,11410.0
1735691220,http_request_duration_seconds_count,web,b,prod,,,,11410.0
1735691220,http_request_duration_seconds_sum,web,b,prod,,,,1369.2
1735691250,service_info,api,,prod,,,platform,1.0
1735691250,app_active_sessions,api,a,prod,,,,11.0
1735691250,queue_depth,api,a,prod,,,,7.0
1735691250,up,api,a,prod,,,,1.0
1735691250,http_requests_total,api,a,prod,200,,,16434.0
1735691250,http_requests_total,api,a,prod,500,,,166.0
1735691250,http_request_duration_seconds_bucket,api,a,prod,,0.1,,10790.0
1735691250,http_request_duration_seconds_bucket,api,a,prod,,0.25,,14608.0
1735691250,http_request_duration_seconds_bucket,api,a,prod,,0.5,,16102.0
1735691250,http_request_duration_seconds_bucket,api,a,prod,,1.0,,16517.0
1735691250,http_request_duration_seconds_bucket,api,a,prod,,+Inf,,16600.0
1735691250,http_request_duration_seconds_count,api,a,prod,,,,16600.0
1735691250,http_request_duration_seconds_sum,api,a,prod,,,,1992.0
1735691250,app_active_sessions,api,b,prod,,,,14.0
1735691250,queue_depth,api,b,prod,,,,10.0
1735691250,up,api,b,prod,,,,1.0
1735691250,http_requests_total,api,b,prod,200,,,8276.4
1735691250,http_requests_total,api,b,prod,500,,,83.60000000000001
1735691250,http_request_duration_seconds_bucket,api,b,prod,,0.1,,11869.0
1735691250,http_request_duration_seconds_bucket,api,b,prod,,0.25,,16068.8
1735691250,http_request_duration_seconds_bucket,api,b,prod,,0.5,,17712.2
1735691250,http_request_duration_seconds_bucket,api,b,prod,,1.0,,18168.7
1735691250,http_request_duration_seconds_bucket,api,b,prod,,+Inf,,18260.0
1735691250,http_request_duration_seconds_count,api,b,prod,,,,18260.0
1735691250,http_request_duration_seconds_sum,api,b,prod,,,,2191.2
1735691250,service_info,web,,prod,,,experience,1.0
1735691250,app_active_sessions,web,a,prod,,,,7.0
1735691250,queue_depth,web,a,prod,,,,3.0
1735691250,up,web,a,prod,,,,1.0
1735691250,http_requests_total,web,a,prod,200,,,9860.4
1735691250,http_requests_total,web,a,prod,500,,,99.60000000000001
1735691250,http_request_duration_seconds_bucket,web,a,prod,,0.1,,6474.0
1735691250,http_request_duration_seconds_bucket,web,a,prod,,0.25,,8764.8
1735691250,http_request_duration_seconds_bucket,web,a,prod,,0.5,,9661.199999999999
1735691250,http_request_duration_seconds_bucket,web,a,prod,,1.0,,9910.2
1735691250,http_request_duration_seconds_bucket,web,a,prod,,+Inf,,9960.0
1735691250,http_request_duration_seconds_count,web,a,prod,,,,9960.0
1735691250,http_request_duration_seconds_sum,web,a,prod,,,,1195.2
1735691250,app_active_sessions,web,b,prod,,,,10.0
1735691250,queue_depth,web,b,prod,,,,6.0
1735691250,up,web,b,prod,,,,1.0
1735691250,http_requests_total,web,b,prod,200,,,11503.8
1735691250,http_requests_total,web,b,prod,500,,,116.2
1735691250,http_request_duration_seconds_bucket,web,b,prod,,0.1,,7553.0
1735691250,http_request_duration_seconds_bucket,web,b,prod,,0.25,,10225.6
1735691250,http_request_duration_seconds_bucket,web,b,prod,,0.5,,11271.4
1735691250,http_request_duration_seconds_bucket,web,b,prod,,1.0,,11561.9
1735691250,http_request_duration_seconds_bucket,web,b,prod,,+Inf,,11620.0
1735691250,http_request_duration_seconds_count,web,b,prod,,,,11620.0
1735691250,http_request_duration_seconds_sum,web,b,prod,,,,1394.3999999999999
1735691280,service_info,api,,prod,,,platform,1.0
1735691280,app_active_sessions,api,a,prod,,,,10.0
1735691280,queue_depth,api,a,prod,,,,6.0
1735691280,up,api,a,prod,,,,1.0
1735691280,http_requests_total,api,a,prod,200,,,16731.0
1735691280,http_requests_total,api,a,prod,500,,,169.0
1735691280,http_request_duration_seconds_bucket,api,a,prod,,0.1,,10985.0
1735691280,http_request_duration_seconds_bucket,api,a,prod,,0.25,,14872.0
1735691280,http_request_duration_seconds_bucket,api,a,prod,,0.5,,16393.0
1735691280,http_request_duration_seconds_bucket,api,a,prod,,1.0,,16815.5
1735691280,http_request_duration_seconds_bucket,api,a,prod,,+Inf,,16900.0
1735691280,http_request_duration_seconds_count,api,a,prod,,,,16900.0
1735691280,http_request_duration_seconds_sum,api,a,prod,,,,2028.0
1735691280,app_active_sessions,api,b,prod,,,,13.0
1735691280,queue_depth,api,b,prod,,,,9.0
1735691280,up,api,b,prod,,,,1.0
1735691280,http_requests_total,api,b,prod,200,,,8603.1
1735691280,http_requests_total,api,b,prod,500,,,86.9
1735691280,http_request_duration_seconds_bucket,api,b,prod,,0.1,,12083.5
1735691280,http_request_duration_seconds_bucket,api,b,prod,,0.25,,16359.2
1735691280,http_request_duration_seconds_bucket,api,b,prod,,0.5,,18032.3
1735691280,http_request_duration_seconds_bucket,api,b,prod,,1.0,,18497.05
1735691280,http_request_duration_seconds_bucket,api,b,prod,,+Inf,,18590.0
1735691280,http_request_duration_seconds_count,api,b,prod,,,,18590.0
1735691280,http_request_duration_seconds_sum,api,b,prod,,,,2230.7999999999997
1735691280,service_info,web,,prod,,,experience,1.0
1735691280,app_active_sessions,web,a,prod,,,,6.0
1735691280,queue_depth,web,a,prod,,,,2.0
1735691280,up,web,a,prod,,,,1.0
1735691280,http_requests_total,web,a,prod,200,,,10038.6
1735691280,http_requests_total,web,a,prod,500,,,101.4
1735691280,http_request_duration_seconds_bucket,web,a,prod,,0.1,,6591.0
1735691280,http_request_duration_seconds_bucket,web,a,prod,,0.25,,8923.2
1735691280,http_request_duration_seconds_bucket,web,a,prod,,0.5,,9835.8
1735691280,http_request_duration_seconds_bucket,web,a,prod,,1.0,,10089.3
1735691280,http_request_duration_seconds_bucket,web,a,prod,,+Inf,,10140.0
1735691280,http_request_duration_seconds_count,web,a,prod,,,,10140.0
1735691280,http_request_duration_seconds_sum,web,a,prod,,,,1216.8
1735691280,app_active_sessions,web,b,prod,,,,9.0
1735691280,queue_depth,web,b,prod,,,,5.0
1735691280,up,web,b,prod,,,,1.0
1735691280,http_requests_total,web,b,prod,200,,,11711.7
1735691280,http_requests_total,web,b,prod,500,,,118.3
1735691280,http_request_duration_seconds_bucket,web,b,prod,,0.1,,7689.5
1735691280,http_request_duration_seconds_bucket,web,b,prod,,0.25,,10410.4
1735691280,http_request_duration_seconds_bucket,web,b,prod,,0.5,,11475.1
1735691280,http_request_duration_seconds_bucket,web,b,prod,,1.0,,11770.85
1735691280,http_request_duration_seconds_bucket,web,b,prod,,+Inf,,11830.0
1735691280,http_request_duration_seconds_count,web,b,prod,,,,11830.0
1735691280,http_request_duration_seconds_sum,web,b,prod,,,,1419.6
1735691310,service_info,api,,prod,,,platform,1.0
1735691310,app_active_sessions,api,a,prod,,,,10.0
1735691310,queue_depth,api,a,prod,,,,6.0
1735691310,up,api,a,prod,,,,1.0
1735691310,http_requests_total,api,a,prod,200,,,17028.0
1735691310,http_requests_total,api,a,prod,500,,,172.0
1735691310,http_request_duration_seconds_bucket,api,a,prod,,0.1,,11180.0
1735691310,http_request_duration_seconds_bucket,api,a,prod,,0.25,,15136.0
1735691310,http_request_duration_seconds_bucket,api,a,prod,,0.5,,16684.0
1735691310,http_request_duration_seconds_bucket,api,a,prod,,1.0,,17114.0
1735691310,http_request_duration_seconds_bucket,api,a,prod,,+Inf,,17200.0
1735691310,http_request_duration_seconds_count,api,a,prod,,,,17200.0
1735691310,http_request_duration_seconds_sum,api,a,prod,,,,2064.0
1735691310,app_active_sessions,api,b,prod,,,,13.0
1735691310,queue_depth,api,b,prod,,,,9.0
1735691310,up,api,b,prod,,,,1.0
1735691310,http_requests_total,api,b,prod,200,,,8929.8
1735691310,http_requests_total,api,b,prod,500,,,90.2
1735691310,http_request_duration_seconds_bucket,api,b,prod,,0.1,,12298.0
1735691310,http_request_duration_seconds_bucket,api,b,prod,,0.25,,16649.6
1735691310,http_request_duration_seconds_bucket,api,b,prod,,0.5,,18352.399999999998
1735691310,http_request_duration_seconds_bucket,api,b,prod,,1.0,,18825.4
1735691310,http_request_duration_seconds_bucket,api,b,prod,,+Inf,,18920.0
1735691310,http_request_duration_seconds_count,api,b,prod,,,,18920.0
1735691310,http_request_duration_seconds_sum,api,b,prod,,,,2270.4
1735691310,service_info,web,,prod,,,experience,1.0
1735691310,app_active_sessions,web,a,prod,,,,6.0
1735691310,queue_depth,web,a,prod,,,,2.0
1735691310,up,web,a,prod,,,,1.0
1735691310,http_requests_total,web,a,prod,200,,,10216.8
1735691310,http_requests_total,web,a,prod,500,,,103.2
1735691310,http_request_duration_seconds_bucket,web,a,prod,,0.1,,6708.0
1735691310,http_request_duration_seconds_bucket,web,a,prod,,0.25,,9081.6
1735691310,http_request_duration_seconds_bucket,web,a,prod,,0.5,,10010.4
1735691310,http_request_duration_seconds_bucket,web,a,prod,,1.0,,10268.4
1735691310,http_request_duration_seconds_bucket,web,a,prod,,+Inf,,10320.0
1735691310,http_request_duration_seconds_count,web,a,prod,,,,10320.0
1735691310,http_request_duration_seconds_sum,web,a,prod,,,,1238.3999999999999
1735691310,app_active_sessions,web,b,prod,,,,9.0
1735691310,queue_depth,web,b,prod,,,,5.0
1735691310,up,web,b,prod,,,,1.0
1735691310,http_requests_total,web,b,prod,200,,,11919.6
1735691310,http_requests_total,web,b,prod,500,,,120.4
1735691310,http_request_duration_seconds_bucket,web,b,prod,,0.1,,7826.0
1735691310,http_request_duration_seconds_bucket,web,b,prod,,0.25,,10595.2
1735691310,http_request_duration_seconds_bucket,web,b,prod,,0.5,,11678.8
1735691310,http_request_duration_seconds_bucket,web,b,prod,,1.0,,11979.8
1735691310,http_request_duration_seconds_bucket,web,b,prod,,+Inf,,12040.0
1735691310,http_request_duration_seconds_count,web,b,prod,,,,12040.0
1735691310,http_request_duration_seconds_sum,web,b,prod,,,,1444.8
1735691340,service_info,api,,prod,,,platform,1.0
1735691340,app_active_sessions,api,a,prod,,,,9.0
1735691340,queue_depth,api,a,prod,,,,5.0
1735691340,up,api,a,prod,,,,1.0
1735691340,http_requests_total,api,a,prod,200,,,17325.0
1735691340,http_requests_total,api,a,prod,500,,,175.0
1735691340,http_request_duration_seconds_bucket,api,a,prod,,0.1,,11375.0
1735691340,http_request_duration_seconds_bucket,api,a,prod,,0.25,,15400.0
1735691340,http_request_duration_seconds_bucket,api,a,prod,,0.5,,16975.0
1735691340,http_request_duration_seconds_bucket,api,a,prod,,1.0,,17412.5
1735691340,http_request_duration_seconds_bucket,api,a,prod,,+Inf,,17500.0
1735691340,http_request_duration_seconds_count,api,a,prod,,,,17500.0
1735691340,http_request_duration_seconds_sum,api,a,prod,,,,2100.0
1735691340,app_active_sessions,api,b,prod,,,,12.0
1735691340,queue_depth,api,b,prod,,,,8.0
1735691340,up,api,b,prod,,,,1.0
1735691340,http_requests_total,api,b,prod,200,,,9256.5
1735691340,http_requests_total,api,b,prod,500,,,93.5
1735691340,http_request_duration_seconds_bucket,api,b,prod,,0.1,,12512.5
1735691340,http_request_duration_seconds_bucket,api,b,prod,,0.25,,16940.0
1735691340,http_request_duration_seconds_bucket,api,b,prod,,0.5,,18672.5
1735691340,http_request_duration_seconds_bucket,api,b,prod,,1.0,,19153.75
1735691340,http_request_duration_seconds_bucket,api,b,prod,,+Inf,,19250.0
1735691340,http_request_duration_seconds_count,api,b,prod,,,,19250.0
1735691340,http_request_duration_seconds_sum,api,b,prod,,,,2310.0
1735691340,service_info,web,,prod,,,experience,1.0
1735691340,app_active_sessions,web,a,prod,,,,5.0
1735691340,queue_depth,web,a,prod,,,,1.0
1735691340,up,web,a,prod,,,,1.0
1735691340,http_requests_total,web,a,prod,200,,,10395.0
1735691340,http_requests_total,web,a,prod,500,,,105.0
1735691340,http_request_duration_seconds_bucket,web,a,prod,,0.1,,6825.0
1735691340,http_request_duration_seconds_bucket,web,a,prod,,0.25,,9240.0
1735691340,http_request_duration_seconds_bucket,web,a,prod,,0.5,,10185.0
1735691340,http_request_duration_seconds_bucket,web,a,prod,,1.0,,10447.5
1735691340,http_request_duration_seconds_bucket,web,a,prod,,+Inf,,10500.0
1735691340,http_request_duration_seconds_count,web,a,prod,,,,10500.0
1735691340,http_request_duration_seconds_sum,web,a,prod,,,,1260.0
1735691340,app_active_sessions,web,b,prod,,,,8.0
1735691340,queue_depth,web,b,prod,,,,4.0
1735691340,up,web,b,prod,,,,1.0
1735691340,http_requests_total,web,b,prod,200,,,12127.5
1735691340,http_requests_total,web,b,prod,500,,,122.5
1735691340,http_request_duration_seconds_bucket,web,b,prod,,0.1,,7962.5
1735691340,http_request_duration_seconds_bucket,web,b,prod,,0.25,,10780.0
1735691340,http_request_duration_seconds_bucket,web,b,prod,,0.5,,11882.5
1735691340,http_request_duration_seconds_bucket,web,b,prod,,1.0,,12188.75
1735691340,http_request_duration_seconds_bucket,web,b,prod,,+Inf,,12250.0
1735691340,http_request_duration_seconds_count,web,b,prod,,,,12250.0
1735691340,http_request_duration_seconds_sum,web,b,prod,,,,1470.0
1735691370,service_info,api,,prod,,,platform,1.0
1735691370,app_active_sessions,api,a,prod,,,,9.0
1735691370,queue_depth,api,a,prod,,,,5.0
1735691370,up,api,a,prod,,,,1.0
1735691370,http_requests_total,api,a,prod,200,,,17622.0
1735691370,http_requests_total,api,a,prod,500,,,178.0
1735691370,http_request_duration_seconds_bucket,api,a,prod,,0.1,,11570.0
1735691370,http_request_duration_seconds_bucket,api,a,prod,,0.25,,15664.0
1735691370,http_request_duration_seconds_bucket,api,a,prod,,0.5,,17266.0
1735691370,http_request_duration_seconds_bucket,api,a,prod,,1.0,,17711.0
1735691370,http_request_duration_seconds_bucket,api,a,prod,,+Inf,,17800.0
1735691370,http_request_duration_seconds_count,api,a,prod,,,,17800.0
1735691370,http_request_duration_seconds_sum,api,a,prod,,,,2136.0
1735691370,app_active_sessions,api,b,prod,,,,12.0
1735691370,queue_depth,api,b,prod,,,,8.0
1735691370,up,api,b,prod,,,,1.0
1735691370,http_requests_total,api,b,prod,200,,,9583.2
1735691370,http_requests_total,api,b,prod,500,,,96.8
1735691370,http_request_duration_seconds_bucket,api,b,prod,,0.1,,12727.0
1735691370,http_request_duration_seconds_bucket,api,b,prod,,0.25,,17230.4
1735691370,http_request_duration_seconds_bucket,api,b,prod,,0.5,,18992.6
1735691370,http_request_duration_seconds_bucket,api,b,prod,,1.0,,19482.1
1735691370,http_request_duration_seconds_bucket,api,b,prod,,+Inf,,19580.0
1735691370,http_request_duration_seconds_count,api,b,prod,,,,19580.0
1735691370,http_request_duration_seconds_sum,api,b,prod,,,,2349.6
1735691370,service_info,web,,prod,,,experience,1.0
1735691370,app_active_sessions,web,a,prod,,,,5.0
1735691370,queue_depth,web,a,prod,,,,1.0
1735691370,up,web,a,prod,,,,1.0
1735691370,http_requests_total,web,a,prod,200,,,10573.2
1735691370,http_requests_total,web,a,prod,500,,,106.8
1735691370,http_request_duration_seconds_bucket,web,a,prod,,0.1,,6942.0
1735691370,http_request_duration_seconds_bucket,web,a,prod,,0.25,,9398.4
1735691370,http_request_duration_seconds_bucket,web,a,prod,,0.5,,10359.6
1735691370,http_request_duration_seconds_bucket,web,a,prod,,1.0,,10626.6
1735691370,http_request_duration_seconds_bucket,web,a,prod,,+Inf,,10680.0
1735691370,http_request_duration_seconds_count,web,a,prod,,,,10680.0
1735691370,http_request_duration_seconds_sum,web,a,prod,,,,1281.6
1735691370,app_active_sessions,web,b,prod,,,,8.0
1735691370,queue_depth,web,b,prod,,,,4.0
1735691370,up,web,b,prod,,,,1.0
1735691370,http_requests_total,web,b,prod,200,,,12335.4
1735691370,http_requests_total,web,b,prod,500,,,124.60000000000001
1735691370,http_request_duration_seconds_bucket,web,b,prod,,0.1,,8099.0
1735691370,http_request_duration_seconds_bucket,web,b,prod,,0.25,,10964.8
1735691370,http_request_duration_seconds_bucket,web,b,prod,,0.5,,12086.199999999999
1735691370,http_request_duration_seconds_bucket,web,b,prod,,1.0,,12397.7
1735691370,http_request_duration_seconds_bucket,web,b,prod,,+Inf,,12460.0
1735691370,http_request_duration_seconds_count,web,b,prod,,,,12460.0
1735691370,http_request_duration_seconds_sum,web,b,prod,,,,1495.2
1735691400,service_info,api,,prod,,,platform,1.0
1735691400,app_active_sessions,api,a,prod,,,,8.0
1735691400,queue_depth,api,a,prod,,,,4.0
1735691400,up,api,a,prod,,,,1.0
1735691400,http_requests_total,api,a,prod,200,,,17919.0
1735691400,http_requests_total,api,a,prod,500,,,181.0
1735691400,http_request_duration_seconds_bucket,api,a,prod,,0.1,,11765.0
1735691400,http_request_duration_seconds_bucket,api,a,prod,,0.25,,15928.0
1735691400,http_request_duration_seconds_bucket,api,a,prod,,0.5,,17557.0
1735691400,http_request_duration_seconds_bucket,api,a,prod,,1.0,,18009.5
1735691400,http_request_duration_seconds_bucket,api,a,prod,,+Inf,,18100.0
1735691400,http_request_duration_seconds_count,api,a,prod,,,,18100.0
1735691400,http_request_duration_seconds_sum,api,a,prod,,,,2172.0
1735691400,app_active_sessions,api,b,prod,,,,11.0
1735691400,queue_depth,api,b,prod,,,,7.0
1735691400,up,api,b,prod,,,,1.0
1735691400,http_requests_total,api,b,prod,200,,,9909.9
1735691400,http_requests_total,api,b,prod,500,,,100.10000000000001
1735691400,http_request_duration_seconds_bucket,api,b,prod,,0.1,,12941.5
1735691400,http_request_duration_seconds_bucket,api,b,prod,,0.25,,17520.8
1735691400,http_request_duration_seconds_bucket,api,b,prod,,0.5,,19312.7
1735691400,http_request_duration_seconds_bucket,api,b,prod,,1.0,,19810.45
1735691400,http_request_duration_seconds_bucket,api,b,prod,,+Inf,,19910.0
1735691400,http_request_duration_seconds_count,api,b,prod,,,,19910.0
1735691400,http_request_duration_seconds_sum,api,b,prod,,,,2389.2
1735691400,service_info,web,,prod,,,experience,1.0
1735691400,app_active_sessions,web,a,prod,,,,4.0
1735691400,queue_depth,web,a,prod,,,,0.0
1735691400,up,web,a,prod,,,,1.0
1735691400,http_requests_total,web,a,prod,200,,,10751.4
1735691400,http_requests_total,web,a,prod,500,,,108.60000000000001
1735691400,http_request_duration_seconds_bucket,web,a,prod,,0.1,,7059.0
1735691400,http_request_duration_seconds_bucket,web,a,prod,,0.25,,9556.8
1735691400,http_request_duration_seconds_bucket,web,a,prod,,0.5,,10534.199999999999
1735691400,http_request_duration_seconds_bucket,web,a,prod,,1.0,,10805.7
1735691400,http_request_duration_seconds_bucket,web,a,prod,,+Inf,,10860.0
1735691400,http_request_duration_seconds_count,web,a,prod,,,,10860.0
1735691400,http_request_duration_seconds_sum,web,a,prod,,,,1303.2
1735691400,app_active_sessions,web,b,prod,,,,7.0
1735691400,queue_depth,web,b,prod,,,,3.0
1735691400,up,web,b,prod,,,,1.0
1735691400,http_requests_total,web,b,prod,200,,,12543.3
1735691400,http_requests_total,web,b,prod,500,,,126.7
1735691400,http_request_duration_seconds_bucket,web,b,prod,,0.1,,8235.5
1735691400,http_request_duration_seconds_bucket,web,b,prod,,0.25,,11149.6
1735691400,http_request_duration_seconds_bucket,web,b,prod,,0.5,,12289.9
1735691400,http_request_duration_seconds_bucket,web,b,prod,,1.0,,12606.65
1735691400,http_request_duration_seconds_bucket,web,b,prod,,+Inf,,12670.0
1735691400,http_request_duration_seconds_count,web,b,prod,,,,12670.0
1735691400,http_request_duration_seconds_sum,web,b,prod,,,,1520.3999999999999
1735693200,service_info,api,,prod,,,platform,1.0
1735693200,app_active_sessions,api,a,prod,,,,30.0
1735693200,queue_depth,api,a,prod,,,,26.0
1735693200,up,api,a,prod,,,,1.0
1735693200,http_requests_total,api,a,prod,200,,,276.0
1735693200,http_requests_total,api,a,prod,500,,,24.0
1735693200,http_request_duration_seconds_bucket,api,a,prod,,0.1,,60.0
1735693200,http_request_duration_seconds_bucket,api,a,prod,,0.25,,165.0
1735693200,http_request_duration_seconds_bucket,api,a,prod,,0.5,,255.0
1735693200,http_request_duration_seconds_bucket,api,a,prod,,1.0,,294.0
1735693200,http_request_duration_seconds_bucket,api,a,prod,,+Inf,,300.0
1735693200,http_request_duration_seconds_count,api,a,prod,,,,300.0
1735693200,http_request_duration_seconds_sum,api,a,prod,,,,96.0
1735693200,app_active_sessions,api,b,prod,,,,33.0
1735693200,queue_depth,api,b,prod,,,,29.0
1735693200,up,api,b,prod,,,,1.0
1735693200,http_requests_total,api,b,prod,200,,,303.6
1735693200,http_requests_total,api,b,prod,500,,,26.400000000000002
1735693200,http_request_duration_seconds_bucket,api,b,prod,,0.1,,66.0
1735693200,http_request_duration_seconds_bucket,api,b,prod,,0.25,,181.50000000000003
1735693200,http_request_duration_seconds_bucket,api,b,prod,,0.5,,280.5
1735693200,http_request_duration_seconds_bucket,api,b,prod,,1.0,,323.4
1735693200,http_request_duration_seconds_bucket,api,b,prod,,+Inf,,330.0
1735693200,http_request_duration_seconds_count,api,b,prod,,,,330.0
1735693200,http_request_duration_seconds_sum,api,b,prod,,,,105.60000000000001
1735693200,service_info,web,,prod,,,experience,1.0
1735693200,app_active_sessions,web,a,prod,,,,18.0
1735693200,queue_depth,web,a,prod,,,,14.0
1735693200,up,web,a,prod,,,,1.0
1735693200,http_requests_total,web,a,prod,200,,,165.6
1735693200,http_requests_total,web,a,prod,500,,,14.4
1735693200,http_request_duration_seconds_bucket,web,a,prod,,0.1,,36.0
1735693200,http_request_duration_seconds_bucket,web,a,prod,,0.25,,99.00000000000001
1735693200,http_request_duration_seconds_bucket,web,a,prod,,0.5,,153.0
1735693200,http_request_duration_seconds_bucket,web,a,prod,,1.0,,176.4
1735693200,http_request_duration_seconds_bucket,web,a,prod,,+Inf,,180.0
1735693200,http_request_duration_seconds_count,web,a,prod,,,,180.0
1735693200,http_request_duration_seconds_sum,web,a,prod,,,,57.6
1735693200,app_active_sessions,web,b,prod,,,,21.0
1735693200,queue_depth,web,b,prod,,,,17.0
1735693200,up,web,b,prod,,,,0.0
1735693200,http_requests_total,web,b,prod,200,,,193.2
1735693200,http_requests_total,web,b,prod,500,,,16.8
1735693200,http_request_duration_seconds_bucket,web,b,prod,,0.1,,42.0
1735693200,http_request_duration_seconds_bucket,web,b,prod,,0.25,,115.50000000000001
1735693200,http_request_duration_seconds_bucket,web,b,prod,,0.5,,178.5
1735693200,http_request_duration_seconds_bucket,web,b,prod,,1.0,,205.79999999999998
1735693200,http_request_duration_seconds_bucket,web,b,prod,,+Inf,,210.0
1735693200,http_request_duration_seconds_count,web,b,prod,,,,210.0
1735693200,http_request_duration_seconds_sum,web,b,prod,,,,67.2
1735693230,service_info,api,,prod,,,platform,1.0
1735693230,app_active_sessions,api,a,prod,,,,30.0
1735693230,queue_depth,api,a,prod,,,,26.0
1735693230,up,api,a,prod,,,,1.0
1735693230,http_requests_total,api,a,prod,200,,,1104.0
1735693230,http_requests_total,api,a,prod,500,,,96.0
1735693230,http_request_duration_seconds_bucket,api,a,prod,,0.1,,240.0
1735693230,http_request_duration_seconds_bucket,api,a,prod,,0.25,,660.0
1735693230,http_request_duration_seconds_bucket,api,a,prod,,0.5,,1020.0
1735693230,http_request_duration_seconds_bucket,api,a,prod,,1.0,,1176.0
1735693230,http_request_duration_seconds_bucket,api,a,prod,,+Inf,,1200.0
1735693230,http_request_duration_seconds_count,api,a,prod,,,,1200.0
1735693230,http_request_duration_seconds_sum,api,a,prod,,,,384.0
1735693230,app_active_sessions,api,b,prod,,,,33.0
1735693230,queue_depth,api,b,prod,,,,29.0
1735693230,up,api,b,prod,,,,1.0
1735693230,http_requests_total,api,b,prod,200,,,1214.4
1735693230,http_requests_total,api,b,prod,500,,,105.60000000000001
1735693230,http_request_duration_seconds_bucket,api,b,prod,,0.1,,264.0
1735693230,http_request_duration_seconds_bucket,api,b,prod,,0.25,,726.0000000000001
1735693230,http_request_duration_seconds_bucket,api,b,prod,,0.5,,1122.0
1735693230,http_request_duration_seconds_bucket,api,b,prod,,1.0,,1293.6
1735693230,http_request_duration_seconds_bucket,api,b,prod,,+Inf,,1320.0
1735693230,http_request_duration_seconds_count,api,b,prod,,,,1320.0
1735693230,http_request_duration_seconds_sum,api,b,prod,,,,422.40000000000003
1735693230,service_info,web,,prod,,,experience,1.0
1735693230,app_active_sessions,web,a,prod,,,,18.0
1735693230,queue_depth,web,a,prod,,,,14.0
1735693230,up,web,a,prod,,,,1.0
1735693230,http_requests_total,web,a,prod,200,,,662.4
1735693230,http_requests_total,web,a,prod,500,,,57.6
1735693230,http_request_duration_seconds_bucket,web,a,prod,,0.1,,144.0
1735693230,http_request_duration_seconds_bucket,web,a,prod,,0.25,,396.00000000000006
1735693230,http_request_duration_seconds_bucket,web,a,prod,,0.5,,612.0
1735693230,http_request_duration_seconds_bucket,web,a,prod,,1.0,,705.6
1735693230,http_request_duration_seconds_bucket,web,a,prod,,+Inf,,720.0
1735693230,http_request_duration_seconds_count,web,a,prod,,,,720.0
1735693230,http_request_duration_seconds_sum,web,a,prod,,,,230.4
1735693230,app_active_sessions,web,b,prod,,,,21.0
1735693230,queue_depth,web,b,prod,,,,17.0
1735693230,up,web,b,prod,,,,0.0
1735693230,http_requests_total,web,b,prod,200,,,772.8
1735693230,http_requests_total,web,b,prod,500,,,67.2
1735693230,http_request_duration_seconds_bucket,web,b,prod,,0.1,,168.0
1735693230,http_request_duration_seconds_bucket,web,b,prod,,0.25,,462.00000000000006
1735693230,http_request_duration_seconds_bucket,web,b,prod,,0.5,,714.0
1735693230,http_request_duration_seconds_bucket,web,b,prod,,1.0,,823.1999999999999
1735693230,http_request_duration_seconds_bucket,web,b,prod,,+Inf,,840.0
1735693230,http_request_duration_seconds_count,web,b,prod,,,,840.0
1735693230,http_request_duration_seconds_sum,web,b,prod,,,,268.8
1735693260,service_info,api,,prod,,,platform,1.0
1735693260,app_active_sessions,api,a,prod,,,,31.0
1735693260,queue_depth,api,a,prod,,,,27.0
1735693260,up,api,a,prod,,,,1.0
1735693260,http_requests_total,api,a,prod,200,,,1932.0
1735693260,http_requests_total,api,a,prod,500,,,168.0
1735693260,http_request_duration_seconds_bucket,api,a,prod,,0.1,,420.0
1735693260,http_request_duration_seconds_bucket,api,a,prod,,0.25,,1155.0
1735693260,http_request_duration_seconds_bucket,api,a,prod,,0.5,,1785.0
1735693260,http_request_duration_seconds_bucket,api,a,prod,,1.0,,2058.0
1735693260,http_request_duration_seconds_bucket,api,a,prod,,+Inf,,2100.0
1735693260,http_request_duration_seconds_count,api,a,prod,,,,2100.0
1735693260,http_request_duration_seconds_sum,api,a,prod,,,,672.0
1735693260,app_active_sessions,api,b,prod,,,,34.0
1735693260,queue_depth,api,b,prod,,,,30.0
1735693260,up,api,b,prod,,,,1.0
1735693260,http_requests_total,api,b,prod,200,,,2125.2
1735693260,http_requests_total,api,b,prod,500,,,184.8
1735693260,http_request_duration_seconds_bucket,api,b,prod,,0.1,,462.0
1735693260,http_request_duration_seconds_bucket,api,b,prod,,0.25,,1270.5
1735693260,http_request_duration_seconds_bucket,api,b,prod,,0.5,,1963.5
1735693260,http_request_duration_seconds_bucket,api,b,prod,,1.0,,2263.8
1735693260,http_request_duration_seconds_bucket,api,b,prod,,+Inf,,2310.0
1735693260,http_request_duration_seconds_count,api,b,prod,,,,2310.0
1735693260,http_request_duration_seconds_sum,api,b,prod,,,,739.2
1735693260,service_info,web,,prod,,,experience,1.0
1735693260,app_active_sessions,web,a,prod,,,,19.0
1735693260,queue_depth,web,a,prod,,,,15.0
1735693260,up,web,a,prod,,,,1.0
1735693260,http_requests_total,web,a,prod,200,,,1159.2
1735693260,http_requests_total,web,a,prod,500,,,100.8
1735693260,http_request_duration_seconds_bucket,web,a,prod,,0.1,,252.0
1735693260,http_request_duration_seconds_bucket,web,a,prod,,0.25,,693.0
1735693260,http_request_duration_seconds_bucket,web,a,prod,,0.5,,1071.0
1735693260,http_request_duration_seconds_bucket,web,a,prod,,1.0,,1234.8
1735693260,http_request_duration_seconds_bucket,web,a,prod,,+Inf,,1260.0
1735693260,http_request_duration_seconds_count,web,a,prod,,,,1260.0
1735693260,http_request_duration_seconds_sum,web,a,prod,,,,403.2
1735693260,app_active_sessions,web,b,prod,,,,22.0
1735693260,queue_depth,web,b,prod,,,,18.0
1735693260,up,web,b,prod,,,,0.0
1735693260,http_requests_total,web,b,prod,200,,,1352.4
1735693260,http_requests_total,web,b,prod,500,,,117.60000000000001
1735693260,http_request_duration_seconds_bucket,web,b,prod,,0.1,,294.0
1735693260,http_request_duration_seconds_bucket,web,b,prod,,0.25,,808.5000000000001
1735693260,http_request_duration_seconds_bucket,web,b,prod,,0.5,,1249.5
1735693260,http_request_duration_seconds_bucket,web,b,prod,,1.0,,1440.6
1735693260,http_request_duration_seconds_bucket,web,b,prod,,+Inf,,1470.0
1735693260,http_request_duration_seconds_count,web,b,prod,,,,1470.0
1735693260,http_request_duration_seconds_sum,web,b,prod,,,,470.40000000000003
1735693290,service_info,api,,prod,,,platform,1.0
1735693290,app_active_sessions,api,a,prod,,,,31.0
1735693290,queue_depth,api,a,prod,,,,27.0
1735693290,up,api,a,prod,,,,1.0
1735693290,http_requests_total,api,a,prod,200,,,2760.0
1735693290,http_requests_total,api,a,prod,500,,,240.0
1735693290,http_request_duration_seconds_bucket,api,a,prod,,0.1,,600.0
1735693290,http_request_duration_seconds_bucket,api,a,prod,,0.25,,1650.0000000000002
1735693290,http_request_duration_seconds_bucket,api,a,prod,,0.5,,2550.0
1735693290,http_request_duration_seconds_bucket,api,a,prod,,1.0,,2940.0
1735693290,http_request_duration_seconds_bucket,api,a,prod,,+Inf,,3000.0
1735693290,http_request_duration_seconds_count,api,a,prod,,,,3000.0
1735693290,http_request_duration_seconds_sum,api,a,prod,,,,960.0
1735693290,app_active_sessions,api,b,prod,,,,34.0
1735693290,queue_depth,api,b,prod,,,,30.0
1735693290,up,api,b,prod,,,,1.0
1735693290,http_requests_total,api,b,prod,200,,,3036.0
1735693290,http_requests_total,api,b,prod,500,,,264.0
1735693290,http_request_duration_seconds_bucket,api,b,prod,,0.1,,660.0
1735693290,http_request_duration_seconds_bucket,api,b,prod,,0.25,,1815.0000000000002
1735693290,http_request_duration_seconds_bucket,api,b,prod,,0.5,,2805.0
1735693290,http_request_duration_seconds_bucket,api,b,prod,,1.0,,3234.0
1735693290,http_request_duration_seconds_bucket,api,b,prod,,+Inf,,3300.0
1735693290,http_request_duration_seconds_count,api,b,prod,,,,3300.0
1735693290,http_request_duration_seconds_sum,api,b,prod,,,,1056.0
1735693290,service_info,web,,prod,,,experience,1.0
1735693290,app_active_sessions,web,a,prod,,,,19.0
1735693290,queue_depth,web,a,prod,,,,15.0
1735693290,up,web,a,prod,,,,1.0
1735693290,http_requests_total,web,a,prod,200,,,1656.0
1735693290,http_requests_total,web,a,prod,500,,,144.0
1735693290,http_request_duration_seconds_bucket,web,a,prod,,0.1,,360.0
1735693290,http_request_duration_seconds_bucket,web,a,prod,,0.25,,990.0000000000001
1735693290,http_request_duration_seconds_bucket,web,a,prod,,0.5,,1530.0
1735693290,http_request_duration_seconds_bucket,web,a,prod,,1.0,,1764.0
1735693290,http_request_duration_seconds_bucket,web,a,prod,,+Inf,,1800.0
1735693290,http_request_duration_seconds_count,web,a,prod,,,,1800.0
1735693290,http_request_duration_seconds_sum,web,a,prod,,,,576.0
1735693290,app_active_sessions,web,b,prod,,,,22.0
1735693290,queue_depth,web,b,prod,,,,18.0
1735693290,up,web,b,prod,,,,0.0
1735693290,http_requests_total,web,b,prod,200,,,1932.0
1735693290,http_requests_total,web,b,prod,500,,,168.0
1735693290,http_request_duration_seconds_bucket,web,b,prod,,0.1,,420.0
1735693290,http_request_duration_seconds_bucket,web,b,prod,,0.25,,1155.0
1735693290,http_request_duration_seconds_bucket,web,b,prod,,0.5,,1785.0
1735693290,http_request_duration_seconds_bucket,web,b,prod,,1.0,,2058.0
1735693290,http_request_duration_seconds_bucket,web,b,prod,,+Inf,,2100.0
1735693290,http_request_duration_seconds_count,web,b,prod,,,,2100.0
1735693290,http_request_duration_seconds_sum,web,b,prod,,,,672.0
1735693320,service_info,api,,prod,,,platform,1.0
1735693320,app_active_sessions,api,a,prod,,,,32.0
1735693320,queue_depth,api,a,prod,,,,28.0
1735693320,up,api,a,prod,,,,1.0
1735693320,http_requests_total,api,a,prod,200,,,3588.0
1735693320,http_requests_total,api,a,prod,500,,,312.0
1735693320,http_request_duration_seconds_bucket,api,a,prod,,0.1,,780.0
1735693320,http_request_duration_seconds_bucket,api,a,prod,,0.25,,2145.0
1735693320,http_request_duration_seconds_bucket,api,a,prod,,0.5,,3315.0
1735693320,http_request_duration_seconds_bucket,api,a,prod,,1.0,,3822.0
1735693320,http_request_duration_seconds_bucket,api,a,prod,,+Inf,,3900.0
1735693320,http_request_duration_seconds_count,api,a,prod,,,,3900.0
1735693320,http_request_duration_seconds_sum,api,a,prod,,,,1248.0
1735693320,app_active_sessions,api,b,prod,,,,35.0
1735693320,queue_depth,api,b,prod,,,,31.0
1735693320,up,api,b,prod,,,,1.0
1735693320,http_requests_total,api,b,prod,200,,,3946.8
1735693320,http_requests_total,api,b,prod,500,,,343.2
1735693320,http_request_duration_seconds_bucket,api,b,prod,,0.1,,858.0
1735693320,http_request_duration_seconds_bucket,api,b,prod,,0.25,,2359.5
1735693320,http_request_duration_seconds_bucket,api,b,prod,,0.5,,3646.5
1735693320,http_request_duration_seconds_bucket,api,b,prod,,1.0,,4204.2
1735693320,http_request_duration_seconds_bucket,api,b,prod,,+Inf,,4290.0
1735693320,http_request_duration_seconds_count,api,b,prod,,,,4290.0
1735693320,http_request_duration_seconds_sum,api,b,prod,,,,1372.8
1735693320,service_info,web,,prod,,,experience,1.0
1735693320,app_active_sessions,web,a,prod,,,,20.0
1735693320,queue_depth,web,a,prod,,,,16.0
1735693320,up,web,a,prod,,,,1.0
1735693320,http_requests_total,web,a,prod,200,,,2152.8
1735693320,http_requests_total,web,a,prod,500,,,187.20000000000002
1735693320,http_request_duration_seconds_bucket,web,a,prod,,0.1,,468.0
1735693320,http_request_duration_seconds_bucket,web,a,prod,,0.25,,1287.0
1735693320,http_request_duration_seconds_bucket,web,a,prod,,0.5,,1989.0
1735693320,http_request_duration_seconds_bucket,web,a,prod,,1.0,,2293.2
1735693320,http_request_duration_seconds_bucket,web,a,prod,,+Inf,,2340.0
1735693320,http_request_duration_seconds_count,web,a,prod,,,,2340.0
1735693320,http_request_duration_seconds_sum,web,a,prod,,,,748.8000000000001
1735693320,app_active_sessions,web,b,prod,,,,23.0
1735693320,queue_depth,web,b,prod,,,,19.0
1735693320,up,web,b,prod,,,,0.0
1735693320,http_requests_total,web,b,prod,200,,,2511.6
1735693320,http_requests_total,web,b,prod,500,,,218.4
1735693320,http_request_duration_seconds_bucket,web,b,prod,,0.1,,546.0
1735693320,http_request_duration_seconds_bucket,web,b,prod,,0.25,,1501.5000000000002
1735693320,http_request_duration_seconds_bucket,web,b,prod,,0.5,,2320.5
1735693320,http_request_duration_seconds_bucket,web,b,prod,,1.0,,2675.4
1735693320,http_request_duration_seconds_bucket,web,b,prod,,+Inf,,2730.0
1735693320,http_request_duration_seconds_count,web,b,prod,,,,2730.0
1735693320,http_request_duration_seconds_sum,web,b,prod,,,,873.6
1735693350,service_info,api,,prod,,,platform,1.0
1735693350,app_active_sessions,api,a,prod,,,,32.0
1735693350,queue_depth,api,a,prod,,,,28.0
1735693350,up,api,a,prod,,,,1.0
1735693350,http_requests_total,api,a,prod,200,,,4416.0
1735693350,http_requests_total,api,a,prod,500,,,384.0
1735693350,http_request_duration_seconds_bucket,api,a,prod,,0.1,,960.0
1735693350,http_request_duration_seconds_bucket,api,a,prod,,0.25,,2640.0
1735693350,http_request_duration_seconds_bucket,api,a,prod,,0.5,,4080.0
1735693350,http_request_duration_seconds_bucket,api,a,prod,,1.0,,4704.0
1735693350,http_request_duration_seconds_bucket,api,a,prod,,+Inf,,4800.0
1735693350,http_request_duration_seconds_count,api,a,prod,,,,4800.0
1735693350,http_request_duration_seconds_sum,api,a,prod,,,,1536.0
1735693350,app_active_sessions,api,b,prod,,,,35.0
1735693350,queue_depth,api,b,prod,,,,31.0
1735693350,up,api,b,prod,,,,1.0
1735693350,http_requests_total,api,b,prod,200,,,4857.6
1735693350,http_requests_total,api,b,prod,500,,,422.40000000000003
1735693350,http_request_duration_seconds_bucket,api,b,prod,,0.1,,1056.0
1735693350,http_request_duration_seconds_bucket,api,b,prod,,0.25,,2904.0000000000005
1735693350,http_request_duration_seconds_bucket,api,b,prod,,0.5,,4488.0
1735693350,http_request_duration_seconds_bucket,api,b,prod,,1.0,,5174.4
1735693350,http_request_duration_seconds_bucket,api,b,prod,,+Inf,,5280.0
1735693350,http_request_duration_seconds_count,api,b,prod,,,,5280.0
1735693350,http_request_duration_seconds_sum,api,b,prod,,,,1689.6000000000001
1735693350,service_info,web,,prod,,,experience,1.0
1735693350,app_active_sessions,web,a,prod,,,,20.0
1735693350,queue_depth,web,a,prod,,,,16.0
1735693350,up,web,a,prod,,,,1.0
1735693350,http_requests_total,web,a,prod,200,,,2649.6
1735693350,http_requests_total,web,a,prod,500,,,230.4
1735693350,http_request_duration_seconds_bucket,web,a,prod,,0.1,,576.0
1735693350,http_request_duration_seconds_bucket,web,a,prod,,0.25,,1584.0000000000002
1735693350,http_request_duration_seconds_bucket,web,a,prod,,0.5,,2448.0
1735693350,http_request_duration_seconds_bucket,web,a,prod,,1.0,,2822.4
1735693350,http_request_duration_seconds_bucket,web,a,prod,,+Inf,,2880.0
1735693350,http_request_duration_seconds_count,web,a,prod,,,,2880.0
1735693350,http_request_duration_seconds_sum,web,a,prod,,,,921.6
1735693350,app_active_sessions,web,b,prod,,,,23.0
1735693350,queue_depth,web,b,prod,,,,19.0
1735693350,up,web,b,prod,,,,0.0
1735693350,http_requests_total,web,b,prod,200,,,3091.2
1735693350,http_requests_total,web,b,prod,500,,,268.8
1735693350,http_request_duration_seconds_bucket,web,b,prod,,0.1,,672.0
1735693350,http_request_duration_seconds_bucket,web,b,prod,,0.25,,1848.0000000000002
1735693350,http_request_duration_seconds_bucket,web,b,prod,,0.5,,2856.0
1735693350,http_request_duration_seconds_bucket,web,b,prod,,1.0,,3292.7999999999997
1735693350,http_request_duration_seconds_bucket,web,b,prod,,+Inf,,3360.0
1735693350,http_request_duration_seconds_count,web,b,prod,,,,3360.0
1735693350,http_request_duration_seconds_sum,web,b,prod,,,,1075.2
1735693380,service_info,api,,prod,,,platform,1.0
1735693380,app_active_sessions,api,a,prod,,,,33.0
1735693380,queue_depth,api,a,prod,,,,29.0
1735693380,up,api,a,prod,,,,1.0
1735693380,http_requests_total,api,a,prod,200,,,5244.0
1735693380,http_requests_total,api,a,prod,500,,,456.0
1735693380,http_request_duration_seconds_bucket,api,a,prod,,0.1,,1140.0
1735693380,http_request_duration_seconds_bucket,api,a,prod,,0.25,,3135.0000000000005
1735693380,http_request_duration_seconds_bucket,api,a,prod,,0.5,,4845.0
1735693380,http_request_duration_seconds_bucket,api,a,prod,,1.0,,5586.0
1735693380,http_request_duration_seconds_bucket,api,a,prod,,+Inf,,5700.0
1735693380,http_request_duration_seconds_count,api,a,prod,,,,5700.0
1735693380,http_request_duration_seconds_sum,api,a,prod,,,,1824.0
1735693380,app_active_sessions,api,b,prod,,,,36.0
1735693380,queue_depth,api,b,prod,,,,32.0
1735693380,up,api,b,prod,,,,1.0
1735693380,http_requests_total,api,b,prod,200,,,5768.4
1735693380,http_requests_total,api,b,prod,500,,,501.6
1735693380,http_request_duration_seconds_bucket,api,b,prod,,0.1,,1254.0
1735693380,http_request_duration_seconds_bucket,api,b,prod,,0.25,,3448.5000000000005
1735693380,http_request_duration_seconds_bucket,api,b,prod,,0.5,,5329.5
1735693380,http_request_duration_seconds_bucket,api,b,prod,,1.0,,6144.599999999999
1735693380,http_request_duration_seconds_bucket,api,b,prod,,+Inf,,6270.0
1735693380,http_request_duration_seconds_count,api,b,prod,,,,6270.0
1735693380,http_request_duration_seconds_sum,api,b,prod,,,,2006.4
1735693380,service_info,web,,prod,,,experience,1.0
1735693380,app_active_sessions,web,a,prod,,,,21.0
1735693380,queue_depth,web,a,prod,,,,17.0
1735693380,up,web,a,prod,,,,1.0
1735693380,http_requests_total,web,a,prod,200,,,3146.4
1735693380,http_requests_total,web,a,prod,500,,,273.6
1735693380,http_request_duration_seconds_bucket,web,a,prod,,0.1,,684.0
1735693380,http_request_duration_seconds_bucket,web,a,prod,,0.25,,1881.0000000000002
1735693380,http_request_duration_seconds_bucket,web,a,prod,,0.5,,2907.0
1735693380,http_request_duration_seconds_bucket,web,a,prod,,1.0,,3351.6
1735693380,http_request_duration_seconds_bucket,web,a,prod,,+Inf,,3420.0
1735693380,http_request_duration_seconds_count,web,a,prod,,,,3420.0
1735693380,http_request_duration_seconds_sum,web,a,prod,,,,1094.4
1735693380,app_active_sessions,web,b,prod,,,,24.0
1735693380,queue_depth,web,b,prod,,,,20.0
1735693380,up,web,b,prod,,,,0.0
1735693380,http_requests_total,web,b,prod,200,,,3670.8
1735693380,http_requests_total,web,b,prod,500,,,319.2
1735693380,http_request_duration_seconds_bucket,web,b,prod,,0.1,,798.0
1735693380,http_request_duration_seconds_bucket,web,b,prod,,0.25,,2194.5
1735693380,http_request_duration_seconds_bucket,web,b,prod,,0.5,,3391.5
1735693380,http_request_duration_seconds_bucket,web,b,prod,,1.0,,3910.2
1735693380,http_request_duration_seconds_bucket,web,b,prod,,+Inf,,3990.0
1735693380,http_request_duration_seconds_count,web,b,prod,,,,3990.0
1735693380,http_request_duration_seconds_sum,web,b,prod,,,,1276.8
1735693410,service_info,api,,prod,,,platform,1.0
1735693410,app_active_sessions,api,a,prod,,,,33.0
1735693410,queue_depth,api,a,prod,,,,29.0
1735693410,up,api,a,prod,,,,1.0
1735693410,http_requests_total,api,a,prod,200,,,6072.0
1735693410,http_requests_total,api,a,prod,500,,,528.0
1735693410,http_request_duration_seconds_bucket,api,a,prod,,0.1,,1320.0
1735693410,http_request_duration_seconds_bucket,api,a,prod,,0.25,,3630.0000000000005
1735693410,http_request_duration_seconds_bucket,api,a,prod,,0.5,,5610.0
1735693410,http_request_duration_seconds_bucket,api,a,prod,,1.0,,6468.0
1735693410,http_request_duration_seconds_bucket,api,a,prod,,+Inf,,6600.0
1735693410,http_request_duration_seconds_count,api,a,prod,,,,6600.0
1735693410,http_request_duration_seconds_sum,api,a,prod,,,,2112.0
1735693410,app_active_sessions,api,b,prod,,,,36.0
1735693410,queue_depth,api,b,prod,,,,32.0
1735693410,up,api,b,prod,,,,1.0
1735693410,http_requests_total,api,b,prod,200,,,6679.2
1735693410,http_requests_total,api,b,prod,500,,,580.8000000000001
1735693410,http_request_duration_seconds_bucket,api,b,prod,,0.1,,1452.0
1735693410,http_request_duration_seconds_bucket,api,b,prod,,0.25,,3993.0000000000005
1735693410,http_request_duration_seconds_bucket,api,b,prod,,0.5,,6171.0
1735693410,http_request_duration_seconds_bucket,api,b,prod,,1.0,,7114.8
1735693410,http_request_duration_seconds_bucket,api,b,prod,,+Inf,,7260.0
1735693410,http_request_duration_seconds_count,api,b,prod,,,,7260.0
1735693410,http_request_duration_seconds_sum,api,b,prod,,,,2323.2000000000003
1735693410,service_info,web,,prod,,,experience,1.0
1735693410,app_active_sessions,web,a,prod,,,,21.0
1735693410,queue_depth,web,a,prod,,,,17.0
1735693410,up,web,a,prod,,,,1.0
1735693410,http_requests_total,web,a,prod,200,,,3643.2
1735693410,http_requests_total,web,a,prod,500,,,316.8
1735693410,http_request_duration_seconds_bucket,web,a,prod,,0.1,,792.0
1735693410,http_request_duration_seconds_bucket,web,a,prod,,0.25,,2178.0
1735693410,http_request_duration_seconds_bucket,web,a,prod,,0.5,,3366.0
1735693410,http_request_duration_seconds_bucket,web,a,prod,,1.0,,3880.7999999999997
1735693410,http_request_duration_seconds_bucket,web,a,prod,,+Inf,,3960.0
1735693410,http_request_duration_seconds_count,web,a,prod,,,,3960.0
1735693410,http_request_duration_seconds_sum,web,a,prod,,,,1267.2
1735693410,app_active_sessions,web,b,prod,,,,24.0
1735693410,queue_depth,web,b,prod,,,,20.0
1735693410,up,web,b,prod,,,,0.0
1735693410,http_requests_total,web,b,prod,200,,,4250.4
1735693410,http_requests_total,web,b,prod,500,,,369.6
1735693410,http_request_duration_seconds_bucket,web,b,prod,,0.1,,924.0
1735693410,http_request_duration_seconds_bucket,web,b,prod,,0.25,,2541.0
1735693410,http_request_duration_seconds_bucket,web,b,prod,,0.5,,3927.0
1735693410,http_request_duration_seconds_bucket,web,b,prod,,1.0,,4527.6
1735693410,http_request_duration_seconds_bucket,web,b,prod,,+Inf,,4620.0
1735693410,http_request_duration_seconds_count,web,b,prod,,,,4620.0
1735693410,http_request_duration_seconds_sum,web,b,prod,,,,1478.4
1735693440,service_info,api,,prod,,,platform,1.0
1735693440,app_active_sessions,api,a,prod,,,,33.0
1735693440,queue_depth,api,a,prod,,,,29.0
1735693440,up,api,a,prod,,,,1.0
1735693440,http_requests_total,api,a,prod,200,,,6900.0
1735693440,http_requests_total,api,a,prod,500,,,600.0
1735693440,http_request_duration_seconds_bucket,api,a,prod,,0.1,,1500.0
1735693440,http_request_duration_seconds_bucket,api,a,prod,,0.25,,4125.0
1735693440,http_request_duration_seconds_bucket,api,a,prod,,0.5,,6375.0
1735693440,http_request_duration_seconds_bucket,api,a,prod,,1.0,,7350.0
1735693440,http_request_duration_seconds_bucket,api,a,prod,,+Inf,,7500.0
1735693440,http_request_duration_seconds_count,api,a,prod,,,,7500.0
1735693440,http_request_duration_seconds_sum,api,a,prod,,,,2400.0
1735693440,app_active_sessions,api,b,prod,,,,36.0
1735693440,queue_depth,api,b,prod,,,,32.0
1735693440,up,api,b,prod,,,,1.0
1735693440,http_requests_total,api,b,prod,200,,,7590.0
1735693440,http_requests_total,api,b,prod,500,,,660.0
1735693440,http_request_duration_seconds_bucket,api,b,prod,,0.1,,1650.0
1735693440,http_request_duration_seconds_bucket,api,b,prod,,0.25,,4537.5
1735693440,http_request_duration_seconds_bucket,api,b,prod,,0.5,,7012.5
1735693440,http_request_duration_seconds_bucket,api,b,prod,,1.0,,8085.0
1735693440,http_request_duration_seconds_bucket,api,b,prod,,+Inf,,8250.0
1735693440,http_request_duration_seconds_count,api,b,prod,,,,8250.0
1735693440,http_request_duration_seconds_sum,api,b,prod,,,,2640.0
1735693440,service_info,web,,prod,,,experience,1.0
1735693440,app_active_sessions,web,a,prod,,,,21.0
1735693440,queue_depth,web,a,prod,,,,17.0
1735693440,up,web,a,prod,,,,1.0
1735693440,http_requests_total,web,a,prod,200,,,4140.0
1735693440,http_requests_total,web,a,prod,500,,,360.0
1735693440,http_request_duration_seconds_bucket,web,a,prod,,0.1,,900.0
1735693440,http_request_duration_seconds_bucket,web,a,prod,,0.25,,2475.0
1735693440,http_request_duration_seconds_bucket,web,a,prod,,0.5,,3825.0
1735693440,http_request_duration_seconds_bucket,web,a,prod,,1.0,,4410.0
1735693440,http_request_duration_seconds_bucket,web,a,prod,,+Inf,,4500.0
1735693440,http_request_duration_seconds_count,web,a,prod,,,,4500.0
1735693440,http_request_duration_seconds_sum,web,a,prod,,,,1440.0
1735693440,app_active_sessions,web,b,prod,,,,24.0
1735693440,queue_depth,web,b,prod,,,,20.0
1735693440,up,web,b,prod,,,,0.0
1735693440,http_requests_total,web,b,prod,200,,,4830.0
1735693440,http_requests_total,web,b,prod,500,,,420.0
1735693440,http_request_duration_seconds_bucket,web,b,prod,,0.1,,1050.0
1735693440,http_request_duration_seconds_bucket,web,b,prod,,0.25,,2887.5000000000005
1735693440,http_request_duration_seconds_bucket,web,b,prod,,0.5,,4462.5
1735693440,http_request_duration_seconds_bucket,web,b,prod,,1.0,,5145.0
1735693440,http_request_duration_seconds_bucket,web,b,prod,,+Inf,,5250.0
1735693440,http_request_duration_seconds_count,web,b,prod,,,,5250.0
1735693440,http_request_duration_seconds_sum,web,b,prod,,,,1680.0
1735693470,service_info,api,,prod,,,platform,1.0
1735693470,app_active_sessions,api,a,prod,,,,33.0
1735693470,queue_depth,api,a,prod,,,,29.0
1735693470,up,api,a,prod,,,,1.0
1735693470,http_requests_total,api,a,prod,200,,,7728.0
1735693470,http_requests_total,api,a,prod,500,,,672.0
1735693470,http_request_duration_seconds_bucket,api,a,prod,,0.1,,1680.0
1735693470,http_request_duration_seconds_bucket,api,a,prod,,0.25,,4620.0
1735693470,http_request_duration_seconds_bucket,api,a,prod,,0.5,,7140.0
1735693470,http_request_duration_seconds_bucket,api,a,prod,,1.0,,8232.0
1735693470,http_request_duration_seconds_bucket,api,a,prod,,+Inf,,8400.0
1735693470,http_request_duration_seconds_count,api,a,prod,,,,8400.0
1735693470,http_request_duration_seconds_sum,api,a,prod,,,,2688.0
1735693470,app_active_sessions,api,b,prod,,,,36.0
1735693470,queue_depth,api,b,prod,,,,32.0
1735693470,up,api,b,prod,,,,1.0
1735693470,http_requests_total,api,b,prod,200,,,8500.8
1735693470,http_requests_total,api,b,prod,500,,,739.2
1735693470,http_request_duration_seconds_bucket,api,b,prod,,0.1,,1848.0
1735693470,http_request_duration_seconds_bucket,api,b,prod,,0.25,,5082.0
1735693470,http_request_duration_seconds_bucket,api,b,prod,,0.5,,7854.0
1735693470,http_request_duration_seconds_bucket,api,b,prod,,1.0,,9055.2
1735693470,http_request_duration_seconds_bucket,api,b,prod,,+Inf,,9240.0
1735693470,http_request_duration_seconds_count,api,b,prod,,,,9240.0
1735693470,http_request_duration_seconds_sum,api,b,prod,,,,2956.8
1735693470,service_info,web,,prod,,,experience,1.0
1735693470,app_active_sessions,web,a,prod,,,,21.0
1735693470,queue_depth,web,a,prod,,,,17.0
1735693470,up,web,a,prod,,,,1.0
1735693470,http_requests_total,web,a,prod,200,,,4636.8
1735693470,http_requests_total,web,a,prod,500,,,403.2
1735693470,http_request_duration_seconds_bucket,web,a,prod,,0.1,,1008.0
1735693470,http_request_duration_seconds_bucket,web,a,prod,,0.25,,2772.0
1735693470,http_request_duration_seconds_bucket,web,a,prod,,0.5,,4284.0
1735693470,http_request_duration_seconds_bucket,web,a,prod,,1.0,,4939.2
1735693470,http_request_duration_seconds_bucket,web,a,prod,,+Inf,,5040.0
1735693470,http_request_duration_seconds_count,web,a,prod,,,,5040.0
1735693470,http_request_duration_seconds_sum,web,a,prod,,,,1612.8
1735693470,app_active_sessions,web,b,prod,,,,24.0
1735693470,queue_depth,web,b,prod,,,,20.0
1735693470,up,web,b,prod,,,,0.0
1735693470,http_requests_total,web,b,prod,200,,,5409.6
1735693470,http_requests_total,web,b,prod,500,,,470.40000000000003
1735693470,http_request_duration_seconds_bucket,web,b,prod,,0.1,,1176.0
1735693470,http_request_duration_seconds_bucket,web,b,prod,,0.25,,3234.0000000000005
1735693470,http_request_duration_seconds_bucket,web,b,prod,,0.5,,4998.0
1735693470,http_request_duration_seconds_bucket,web,b,prod,,1.0,,5762.4
1735693470,http_request_duration_seconds_bucket,web,b,prod,,+Inf,,5880.0
1735693470,http_request_duration_seconds_count,web,b,prod,,,,5880.0
1735693470,http_request_duration_seconds_sum,web,b,prod,,,,1881.6000000000001
1735693500,service_info,api,,prod,,,platform,1.0
1735693500,app_active_sessions,api,a,prod,,,,33.0
1735693500,queue_depth,api,a,prod,,,,29.0
1735693500,up,api,a,prod,,,,1.0
1735693500,http_requests_total,api,a,prod,200,,,8556.0
1735693500,http_requests_total,api,a,prod,500,,,744.0
1735693500,http_request_duration_seconds_bucket,api,a,prod,,0.1,,1860.0
1735693500,http_request_duration_seconds_bucket,api,a,prod,,0.25,,5115.0
1735693500,http_request_duration_seconds_bucket,api,a,prod,,0.5,,7905.0
1735693500,http_request_duration_seconds_bucket,api,a,prod,,1.0,,9114.0
1735693500,http_request_duration_seconds_bucket,api,a,prod,,+Inf,,9300.0
1735693500,http_request_duration_seconds_count,api,a,prod,,,,9300.0
1735693500,http_request_duration_seconds_sum,api,a,prod,,,,2976.0
1735693500,app_active_sessions,api,b,prod,,,,36.0
1735693500,queue_depth,api,b,prod,,,,32.0
1735693500,up,api,b,prod,,,,1.0
1735693500,http_requests_total,api,b,prod,200,,,9411.6
1735693500,http_requests_total,api,b,prod,500,,,818.4
1735693500,http_request_duration_seconds_bucket,api,b,prod,,0.1,,2046.0
1735693500,http_request_duration_seconds_bucket,api,b,prod,,0.25,,5626.5
1735693500,http_request_duration_seconds_bucket,api,b,prod,,0.5,,8695.5
1735693500,http_request_duration_seconds_bucket,api,b,prod,,1.0,,10025.4
1735693500,http_request_duration_seconds_bucket,api,b,prod,,+Inf,,10230.0
1735693500,http_request_duration_seconds_count,api,b,prod,,,,10230.0
1735693500,http_request_duration_seconds_sum,api,b,prod,,,,3273.6
1735693500,service_info,web,,prod,,,experience,1.0
1735693500,app_active_sessions,web,a,prod,,,,21.0
1735693500,queue_depth,web,a,prod,,,,17.0
1735693500,up,web,a,prod,,,,1.0
1735693500,http_requests_total,web,a,prod,200,,,5133.6
1735693500,http_requests_total,web,a,prod,500,,,446.40000000000003
1735693500,http_request_duration_seconds_bucket,web,a,prod,,0.1,,1116.0
1735693500,http_request_duration_seconds_bucket,web,a,prod,,0.25,,3069.0000000000005
1735693500,http_request_duration_seconds_bucket,web,a,prod,,0.5,,4743.0
1735693500,http_request_duration_seconds_bucket,web,a,prod,,1.0,,5468.4
1735693500,http_request_duration_seconds_bucket,web,a,prod,,+Inf,,5580.0
1735693500,http_request_duration_seconds_count,web,a,prod,,,,5580.0
1735693500,http_request_duration_seconds_sum,web,a,prod,,,,1785.6000000000001
1735693500,app_active_sessions,web,b,prod,,,,24.0
1735693500,queue_depth,web,b,prod,,,,20.0
1735693500,up,web,b,prod,,,,0.0
1735693500,http_requests_total,web,b,prod,200,,,5989.2
1735693500,http_requests_total,web,b,prod,500,,,520.8
1735693500,http_request_duration_seconds_bucket,web,b,prod,,0.1,,1302.0
1735693500,http_request_duration_seconds_bucket,web,b,prod,,0.25,,3580.5000000000005
1735693500,http_request_duration_seconds_bucket,web,b,prod,,0.5,,5533.5
1735693500,http_request_duration_seconds_bucket,web,b,prod,,1.0,,6379.8
1735693500,http_request_duration_seconds_bucket,web,b,prod,,+Inf,,6510.0
1735693500,http_request_duration_seconds_count,web,b,prod,,,,6510.0
1735693500,http_request_duration_seconds_sum,web,b,prod,,,,2083.2
1735693530,service_info,api,,prod,,,platform,1.0
1735693530,app_active_sessions,api,a,prod,,,,33.0
1735693530,queue_depth,api,a,prod,,,,29.0
1735693530,up,api,a,prod,,,,1.0
1735693530,http_requests_total,api,a,prod,200,,,9384.0
1735693530,http_requests_total,api,a,prod,500,,,816.0
1735693530,http_request_duration_seconds_bucket,api,a,prod,,0.1,,2040.0
1735693530,http_request_duration_seconds_bucket,api,a,prod,,0.25,,5610.0
1735693530,http_request_duration_seconds_bucket,api,a,prod,,0.5,,8670.0
1735693530,http_request_duration_seconds_bucket,api,a,prod,,1.0,,9996.0
1735693530,http_request_duration_seconds_bucket,api,a,prod,,+Inf,,10200.0
1735693530,http_request_duration_seconds_count,api,a,prod,,,,10200.0
1735693530,http_request_duration_seconds_sum,api,a,prod,,,,3264.0
1735693530,app_active_sessions,api,b,prod,,,,36.0
1735693530,queue_depth,api,b,prod,,,,32.0
1735693530,up,api,b,prod,,,,1.0
1735693530,http_requests_total,api,b,prod,200,,,10322.4
1735693530,http_requests_total,api,b,prod,500,,,897.6
1735693530,http_request_duration_seconds_bucket,api,b,prod,,0.1,,2244.0
1735693530,http_request_duration_seconds_bucket,api,b,prod,,0.25,,6171.000000000001
1735693530,http_request_duration_seconds_bucket,api,b,prod,,0.5,,9537.0
1735693530,http_request_duration_seconds_bucket,api,b,prod,,1.0,,10995.6
1735693530,http_request_duration_seconds_bucket,api,b,prod,,+Inf,,11220.0
1735693530,http_request_duration_seconds_count,api,b,prod,,,,11220.0
1735693530,http_request_duration_seconds_sum,api,b,prod,,,,3590.4
1735693530,service_info,web,,prod,,,experience,1.0
1735693530,app_active_sessions,web,a,prod,,,,21.0
1735693530,queue_depth,web,a,prod,,,,17.0
1735693530,up,web,a,prod,,,,1.0
1735693530,http_requests_total,web,a,prod,200,,,5630.4
1735693530,http_requests_total,web,a,prod,500,,,489.6
1735693530,http_request_duration_seconds_bucket,web,a,prod,,0.1,,1224.0
1735693530,http_request_duration_seconds_bucket,web,a,prod,,0.25,,3366.0000000000005
1735693530,http_request_duration_seconds_bucket,web,a,prod,,0.5,,5202.0
1735693530,http_request_duration_seconds_bucket,web,a,prod,,1.0,,5997.599999999999
1735693530,http_request_duration_seconds_bucket,web,a,prod,,+Inf,,6120.0
1735693530,http_request_duration_seconds_count,web,a,prod,,,,6120.0
1735693530,http_request_duration_seconds_sum,web,a,prod,,,,1958.4
1735693530,app_active_sessions,web,b,prod,,,,24.0
1735693530,queue_depth,web,b,prod,,,,20.0
1735693530,up,web,b,prod,,,,0.0
1735693530,http_requests_total,web,b,prod,200,,,6568.8
1735693530,http_requests_total,web,b,prod,500,,,571.2
1735693530,http_request_duration_seconds_bucket,web,b,prod,,0.1,,1428.0
1735693530,http_request_duration_seconds_bucket,web,b,prod,,0.25,,3927.0000000000005
1735693530,http_request_duration_seconds_bucket,web,b,prod,,0.5,,6069.0
1735693530,http_request_duration_seconds_bucket,web,b,prod,,1.0,,6997.2
1735693530,http_request_duration_seconds_bucket,web,b,prod,,+Inf,,7140.0
1735693530,http_request_duration_seconds_count,web,b,prod,,,,7140.0
1735693530,http_request_duration_seconds_sum,web,b,prod,,,,2284.8
1735693560,service_info,api,,prod,,,platform,1.0
1735693560,app_active_sessions,api,a,prod,,,,33.0
1735693560,queue_depth,api,a,prod,,,,29.0
1735693560,up,api,a,prod,,,,1.0
1735693560,http_requests_total,api,a,prod,200,,,10212.0
1735693560,http_requests_total,api,a,prod,500,,,888.0
1735693560,http_request_duration_seconds_bucket,api,a,prod,,0.1,,2220.0
1735693560,http_request_duration_seconds_bucket,api,a,prod,,0.25,,6105.000000000001
1735693560,http_request_duration_seconds_bucket,api,a,prod,,0.5,,9435.0
1735693560,http_request_duration_seconds_bucket,api,a,prod,,1.0,,10878.0
1735693560,http_request_duration_seconds_bucket,api,a,prod,,+Inf,,11100.0
1735693560,http_request_duration_seconds_count,api,a,prod,,,,11100.0
1735693560,http_request_duration_seconds_sum,api,a,prod,,,,3552.0
1735693560,app_active_sessions,api,b,prod,,,,36.0
1735693560,queue_depth,api,b,prod,,,,32.0
1735693560,up,api,b,prod,,,,1.0
1735693560,http_requests_total,api,b,prod,200,,,11233.2
1735693560,http_requests_total,api,b,prod,500,,,976.8000000000001
1735693560,http_request_duration_seconds_bucket,api,b,prod,,0.1,,2442.0
1735693560,http_request_duration_seconds_bucket,api,b,prod,,0.25,,6715.500000000001
1735693560,http_request_duration_seconds_bucket,api,b,prod,,0.5,,10378.5
1735693560,http_request_duration_seconds_bucket,api,b,prod,,1.0,,11965.8
1735693560,http_request_duration_seconds_bucket,api,b,prod,,+Inf,,12210.0
1735693560,http_request_duration_seconds_count,api,b,prod,,,,12210.0
1735693560,http_request_duration_seconds_sum,api,b,prod,,,,3907.2000000000003
1735693560,service_info,web,,prod,,,experience,1.0
1735693560,app_active_sessions,web,a,prod,,,,21.0
1735693560,queue_depth,web,a,prod,,,,17.0
1735693560,up,web,a,prod,,,,1.0
1735693560,http_requests_total,web,a,prod,200,,,6127.2
1735693560,http_requests_total,web,a,prod,500,,,532.8
1735693560,http_request_duration_seconds_bucket,web,a,prod,,0.1,,1332.0
1735693560,http_request_duration_seconds_bucket,web,a,prod,,0.25,,3663.0000000000005
1735693560,http_request_duration_seconds_bucket,web,a,prod,,0.5,,5661.0
1735693560,http_request_duration_seconds_bucket,web,a,prod,,1.0,,6526.8
1735693560,http_request_duration_seconds_bucket,web,a,prod,,+Inf,,6660.0
1735693560,http_request_duration_seconds_count,web,a,prod,,,,6660.0
1735693560,http_request_duration_seconds_sum,web,a,prod,,,,2131.2
1735693560,app_active_sessions,web,b,prod,,,,24.0
1735693560,queue_depth,web,b,prod,,,,20.0
1735693560,up,web,b,prod,,,,0.0
1735693560,http_requests_total,web,b,prod,200,,,7148.4
1735693560,http_requests_total,web,b,prod,500,,,621.6
1735693560,http_request_duration_seconds_bucket,web,b,prod,,0.1,,1554.0
1735693560,http_request_duration_seconds_bucket,web,b,prod,,0.25,,4273.5
1735693560,http_request_duration_seconds_bucket,web,b,prod,,0.5,,6604.5
1735693560,http_request_duration_seconds_bucket,web,b,prod,,1.0,,7614.599999999999
1735693560,http_request_duration_seconds_bucket,web,b,prod,,+Inf,,7770.0
1735693560,http_request_duration_seconds_count,web,b,prod,,,,7770.0
1735693560,http_request_duration_seconds_sum,web,b,prod,,,,2486.4
1735693590,service_info,api,,prod,,,platform,1.0
1735693590,app_active_sessions,api,a,prod,,,,32.0
1735693590,queue_depth,api,a,prod,,,,28.0
1735693590,up,api,a,prod,,,,1.0
1735693590,http_requests_total,api,a,prod,200,,,11040.0
1735693590,http_requests_total,api,a,prod,500,,,960.0
1735693590,http_request_duration_seconds_bucket,api,a,prod,,0.1,,2400.0
1735693590,http_request_duration_seconds_bucket,api,a,prod,,0.25,,6600.000000000001
1735693590,http_request_duration_seconds_bucket,api,a,prod,,0.5,,10200.0
1735693590,http_request_duration_seconds_bucket,api,a,prod,,1.0,,11760.0
1735693590,http_request_duration_seconds_bucket,api,a,prod,,+Inf,,12000.0
1735693590,http_request_duration_seconds_count,api,a,prod,,,,12000.0
1735693590,http_request_duration_seconds_sum,api,a,prod,,,,3840.0
1735693590,app_active_sessions,api,b,prod,,,,35.0
1735693590,queue_depth,api,b,prod,,,,31.0
1735693590,up,api,b,prod,,,,1.0
1735693590,http_requests_total,api,b,prod,200,,,12144.0
1735693590,http_requests_total,api,b,prod,500,,,1056.0
1735693590,http_request_duration_seconds_bucket,api,b,prod,,0.1,,2640.0
1735693590,http_request_duration_seconds_bucket,api,b,prod,,0.25,,7260.000000000001
1735693590,http_request_duration_seconds_bucket,api,b,prod,,0.5,,11220.0
1735693590,http_request_duration_seconds_bucket,api,b,prod,,1.0,,12936.0
1735693590,http_request_duration_seconds_bucket,api,b,prod,,+Inf,,13200.0
1735693590,http_request_duration_seconds_count,api,b,prod,,,,13200.0
1735693590,http_request_duration_seconds_sum,api,b,prod,,,,4224.0
1735693590,service_info,web,,prod,,,experience,1.0
1735693590,app_active_sessions,web,a,prod,,,,20.0
1735693590,queue_depth,web,a,prod,,,,16.0
1735693590,up,web,a,prod,,,,1.0
1735693590,http_requests_total,web,a,prod,200,,,6624.0
1735693590,http_requests_total,web,a,prod,500,,,576.0
1735693590,http_request_duration_seconds_bucket,web,a,prod,,0.1,,1440.0
1735693590,http_request_duration_seconds_bucket,web,a,prod,,0.25,,3960.0000000000005
1735693590,http_request_duration_seconds_bucket,web,a,prod,,0.5,,6120.0
1735693590,http_request_duration_seconds_bucket,web,a,prod,,1.0,,7056.0
1735693590,http_request_duration_seconds_bucket,web,a,prod,,+Inf,,7200.0
1735693590,http_request_duration_seconds_count,web,a,prod,,,,7200.0
1735693590,http_request_duration_seconds_sum,web,a,prod,,,,2304.0
1735693590,app_active_sessions,web,b,prod,,,,23.0
1735693590,queue_depth,web,b,prod,,,,19.0
1735693590,up,web,b,prod,,,,0.0
1735693590,http_requests_total,web,b,prod,200,,,7728.0
1735693590,http_requests_total,web,b,prod,500,,,672.0
1735693590,http_request_duration_seconds_bucket,web,b,prod,,0.1,,1680.0
1735693590,http_request_duration_seconds_bucket,web,b,prod,,0.25,,4620.0
1735693590,http_request_duration_seconds_bucket,web,b,prod,,0.5,,7140.0
1735693590,http_request_duration_seconds_bucket,web,b,prod,,1.0,,8232.0
1735693590,http_request_duration_seconds_bucket,web,b,prod,,+Inf,,8400.0
1735693590,http_request_duration_seconds_count,web,b,prod,,,,8400.0
1735693590,http_request_duration_seconds_sum,web,b,prod,,,,2688.0
1735693620,service_info,api,,prod,,,platform,1.0
1735693620,app_active_sessions,api,a,prod,,,,32.0
1735693620,queue_depth,api,a,prod,,,,28.0
1735693620,up,api,a,prod,,,,1.0
1735693620,http_requests_total,api,a,prod,200,,,11868.0
1735693620,http_requests_total,api,a,prod,500,,,1032.0
1735693620,http_request_duration_seconds_bucket,api,a,prod,,0.1,,2580.0
1735693620,http_request_duration_seconds_bucket,api,a,prod,,0.25,,7095.000000000001
1735693620,http_request_duration_seconds_bucket,api,a,prod,,0.5,,10965.0
1735693620,http_request_duration_seconds_bucket,api,a,prod,,1.0,,12642.0
1735693620,http_request_duration_seconds_bucket,api,a,prod,,+Inf,,12900.0
1735693620,http_request_duration_seconds_count,api,a,prod,,,,12900.0
1735693620,http_request_duration_seconds_sum,api,a,prod,,,,4128.0
1735693620,app_active_sessions,api,b,prod,,,,35.0
1735693620,queue_depth,api,b,prod,,,,31.0
1735693620,up,api,b,prod,,,,1.0
1735693620,http_requests_total,api,b,prod,200,,,13054.8
1735693620,http_requests_total,api,b,prod,500,,,1135.2
1735693620,http_request_duration_seconds_bucket,api,b,prod,,0.1,,2838.0
1735693620,http_request_duration_seconds_bucket,api,b,prod,,0.25,,7804.500000000001
1735693620,http_request_duration_seconds_bucket,api,b,prod,,0.5,,12061.5
1735693620,http_request_duration_seconds_bucket,api,b,prod,,1.0,,13906.199999999999
1735693620,http_request_duration_seconds_bucket,api,b,prod,,+Inf,,14190.0
1735693620,http_request_duration_seconds_count,api,b,prod,,,,14190.0
1735693620,http_request_duration_seconds_sum,api,b,prod,,,,4540.8
1735693620,service_info,web,,prod,,,experience,1.0
1735693620,app_active_sessions,web,a,prod,,,,20.0
1735693620,queue_depth,web,a,prod,,,,16.0
1735693620,up,web,a,prod,,,,1.0
1735693620,http_requests_total,web,a,prod,200,,,7120.8
1735693620,http_requests_total,web,a,prod,500,,,619.2
1735693620,http_request_duration_seconds_bucket,web,a,prod,,0.1,,1548.0
1735693620,http_request_duration_seconds_bucket,web,a,prod,,0.25,,4257.0
1735693620,http_request_duration_seconds_bucket,web,a,prod,,0.5,,6579.0
1735693620,http_request_duration_seconds_bucket,web,a,prod,,1.0,,7585.2
1735693620,http_request_duration_seconds_bucket,web,a,prod,,+Inf,,7740.0
1735693620,http_request_duration_seconds_count,web,a,prod,,,,7740.0
1735693620,http_request_duration_seconds_sum,web,a,prod,,,,2476.8
1735693620,app_active_sessions,web,b,prod,,,,23.0
1735693620,queue_depth,web,b,prod,,,,19.0
1735693620,up,web,b,prod,,,,0.0
1735693620,http_requests_total,web,b,prod,200,,,8307.6
1735693620,http_requests_total,web,b,prod,500,,,722.4
1735693620,http_request_duration_seconds_bucket,web,b,prod,,0.1,,1806.0
1735693620,http_request_duration_seconds_bucket,web,b,prod,,0.25,,4966.5
1735693620,http_request_duration_seconds_bucket,web,b,prod,,0.5,,7675.5
1735693620,http_request_duration_seconds_bucket,web,b,prod,,1.0,,8849.4
1735693620,http_request_duration_seconds_bucket,web,b,prod,,+Inf,,9030.0
1735693620,http_request_duration_seconds_count,web,b,prod,,,,9030.0
1735693620,http_request_duration_seconds_sum,web,b,prod,,,,2889.6
1735693650,service_info,api,,prod,,,platform,1.0
1735693650,app_active_sessions,api,a,prod,,,,32.0
1735693650,queue_depth,api,a,prod,,,,28.0
1735693650,up,api,a,prod,,,,1.0
1735693650,http_requests_total,api,a,prod,200,,,12696.0
1735693650,http_requests_total,api,a,prod,500,,,1104.0
1735693650,http_request_duration_seconds_bucket,api,a,prod,,0.1,,2760.0
1735693650,http_request_duration_seconds_bucket,api,a,prod,,0.25,,7590.000000000001
1735693650,http_request_duration_seconds_bucket,api,a,prod,,0.5,,11730.0
1735693650,http_request_duration_seconds_bucket,api,a,prod,,1.0,,13524.0
1735693650,http_request_duration_seconds_bucket,api,a,prod,,+Inf,,13800.0
1735693650,http_request_duration_seconds_count,api,a,prod,,,,13800.0
1735693650,http_request_duration_seconds_sum,api,a,prod,,,,4416.0
1735693650,app_active_sessions,api,b,prod,,,,35.0
1735693650,queue_depth,api,b,prod,,,,31.0
1735693650,up,api,b,prod,,,,1.0
1735693650,http_requests_total,api,b,prod,200,,,13965.6
1735693650,http_requests_total,api,b,prod,500,,,1214.4
1735693650,http_request_duration_seconds_bucket,api,b,prod,,0.1,,3036.0
1735693650,http_request_duration_seconds_bucket,api,b,prod,,0.25,,8349.0
1735693650,http_request_duration_seconds_bucket,api,b,prod,,0.5,,12903.0
1735693650,http_request_duration_seconds_bucket,api,b,prod,,1.0,,14876.4
1735693650,http_request_duration_seconds_bucket,api,b,prod,,+Inf,,15180.0
1735693650,http_request_duration_seconds_count,api,b,prod,,,,15180.0
1735693650,http_request_duration_seconds_sum,api,b,prod,,,,4857.6
1735693650,service_info,web,,prod,,,experience,1.0
1735693650,app_active_sessions,web,a,prod,,,,20.0
1735693650,queue_depth,web,a,prod,,,,16.0
1735693650,up,web,a,prod,,,,1.0
1735693650,http_requests_total,web,a,prod,200,,,7617.6
1735693650,http_requests_total,web,a,prod,500,,,662.4
1735693650,http_request_duration_seconds_bucket,web,a,prod,,0.1,,1656.0
1735693650,http_request_duration_seconds_bucket,web,a,prod,,0.25,,4554.0
1735693650,http_request_duration_seconds_bucket,web,a,prod,,0.5,,7038.0
1735693650,http_request_duration_seconds_bucket,web,a,prod,,1.0,,8114.4
1735693650,http_request_duration_seconds_bucket,web,a,prod,,+Inf,,8280.0
1735693650,http_request_duration_seconds_count,web,a,prod,,,,8280.0
1735693650,http_request_duration_seconds_sum,web,a,prod,,,,2649.6
1735693650,app_active_sessions,web,b,prod,,,,23.0
1735693650,queue_depth,web,b,prod,,,,19.0
1735693650,up,web,b,prod,,,,0.0
1735693650,http_requests_total,web,b,prod,200,,,8887.2
1735693650,http_requests_total,web,b,prod,500,,,772.8000000000001
1735693650,http_request_duration_seconds_bucket,web,b,prod,,0.1,,1932.0
1735693650,http_request_duration_seconds_bucket,web,b,prod,,0.25,,5313.0
1735693650,http_request_duration_seconds_bucket,web,b,prod,,0.5,,8211.0
1735693650,http_request_duration_seconds_bucket,web,b,prod,,1.0,,9466.8
1735693650,http_request_duration_seconds_bucket,web,b,prod,,+Inf,,9660.0
1735693650,http_request_duration_seconds_count,web,b,prod,,,,9660.0
1735693650,http_request_duration_seconds_sum,web,b,prod,,,,3091.2000000000003
1735693680,service_info,api,,prod,,,platform,1.0
1735693680,app_active_sessions,api,a,prod,,,,31.0
1735693680,queue_depth,api,a,prod,,,,27.0
1735693680,up,api,a,prod,,,,1.0
1735693680,http_requests_total,api,a,prod,200,,,13524.0
1735693680,http_requests_total,api,a,prod,500,,,1176.0
1735693680,http_request_duration_seconds_bucket,api,a,prod,,0.1,,2940.0
1735693680,http_request_duration_seconds_bucket,api,a,prod,,0.25,,8085.000000000001
1735693680,http_request_duration_seconds_bucket,api,a,prod,,0.5,,12495.0
1735693680,http_request_duration_seconds_bucket,api,a,prod,,1.0,,14406.0
1735693680,http_request_duration_seconds_bucket,api,a,prod,,+Inf,,14700.0
1735693680,http_request_duration_seconds_count,api,a,prod,,,,14700.0
1735693680,http_request_duration_seconds_sum,api,a,prod,,,,4704.0
1735693680,app_active_sessions,api,b,prod,,,,34.0
1735693680,queue_depth,api,b,prod,,,,30.0
1735693680,up,api,b,prod,,,,1.0
1735693680,http_requests_total,api,b,prod,200,,,14876.4
1735693680,http_requests_total,api,b,prod,500,,,1293.6000000000001
1735693680,http_request_duration_seconds_bucket,api,b,prod,,0.1,,3234.0
1735693680,http_request_duration_seconds_bucket,api,b,prod,,0.25,,8893.5
1735693680,http_request_duration_seconds_bucket,api,b,prod,,0.5,,13744.5
1735693680,http_request_duration_seconds_bucket,api,b,prod,,1.0,,15846.6
1735693680,http_request_duration_seconds_bucket,api,b,prod,,+Inf,,16170.0
1735693680,http_request_duration_seconds_count,api,b,prod,,,,16170.0
1735693680,http_request_duration_seconds_sum,api,b,prod,,,,5174.400000000001
1735693680,service_info,web,,prod,,,experience,1.0
1735693680,app_active_sessions,web,a,prod,,,,19.0
1735693680,queue_depth,web,a,prod,,,,15.0
1735693680,up,web,a,prod,,,,1.0
1735693680,http_requests_total,web,a,prod,200,,,8114.4
1735693680,http_requests_total,web,a,prod,500,,,705.6
1735693680,http_request_duration_seconds_bucket,web,a,prod,,0.1,,1764.0
1735693680,http_request_duration_seconds_bucket,web,a,prod,,0.25,,4851.0
1735693680,http_request_duration_seconds_bucket,web,a,prod,,0.5,,7497.0
1735693680,http_request_duration_seconds_bucket,web,a,prod,,1.0,,8643.6
1735693680,http_request_duration_seconds_bucket,web,a,prod,,+Inf,,8820.0
1735693680,http_request_duration_seconds_count,web,a,prod,,,,8820.0
1735693680,http_request_duration_seconds_sum,web,a,prod,,,,2822.4
1735693680,app_active_sessions,web,b,prod,,,,22.0
1735693680,queue_depth,web,b,prod,,,,18.0
1735693680,up,web,b,prod,,,,0.0
1735693680,http_requests_total,web,b,prod,200,,,9466.8
1735693680,http_requests_total,web,b,prod,500,,,823.2
1735693680,http_request_duration_seconds_bucket,web,b,prod,,0.1,,2058.0
1735693680,http_request_duration_seconds_bucket,web,b,prod,,0.25,,5659.500000000001
1735693680,http_request_duration_seconds_bucket,web,b,prod,,0.5,,8746.5
1735693680,http_request_duration_seconds_bucket,web,b,prod,,1.0,,10084.199999999999
1735693680,http_request_duration_seconds_bucket,web,b,prod,,+Inf,,10290.0
1735693680,http_request_duration_seconds_count,web,b,prod,,,,10290.0
1735693680,http_request_duration_seconds_sum,web,b,prod,,,,3292.8
1735693710,service_info,api,,prod,,,platform,1.0
1735693710,app_active_sessions,api,a,prod,,,,31.0
1735693710,queue_depth,api,a,prod,,,,27.0
1735693710,up,api,a,prod,,,,1.0
1735693710,http_requests_total,api,a,prod,200,,,14352.0
1735693710,http_requests_total,api,a,prod,500,,,1248.0
1735693710,http_request_duration_seconds_bucket,api,a,prod,,0.1,,3120.0
1735693710,http_request_duration_seconds_bucket,api,a,prod,,0.25,,8580.0
1735693710,http_request_duration_seconds_bucket,api,a,prod,,0.5,,13260.0
1735693710,http_request_duration_seconds_bucket,api,a,prod,,1.0,,15288.0
1735693710,http_request_duration_seconds_bucket,api,a,prod,,+Inf,,15600.0
1735693710,http_request_duration_seconds_count,api,a,prod,,,,15600.0
1735693710,http_request_duration_seconds_sum,api,a,prod,,,,4992.0
1735693710,app_active_sessions,api,b,prod,,,,34.0
1735693710,queue_depth,api,b,prod,,,,30.0
1735693710,up,api,b,prod,,,,1.0
1735693710,http_requests_total,api,b,prod,200,,,15787.2
1735693710,http_requests_total,api,b,prod,500,,,1372.8
1735693710,http_request_duration_seconds_bucket,api,b,prod,,0.1,,3432.0
1735693710,http_request_duration_seconds_bucket,api,b,prod,,0.25,,9438.0
1735693710,http_request_duration_seconds_bucket,api,b,prod,,0.5,,14586.0
1735693710,http_request_duration_seconds_bucket,api,b,prod,,1.0,,16816.8
1735693710,http_request_duration_seconds_bucket,api,b,prod,,+Inf,,17160.0
1735693710,http_request_duration_seconds_count,api,b,prod,,,,17160.0
1735693710,http_request_duration_seconds_sum,api,b,prod,,,,5491.2
1735693710,service_info,web,,prod,,,experience,1.0
1735693710,app_active_sessions,web,a,prod,,,,19.0
1735693710,queue_depth,web,a,prod,,,,15.0
1735693710,up,web,a,prod,,,,1.0
1735693710,http_requests_total,web,a,prod,200,,,8611.2
1735693710,http_requests_total,web,a,prod,500,,,748.8000000000001
1735693710,http_request_duration_seconds_bucket,web,a,prod,,0.1,,1872.0
1735693710,http_request_duration_seconds_bucket,web,a,prod,,0.25,,5148.0
1735693710,http_request_duration_seconds_bucket,web,a,prod,,0.5,,7956.0
1735693710,http_request_duration_seconds_bucket,web,a,prod,,1.0,,9172.8
1735693710,http_request_duration_seconds_bucket,web,a,prod,,+Inf,,9360.0
1735693710,http_request_duration_seconds_count,web,a,prod,,,,9360.0
1735693710,http_request_duration_seconds_sum,web,a,prod,,,,2995.2000000000003
1735693710,app_active_sessions,web,b,prod,,,,22.0
1735693710,queue_depth,web,b,prod,,,,18.0
1735693710,up,web,b,prod,,,,0.0
1735693710,http_requests_total,web,b,prod,200,,,10046.4
1735693710,http_requests_total,web,b,prod,500,,,873.6
1735693710,http_request_duration_seconds_bucket,web,b,prod,,0.1,,2184.0
1735693710,http_request_duration_seconds_bucket,web,b,prod,,0.25,,6006.000000000001
1735693710,http_request_duration_seconds_bucket,web,b,prod,,0.5,,9282.0
1735693710,http_request_duration_seconds_bucket,web,b,prod,,1.0,,10701.6
1735693710,http_request_duration_seconds_bucket,web,b,prod,,+Inf,,10920.0
1735693710,http_request_duration_seconds_count,web,b,prod,,,,10920.0
1735693710,http_request_duration_seconds_sum,web,b,prod,,,,3494.4
1735693740,service_info,api,,prod,,,platform,1.0
1735693740,app_active_sessions,api,a,prod,,,,30.0
1735693740,queue_depth,api,a,prod,,,,26.0
1735693740,up,api,a,prod,,,,1.0
1735693740,http_requests_total,api,a,prod,200,,,15180.0
1735693740,http_requests_total,api,a,prod,500,,,1320.0
1735693740,http_request_duration_seconds_bucket,api,a,prod,,0.1,,3300.0
1735693740,http_request_duration_seconds_bucket,api,a,prod,,0.25,,9075.0
1735693740,http_request_duration_seconds_bucket,api,a,prod,,0.5,,14025.0
1735693740,http_request_duration_seconds_bucket,api,a,prod,,1.0,,16170.0
1735693740,http_request_duration_seconds_bucket,api,a,prod,,+Inf,,16500.0
1735693740,http_request_duration_seconds_count,api,a,prod,,,,16500.0
1735693740,http_request_duration_seconds_sum,api,a,prod,,,,5280.0
1735693740,app_active_sessions,api,b,prod,,,,33.0
1735693740,queue_depth,api,b,prod,,,,29.0
1735693740,up,api,b,prod,,,,1.0
1735693740,http_requests_total,api,b,prod,200,,,16698.0
1735693740,http_requests_total,api,b,prod,500,,,1452.0
1735693740,http_request_duration_seconds_bucket,api,b,prod,,0.1,,3630.0
1735693740,http_request_duration_seconds_bucket,api,b,prod,,0.25,,9982.5
1735693740,http_request_duration_seconds_bucket,api,b,prod,,0.5,,15427.5
1735693740,http_request_duration_seconds_bucket,api,b,prod,,1.0,,17787.0
1735693740,http_request_duration_seconds_bucket,api,b,prod,,+Inf,,18150.0
1735693740,http_request_duration_seconds_count,api,b,prod,,,,18150.0
1735693740,http_request_duration_seconds_sum,api,b,prod,,,,5808.0
1735693740,service_info,web,,prod,,,experience,1.0
1735693740,app_active_sessions,web,a,prod,,,,18.0
1735693740,queue_depth,web,a,prod,,,,14.0
1735693740,up,web,a,prod,,,,1.0
1735693740,http_requests_total,web,a,prod,200,,,9108.0
1735693740,http_requests_total,web,a,prod,500,,,792.0
1735693740,http_request_duration_seconds_bucket,web,a,prod,,0.1,,1980.0
1735693740,http_request_duration_seconds_bucket,web,a,prod,,0.25,,5445.0
1735693740,http_request_duration_seconds_bucket,web,a,prod,,0.5,,8415.0
1735693740,http_request_duration_seconds_bucket,web,a,prod,,1.0,,9702.0
1735693740,http_request_duration_seconds_bucket,web,a,prod,,+Inf,,9900.0
1735693740,http_request_duration_seconds_count,web,a,prod,,,,9900.0
1735693740,http_request_duration_seconds_sum,web,a,prod,,,,3168.0
1735693740,app_active_sessions,web,b,prod,,,,21.0
1735693740,queue_depth,web,b,prod,,,,17.0
1735693740,up,web,b,prod,,,,0.0
1735693740,http_requests_total,web,b,prod,200,,,10626.0
1735693740,http_requests_total,web,b,prod,500,,,924.0
1735693740,http_request_duration_seconds_bucket,web,b,prod,,0.1,,2310.0
1735693740,http_request_duration_seconds_bucket,web,b,prod,,0.25,,6352.500000000001
1735693740,http_request_duration_seconds_bucket,web,b,prod,,0.5,,9817.5
1735693740,http_request_duration_seconds_bucket,web,b,prod,,1.0,,11319.0
1735693740,http_request_duration_seconds_bucket,web,b,prod,,+Inf,,11550.0
1735693740,http_request_duration_seconds_count,web,b,prod,,,,11550.0
1735693740,http_request_duration_seconds_sum,web,b,prod,,,,3696.0
1735693770,service_info,api,,prod,,,platform,1.0
1735693770,app_active_sessions,api,a,prod,,,,30.0
1735693770,queue_depth,api,a,prod,,,,26.0
1735693770,up,api,a,prod,,,,1.0
1735693770,http_requests_total,api,a,prod,200,,,16008.0
1735693770,http_requests_total,api,a,prod,500,,,1392.0
1735693770,http_request_duration_seconds_bucket,api,a,prod,,0.1,,3480.0
1735693770,http_request_duration_seconds_bucket,api,a,prod,,0.25,,9570.0
1735693770,http_request_duration_seconds_bucket,api,a,prod,,0.5,,14790.0
1735693770,http_request_duration_seconds_bucket,api,a,prod,,1.0,,17052.0
1735693770,http_request_duration_seconds_bucket,api,a,prod,,+Inf,,17400.0
1735693770,http_request_duration_seconds_count,api,a,prod,,,,17400.0
1735693770,http_request_duration_seconds_sum,api,a,prod,,,,5568.0
1735693770,app_active_sessions,api,b,prod,,,,33.0
1735693770,queue_depth,api,b,prod,,,,29.0
1735693770,up,api,b,prod,,,,1.0
1735693770,http_requests_total,api,b,prod,200,,,17608.8
1735693770,http_requests_total,api,b,prod,500,,,1531.2
1735693770,http_request_duration_seconds_bucket,api,b,prod,,0.1,,3828.0
1735693770,http_request_duration_seconds_bucket,api,b,prod,,0.25,,10527.0
1735693770,http_request_duration_seconds_bucket,api,b,prod,,0.5,,16269.0
1735693770,http_request_duration_seconds_bucket,api,b,prod,,1.0,,18757.2
1735693770,http_request_duration_seconds_bucket,api,b,prod,,+Inf,,19140.0
1735693770,http_request_duration_seconds_count,api,b,prod,,,,19140.0
1735693770,http_request_duration_seconds_sum,api,b,prod,,,,6124.8
1735693770,service_info,web,,prod,,,experience,1.0
1735693770,app_active_sessions,web,a,prod,,,,18.0
1735693770,queue_depth,web,a,prod,,,,14.0
1735693770,up,web,a,prod,,,,1.0
1735693770,http_requests_total,web,a,prod,200,,,9604.8
1735693770,http_requests_total,web,a,prod,500,,,835.2
1735693770,http_request_duration_seconds_bucket,web,a,prod,,0.1,,2088.0
1735693770,http_request_duration_seconds_bucket,web,a,prod,,0.25,,5742.000000000001
1735693770,http_request_duration_seconds_bucket,web,a,prod,,0.5,,8874.0
1735693770,http_request_duration_seconds_bucket,web,a,prod,,1.0,,10231.199999999999
1735693770,http_request_duration_seconds_bucket,web,a,prod,,+Inf,,10440.0
1735693770,http_request_duration_seconds_count,web,a,prod,,,,10440.0
1735693770,http_request_duration_seconds_sum,web,a,prod,,,,3340.8
1735693770,app_active_sessions,web,b,prod,,,,21.0
1735693770,queue_depth,web,b,prod,,,,17.0
1735693770,up,web,b,prod,,,,0.0
1735693770,http_requests_total,web,b,prod,200,,,11205.6
1735693770,http_requests_total,web,b,prod,500,,,974.4
1735693770,http_request_duration_seconds_bucket,web,b,prod,,0.1,,2436.0
1735693770,http_request_duration_seconds_bucket,web,b,prod,,0.25,,6699.000000000001
1735693770,http_request_duration_seconds_bucket,web,b,prod,,0.5,,10353.0
1735693770,http_request_duration_seconds_bucket,web,b,prod,,1.0,,11936.4
1735693770,http_request_duration_seconds_bucket,web,b,prod,,+Inf,,12180.0
1735693770,http_request_duration_seconds_count,web,b,prod,,,,12180.0
1735693770,http_request_duration_seconds_sum,web,b,prod,,,,3897.6
1735693800,service_info,api,,prod,,,platform,1.0
1735693800,app_active_sessions,api,a,prod,,,,29.0
1735693800,queue_depth,api,a,prod,,,,25.0
1735693800,up,api,a,prod,,,,1.0
1735693800,http_requests_total,api,a,prod,200,,,16836.0
1735693800,http_requests_total,api,a,prod,500,,,1464.0
1735693800,http_request_duration_seconds_bucket,api,a,prod,,0.1,,3660.0
1735693800,http_request_duration_seconds_bucket,api,a,prod,,0.25,,10065.0
1735693800,http_request_duration_seconds_bucket,api,a,prod,,0.5,,15555.0
1735693800,http_request_duration_seconds_bucket,api,a,prod,,1.0,,17934.0
1735693800,http_request_duration_seconds_bucket,api,a,prod,,+Inf,,18300.0
1735693800,http_request_duration_seconds_count,api,a,prod,,,,18300.0
1735693800,http_request_duration_seconds_sum,api,a,prod,,,,5856.0
1735693800,app_active_sessions,api,b,prod,,,,32.0
1735693800,queue_depth,api,b,prod,,,,28.0
1735693800,up,api,b,prod,,,,1.0
1735693800,http_requests_total,api,b,prod,200,,,18519.6
1735693800,http_requests_total,api,b,prod,500,,,1610.4
1735693800,http_request_duration_seconds_bucket,api,b,prod,,0.1,,4026.0
1735693800,http_request_duration_seconds_bucket,api,b,prod,,0.25,,11071.5
1735693800,http_request_duration_seconds_bucket,api,b,prod,,0.5,,17110.5
1735693800,http_request_duration_seconds_bucket,api,b,prod,,1.0,,19727.4
1735693800,http_request_duration_seconds_bucket,api,b,prod,,+Inf,,20130.0
1735693800,http_request_duration_seconds_count,api,b,prod,,,,20130.0
1735693800,http_request_duration_seconds_sum,api,b,prod,,,,6441.6
1735693800,service_info,web,,prod,,,experience,1.0
1735693800,app_active_sessions,web,a,prod,,,,17.0
1735693800,queue_depth,web,a,prod,,,,13.0
1735693800,up,web,a,prod,,,,1.0
1735693800,http_requests_total,web,a,prod,200,,,10101.6
1735693800,http_requests_total,web,a,prod,500,,,878.4
1735693800,http_request_duration_seconds_bucket,web,a,prod,,0.1,,2196.0
1735693800,http_request_duration_seconds_bucket,web,a,prod,,0.25,,6039.000000000001
1735693800,http_request_duration_seconds_bucket,web,a,prod,,0.5,,9333.0
1735693800,http_request_duration_seconds_bucket,web,a,prod,,1.0,,10760.4
1735693800,http_request_duration_seconds_bucket,web,a,prod,,+Inf,,10980.0
1735693800,http_request_duration_seconds_count,web,a,prod,,,,10980.0
1735693800,http_request_duration_seconds_sum,web,a,prod,,,,3513.6
1735693800,app_active_sessions,web,b,prod,,,,20.0
1735693800,queue_depth,web,b,prod,,,,16.0
1735693800,up,web,b,prod,,,,0.0
1735693800,http_requests_total,web,b,prod,200,,,11785.2
1735693800,http_requests_total,web,b,prod,500,,,1024.8
1735693800,http_request_duration_seconds_bucket,web,b,prod,,0.1,,2562.0
1735693800,http_request_duration_seconds_bucket,web,b,prod,,0.25,,7045.500000000001
1735693800,http_request_duration_seconds_bucket,web,b,prod,,0.5,,10888.5
1735693800,http_request_duration_seconds_bucket,web,b,prod,,1.0,,12553.8
1735693800,http_request_duration_seconds_bucket,web,b,prod,,+Inf,,12810.0
1735693800,http_request_duration_seconds_count,web,b,prod,,,,12810.0
1735693800,http_request_duration_seconds_sum,web,b,prod,,,,4099.2
1735693830,service_info,api,,prod,,,platform,1.0
1735693830,app_active_sessions,api,a,prod,,,,29.0
1735693830,queue_depth,api,a,prod,,,,25.0
1735693830,up,api,a,prod,,,,1.0
1735693830,http_requests_total,api,a,prod,200,,,17664.0
1735693830,http_requests_total,api,a,prod,500,,,1536.0
1735693830,http_request_duration_seconds_bucket,api,a,prod,,0.1,,3840.0
1735693830,http_request_duration_seconds_bucket,api,a,prod,,0.25,,10560.0
1735693830,http_request_duration_seconds_bucket,api,a,prod,,0.5,,16320.0
1735693830,http_request_duration_seconds_bucket,api,a,prod,,1.0,,18816.0
1735693830,http_request_duration_seconds_bucket,api,a,prod,,+Inf,,19200.0
1735693830,http_request_duration_seconds_count,api,a,prod,,,,19200.0
1735693830,http_request_duration_seconds_sum,api,a,prod,,,,6144.0
1735693830,app_active_sessions,api,b,prod,,,,32.0
1735693830,queue_depth,api,b,prod,,,,28.0
1735693830,up,api,b,prod,,,,1.0
1735693830,http_requests_total,api,b,prod,200,,,19430.4
1735693830,http_requests_total,api,b,prod,500,,,1689.6000000000001
1735693830,http_request_duration_seconds_bucket,api,b,prod,,0.1,,4224.0
1735693830,http_request_duration_seconds_bucket,api,b,prod,,0.25,,11616.000000000002
1735693830,http_request_duration_seconds_bucket,api,b,prod,,0.5,,17952.0
1735693830,http_request_duration_seconds_bucket,api,b,prod,,1.0,,20697.6
1735693830,http_request_duration_seconds_bucket,api,b,prod,,+Inf,,21120.0
1735693830,http_request_duration_seconds_count,api,b,prod,,,,21120.0
1735693830,http_request_duration_seconds_sum,api,b,prod,,,,6758.400000000001
1735693830,service_info,web,,prod,,,experience,1.0
1735693830,app_active_sessions,web,a,prod,,,,17.0
1735693830,queue_depth,web,a,prod,,,,13.0
1735693830,up,web,a,prod,,,,1.0
1735693830,http_requests_total,web,a,prod,200,,,10598.4
1735693830,http_requests_total,web,a,prod,500,,,921.6
1735693830,http_request_duration_seconds_bucket,web,a,prod,,0.1,,2304.0
1735693830,http_request_duration_seconds_bucket,web,a,prod,,0.25,,6336.000000000001
1735693830,http_request_duration_seconds_bucket,web,a,prod,,0.5,,9792.0
1735693830,http_request_duration_seconds_bucket,web,a,prod,,1.0,,11289.6
1735693830,http_request_duration_seconds_bucket,web,a,prod,,+Inf,,11520.0
1735693830,http_request_duration_seconds_count,web,a,prod,,,,11520.0
1735693830,http_request_duration_seconds_sum,web,a,prod,,,,3686.4
1735693830,app_active_sessions,web,b,prod,,,,20.0
1735693830,queue_depth,web,b,prod,,,,16.0
1735693830,up,web,b,prod,,,,0.0
1735693830,http_requests_total,web,b,prod,200,,,12364.8
1735693830,http_requests_total,web,b,prod,500,,,1075.2
1735693830,http_request_duration_seconds_bucket,web,b,prod,,0.1,,2688.0
1735693830,http_request_duration_seconds_bucket,web,b,prod,,0.25,,7392.000000000001
1735693830,http_request_duration_seconds_bucket,web,b,prod,,0.5,,11424.0
1735693830,http_request_duration_seconds_bucket,web,b,prod,,1.0,,13171.199999999999
1735693830,http_request_duration_seconds_bucket,web,b,prod,,+Inf,,13440.0
1735693830,http_request_duration_seconds_count,web,b,prod,,,,13440.0
1735693830,http_request_duration_seconds_sum,web,b,prod,,,,4300.8
1735693860,service_info,api,,prod,,,platform,1.0
1735693860,app_active_sessions,api,a,prod,,,,28.0
1735693860,queue_depth,api,a,prod,,,,24.0
1735693860,up,api,a,prod,,,,1.0
1735693860,http_requests_total,api,a,prod,200,,,18492.0
1735693860,http_requests_total,api,a,prod,500,,,1608.0
1735693860,http_request_duration_seconds_bucket,api,a,prod,,0.1,,4020.0
1735693860,http_request_duration_seconds_bucket,api,a,prod,,0.25,,11055.0
1735693860,http_request_duration_seconds_bucket,api,a,prod,,0.5,,17085.0
1735693860,http_request_duration_seconds_bucket,api,a,prod,,1.0,,19698.0
1735693860,http_request_duration_seconds_bucket,api,a,prod,,+Inf,,20100.0
1735693860,http_request_duration_seconds_count,api,a,prod,,,,20100.0
1735693860,http_request_duration_seconds_sum,api,a,prod,,,,6432.0
1735693860,app_active_sessions,api,b,prod,,,,31.0
1735693860,queue_depth,api,b,prod,,,,27.0
1735693860,up,api,b,prod,,,,1.0
1735693860,http_requests_total,api,b,prod,200,,,20341.2
1735693860,http_requests_total,api,b,prod,500,,,1768.8
1735693860,http_request_duration_seconds_bucket,api,b,prod,,0.1,,4422.0
1735693860,http_request_duration_seconds_bucket,api,b,prod,,0.25,,12160.500000000002
1735693860,http_request_duration_seconds_bucket,api,b,prod,,0.5,,18793.5
1735693860,http_request_duration_seconds_bucket,api,b,prod,,1.0,,21667.8
1735693860,http_request_duration_seconds_bucket,api,b,prod,,+Inf,,22110.0
1735693860,http_request_duration_seconds_count,api,b,prod,,,,22110.0
1735693860,http_request_duration_seconds_sum,api,b,prod,,,,7075.2
1735693860,service_info,web,,prod,,,experience,1.0
1735693860,app_active_sessions,web,a,prod,,,,16.0
1735693860,queue_depth,web,a,prod,,,,12.0
1735693860,up,web,a,prod,,,,1.0
1735693860,http_requests_total,web,a,prod,200,,,11095.2
1735693860,http_requests_total,web,a,prod,500,,,964.8000000000001
1735693860,http_request_duration_seconds_bucket,web,a,prod,,0.1,,2412.0
1735693860,http_request_duration_seconds_bucket,web,a,prod,,0.25,,6633.000000000001
1735693860,http_request_duration_seconds_bucket,web,a,prod,,0.5,,10251.0
1735693860,http_request_duration_seconds_bucket,web,a,prod,,1.0,,11818.8
1735693860,http_request_duration_seconds_bucket,web,a,prod,,+Inf,,12060.0
1735693860,http_request_duration_seconds_count,web,a,prod,,,,12060.0
1735693860,http_request_duration_seconds_sum,web,a,prod,,,,3859.2000000000003
1735693860,app_active_sessions,web,b,prod,,,,19.0
1735693860,queue_depth,web,b,prod,,,,15.0
1735693860,up,web,b,prod,,,,0.0
1735693860,http_requests_total,web,b,prod,200,,,12944.4
1735693860,http_requests_total,web,b,prod,500,,,1125.6000000000001
1735693860,http_request_duration_seconds_bucket,web,b,prod,,0.1,,2814.0
1735693860,http_request_duration_seconds_bucket,web,b,prod,,0.25,,7738.500000000001
1735693860,http_request_duration_seconds_bucket,web,b,prod,,0.5,,11959.5
1735693860,http_request_duration_seconds_bucket,web,b,prod,,1.0,,13788.6
1735693860,http_request_duration_seconds_bucket,web,b,prod,,+Inf,,14070.0
1735693860,http_request_duration_seconds_count,web,b,prod,,,,14070.0
1735693860,http_request_duration_seconds_sum,web,b,prod,,,,4502.400000000001
1735693890,service_info,api,,prod,,,platform,1.0
1735693890,app_active_sessions,api,a,prod,,,,28.0
1735693890,queue_depth,api,a,prod,,,,24.0
1735693890,up,api,a,prod,,,,1.0
1735693890,http_requests_total,api,a,prod,200,,,19320.0
1735693890,http_requests_total,api,a,prod,500,,,1680.0
1735693890,http_request_duration_seconds_bucket,api,a,prod,,0.1,,4200.0
1735693890,http_request_duration_seconds_bucket,api,a,prod,,0.25,,11550.000000000002
1735693890,http_request_duration_seconds_bucket,api,a,prod,,0.5,,17850.0
1735693890,http_request_duration_seconds_bucket,api,a,prod,,1.0,,20580.0
1735693890,http_request_duration_seconds_bucket,api,a,prod,,+Inf,,21000.0
1735693890,http_request_duration_seconds_count,api,a,prod,,,,21000.0
1735693890,http_request_duration_seconds_sum,api,a,prod,,,,6720.0
1735693890,app_active_sessions,api,b,prod,,,,31.0
1735693890,queue_depth,api,b,prod,,,,27.0
1735693890,up,api,b,prod,,,,1.0
1735693890,http_requests_total,api,b,prod,200,,,21252.0
1735693890,http_requests_total,api,b,prod,500,,,1848.0
1735693890,http_request_duration_seconds_bucket,api,b,prod,,0.1,,4620.0
1735693890,http_request_duration_seconds_bucket,api,b,prod,,0.25,,12705.000000000002
1735693890,http_request_duration_seconds_bucket,api,b,prod,,0.5,,19635.0
1735693890,http_request_duration_seconds_bucket,api,b,prod,,1.0,,22638.0
1735693890,http_request_duration_seconds_bucket,api,b,prod,,+Inf,,23100.0
1735693890,http_request_duration_seconds_count,api,b,prod,,,,23100.0
1735693890,http_request_duration_seconds_sum,api,b,prod,,,,7392.0
1735693890,service_info,web,,prod,,,experience,1.0
1735693890,app_active_sessions,web,a,prod,,,,16.0
1735693890,queue_depth,web,a,prod,,,,12.0
1735693890,up,web,a,prod,,,,1.0
1735693890,http_requests_total,web,a,prod,200,,,11592.0
1735693890,http_requests_total,web,a,prod,500,,,1008.0
1735693890,http_request_duration_seconds_bucket,web,a,prod,,0.1,,2520.0
1735693890,http_request_duration_seconds_bucket,web,a,prod,,0.25,,6930.000000000001
1735693890,http_request_duration_seconds_bucket,web,a,prod,,0.5,,10710.0
1735693890,http_request_duration_seconds_bucket,web,a,prod,,1.0,,12348.0
1735693890,http_request_duration_seconds_bucket,web,a,prod,,+Inf,,12600.0
1735693890,http_request_duration_seconds_count,web,a,prod,,,,12600.0
1735693890,http_request_duration_seconds_sum,web,a,prod,,,,4032.0
1735693890,app_active_sessions,web,b,prod,,,,19.0
1735693890,queue_depth,web,b,prod,,,,15.0
1735693890,up,web,b,prod,,,,0.0
1735693890,http_requests_total,web,b,prod,200,,,13524.0
1735693890,http_requests_total,web,b,prod,500,,,1176.0
1735693890,http_request_duration_seconds_bucket,web,b,prod,,0.1,,2940.0
1735693890,http_request_duration_seconds_bucket,web,b,prod,,0.25,,8085.000000000001
1735693890,http_request_duration_seconds_bucket,web,b,prod,,0.5,,12495.0
1735693890,http_request_duration_seconds_bucket,web,b,prod,,1.0,,14406.0
1735693890,http_request_duration_seconds_bucket,web,b,prod,,+Inf,,14700.0
1735693890,http_request_duration_seconds_count,web,b,prod,,,,14700.0
1735693890,http_request_duration_seconds_sum,web,b,prod,,,,4704.0
1735693920,service_info,api,,prod,,,platform,1.0
1735693920,app_active_sessions,api,a,prod,,,,28.0
1735693920,queue_depth,api,a,prod,,,,24.0
1735693920,up,api,a,prod,,,,1.0
1735693920,http_requests_total,api,a,prod,200,,,20148.0
1735693920,http_requests_total,api,a,prod,500,,,1752.0
1735693920,http_request_duration_seconds_bucket,api,a,prod,,0.1,,4380.0
1735693920,http_request_duration_seconds_bucket,api,a,prod,,0.25,,12045.000000000002
1735693920,http_request_duration_seconds_bucket,api,a,prod,,0.5,,18615.0
1735693920,http_request_duration_seconds_bucket,api,a,prod,,1.0,,21462.0
1735693920,http_request_duration_seconds_bucket,api,a,prod,,+Inf,,21900.0
1735693920,http_request_duration_seconds_count,api,a,prod,,,,21900.0
1735693920,http_request_duration_seconds_sum,api,a,prod,,,,7008.0
1735693920,app_active_sessions,api,b,prod,,,,31.0
1735693920,queue_depth,api,b,prod,,,,27.0
1735693920,up,api,b,prod,,,,1.0
1735693920,http_requests_total,api,b,prod,200,,,22162.8
1735693920,http_requests_total,api,b,prod,500,,,1927.2
1735693920,http_request_duration_seconds_bucket,api,b,prod,,0.1,,4818.0
1735693920,http_request_duration_seconds_bucket,api,b,prod,,0.25,,13249.500000000002
1735693920,http_request_duration_seconds_bucket,api,b,prod,,0.5,,20476.5
1735693920,http_request_duration_seconds_bucket,api,b,prod,,1.0,,23608.2
1735693920,http_request_duration_seconds_bucket,api,b,prod,,+Inf,,24090.0
1735693920,http_request_duration_seconds_count,api,b,prod,,,,24090.0
1735693920,http_request_duration_seconds_sum,api,b,prod,,,,7708.8
1735693920,service_info,web,,prod,,,experience,1.0
1735693920,app_active_sessions,web,a,prod,,,,16.0
1735693920,queue_depth,web,a,prod,,,,12.0
1735693920,up,web,a,prod,,,,1.0
1735693920,http_requests_total,web,a,prod,200,,,12088.8
1735693920,http_requests_total,web,a,prod,500,,,1051.2
1735693920,http_request_duration_seconds_bucket,web,a,prod,,0.1,,2628.0
1735693920,http_request_duration_seconds_bucket,web,a,prod,,0.25,,7227.000000000001
1735693920,http_request_duration_seconds_bucket,web,a,prod,,0.5,,11169.0
1735693920,http_request_duration_seconds_bucket,web,a,prod,,1.0,,12877.199999999999
1735693920,http_request_duration_seconds_bucket,web,a,prod,,+Inf,,13140.0
1735693920,http_request_duration_seconds_count,web,a,prod,,,,13140.0
1735693920,http_request_duration_seconds_sum,web,a,prod,,,,4204.8
1735693920,app_active_sessions,web,b,prod,,,,19.0
1735693920,queue_depth,web,b,prod,,,,15.0
1735693920,up,web,b,prod,,,,0.0
1735693920,http_requests_total,web,b,prod,200,,,14103.6
1735693920,http_requests_total,web,b,prod,500,,,1226.4
1735693920,http_request_duration_seconds_bucket,web,b,prod,,0.1,,3066.0
1735693920,http_request_duration_seconds_bucket,web,b,prod,,0.25,,8431.5
1735693920,http_request_duration_seconds_bucket,web,b,prod,,0.5,,13030.5
1735693920,http_request_duration_seconds_bucket,web,b,prod,,1.0,,15023.4
1735693920,http_request_duration_seconds_bucket,web,b,prod,,+Inf,,15330.0
1735693920,http_request_duration_seconds_count,web,b,prod,,,,15330.0
1735693920,http_request_duration_seconds_sum,web,b,prod,,,,4905.6
1735693950,service_info,api,,prod,,,platform,1.0
1735693950,app_active_sessions,api,a,prod,,,,27.0
1735693950,queue_depth,api,a,prod,,,,23.0
1735693950,up,api,a,prod,,,,1.0
1735693950,http_requests_total,api,a,prod,200,,,20976.0
1735693950,http_requests_total,api,a,prod,500,,,1824.0
1735693950,http_request_duration_seconds_bucket,api,a,prod,,0.1,,4560.0
1735693950,http_request_duration_seconds_bucket,api,a,prod,,0.25,,12540.000000000002
1735693950,http_request_duration_seconds_bucket,api,a,prod,,0.5,,19380.0
1735693950,http_request_duration_seconds_bucket,api,a,prod,,1.0,,22344.0
1735693950,http_request_duration_seconds_bucket,api,a,prod,,+Inf,,22800.0
1735693950,http_request_duration_seconds_count,api,a,prod,,,,22800.0
1735693950,http_request_duration_seconds_sum,api,a,prod,,,,7296.0
1735693950,app_active_sessions,api,b,prod,,,,30.0
1735693950,queue_depth,api,b,prod,,,,26.0
1735693950,up,api,b,prod,,,,1.0
1735693950,http_requests_total,api,b,prod,200,,,23073.6
1735693950,http_requests_total,api,b,prod,500,,,2006.4
1735693950,http_request_duration_seconds_bucket,api,b,prod,,0.1,,5016.0
1735693950,http_request_duration_seconds_bucket,api,b,prod,,0.25,,13794.000000000002
1735693950,http_request_duration_seconds_bucket,api,b,prod,,0.5,,21318.0
1735693950,http_request_duration_seconds_bucket,api,b,prod,,1.0,,24578.399999999998
1735693950,http_request_duration_seconds_bucket,api,b,prod,,+Inf,,25080.0
1735693950,http_request_duration_seconds_count,api,b,prod,,,,25080.0
1735693950,http_request_duration_seconds_sum,api,b,prod,,,,8025.6
1735693950,service_info,web,,prod,,,experience,1.0
1735693950,app_active_sessions,web,a,prod,,,,15.0
1735693950,queue_depth,web,a,prod,,,,11.0
1735693950,up,web,a,prod,,,,1.0
1735693950,http_requests_total,web,a,prod,200,,,12585.6
1735693950,http_requests_total,web,a,prod,500,,,1094.4
1735693950,http_request_duration_seconds_bucket,web,a,prod,,0.1,,2736.0
1735693950,http_request_duration_seconds_bucket,web,a,prod,,0.25,,7524.000000000001
1735693950,http_request_duration_seconds_bucket,web,a,prod,,0.5,,11628.0
1735693950,http_request_duration_seconds_bucket,web,a,prod,,1.0,,13406.4
1735693950,http_request_duration_seconds_bucket,web,a,prod,,+Inf,,13680.0
1735693950,http_request_duration_seconds_count,web,a,prod,,,,13680.0
1735693950,http_request_duration_seconds_sum,web,a,prod,,,,4377.6
1735693950,app_active_sessions,web,b,prod,,,,18.0
1735693950,queue_depth,web,b,prod,,,,14.0
1735693950,up,web,b,prod,,,,0.0
1735693950,http_requests_total,web,b,prod,200,,,14683.2
1735693950,http_requests_total,web,b,prod,500,,,1276.8
1735693950,http_request_duration_seconds_bucket,web,b,prod,,0.1,,3192.0
1735693950,http_request_duration_seconds_bucket,web,b,prod,,0.25,,8778.0
1735693950,http_request_duration_seconds_bucket,web,b,prod,,0.5,,13566.0
1735693950,http_request_duration_seconds_bucket,web,b,prod,,1.0,,15640.8
1735693950,http_request_duration_seconds_bucket,web,b,prod,,+Inf,,15960.0
1735693950,http_request_duration_seconds_count,web,b,prod,,,,15960.0
1735693950,http_request_duration_seconds_sum,web,b,prod,,,,5107.2
1735693980,service_info,api,,prod,,,platform,1.0
1735693980,app_active_sessions,api,a,prod,,,,27.0
1735693980,queue_depth,api,a,prod,,,,23.0
1735693980,up,api,a,prod,,,,1.0
1735693980,http_requests_total,api,a,prod,200,,,21804.0
1735693980,http_requests_total,api,a,prod,500,,,1896.0
1735693980,http_request_duration_seconds_bucket,api,a,prod,,0.1,,4740.0
1735693980,http_request_duration_seconds_bucket,api,a,prod,,0.25,,13035.000000000002
1735693980,http_request_duration_seconds_bucket,api,a,prod,,0.5,,20145.0
1735693980,http_request_duration_seconds_bucket,api,a,prod,,1.0,,23226.0
1735693980,http_request_duration_seconds_bucket,api,a,prod,,+Inf,,23700.0
1735693980,http_request_duration_seconds_count,api,a,prod,,,,23700.0
1735693980,http_request_duration_seconds_sum,api,a,prod,,,,7584.0
1735693980,app_active_sessions,api,b,prod,,,,30.0
1735693980,queue_depth,api,b,prod,,,,26.0
1735693980,up,api,b,prod,,,,1.0
1735693980,http_requests_total,api,b,prod,200,,,23984.4
1735693980,http_requests_total,api,b,prod,500,,,2085.6
1735693980,http_request_duration_seconds_bucket,api,b,prod,,0.1,,5214.0
1735693980,http_request_duration_seconds_bucket,api,b,prod,,0.25,,14338.500000000002
1735693980,http_request_duration_seconds_bucket,api,b,prod,,0.5,,22159.5
1735693980,http_request_duration_seconds_bucket,api,b,prod,,1.0,,25548.6
1735693980,http_request_duration_seconds_bucket,api,b,prod,,+Inf,,26070.0
1735693980,http_request_duration_seconds_count,api,b,prod,,,,26070.0
1735693980,http_request_duration_seconds_sum,api,b,prod,,,,8342.4
1735693980,service_info,web,,prod,,,experience,1.0
1735693980,app_active_sessions,web,a,prod,,,,15.0
1735693980,queue_depth,web,a,prod,,,,11.0
1735693980,up,web,a,prod,,,,1.0
1735693980,http_requests_total,web,a,prod,200,,,13082.4
1735693980,http_requests_total,web,a,prod,500,,,1137.6000000000001
1735693980,http_request_duration_seconds_bucket,web,a,prod,,0.1,,2844.0
1735693980,http_request_duration_seconds_bucket,web,a,prod,,0.25,,7821.000000000001
1735693980,http_request_duration_seconds_bucket,web,a,prod,,0.5,,12087.0
1735693980,http_request_duration_seconds_bucket,web,a,prod,,1.0,,13935.6
1735693980,http_request_duration_seconds_bucket,web,a,prod,,+Inf,,14220.0
1735693980,http_request_duration_seconds_count,web,a,prod,,,,14220.0
1735693980,http_request_duration_seconds_sum,web,a,prod,,,,4550.400000000001
1735693980,app_active_sessions,web,b,prod,,,,18.0
1735693980,queue_depth,web,b,prod,,,,14.0
1735693980,up,web,b,prod,,,,0.0
1735693980,http_requests_total,web,b,prod,200,,,15262.8
1735693980,http_requests_total,web,b,prod,500,,,1327.2
1735693980,http_request_duration_seconds_bucket,web,b,prod,,0.1,,3318.0
1735693980,http_request_duration_seconds_bucket,web,b,prod,,0.25,,9124.5
1735693980,http_request_duration_seconds_bucket,web,b,prod,,0.5,,14101.5
1735693980,http_request_duration_seconds_bucket,web,b,prod,,1.0,,16258.199999999999
1735693980,http_request_duration_seconds_bucket,web,b,prod,,+Inf,,16590.0
1735693980,http_request_duration_seconds_count,web,b,prod,,,,16590.0
1735693980,http_request_duration_seconds_sum,web,b,prod,,,,5308.8
1735694010,service_info,api,,prod,,,platform,1.0
1735694010,app_active_sessions,api,a,prod,,,,27.0
1735694010,queue_depth,api,a,prod,,,,23.0
1735694010,up,api,a,prod,,,,1.0
1735694010,http_requests_total,api,a,prod,200,,,22632.0
1735694010,http_requests_total,api,a,prod,500,,,1968.0
1735694010,http_request_duration_seconds_bucket,api,a,prod,,0.1,,4920.0
1735694010,http_request_duration_seconds_bucket,api,a,prod,,0.25,,13530.000000000002
1735694010,http_request_duration_seconds_bucket,api,a,prod,,0.5,,20910.0
1735694010,http_request_duration_seconds_bucket,api,a,prod,,1.0,,24108.0
1735694010,http_request_duration_seconds_bucket,api,a,prod,,+Inf,,24600.0
1735694010,http_request_duration_seconds_count,api,a,prod,,,,24600.0
1735694010,http_request_duration_seconds_sum,api,a,prod,,,,7872.0
1735694010,app_active_sessions,api,b,prod,,,,30.0
1735694010,queue_depth,api,b,prod,,,,26.0
1735694010,up,api,b,prod,,,,1.0
1735694010,http_requests_total,api,b,prod,200,,,24895.2
1735694010,http_requests_total,api,b,prod,500,,,2164.8
1735694010,http_request_duration_seconds_bucket,api,b,prod,,0.1,,5412.0
1735694010,http_request_duration_seconds_bucket,api,b,prod,,0.25,,14883.000000000002
1735694010,http_request_duration_seconds_bucket,api,b,prod,,0.5,,23001.0
1735694010,http_request_duration_seconds_bucket,api,b,prod,,1.0,,26518.8
1735694010,http_request_duration_seconds_bucket,api,b,prod,,+Inf,,27060.0
1735694010,http_request_duration_seconds_count,api,b,prod,,,,27060.0
1735694010,http_request_duration_seconds_sum,api,b,prod,,,,8659.2
1735694010,service_info,web,,prod,,,experience,1.0
1735694010,app_active_sessions,web,a,prod,,,,15.0
1735694010,queue_depth,web,a,prod,,,,11.0
1735694010,up,web,a,prod,,,,1.0
1735694010,http_requests_total,web,a,prod,200,,,13579.2
1735694010,http_requests_total,web,a,prod,500,,,1180.8
1735694010,http_request_duration_seconds_bucket,web,a,prod,,0.1,,2952.0
1735694010,http_request_duration_seconds_bucket,web,a,prod,,0.25,,8118.000000000001
1735694010,http_request_duration_seconds_bucket,web,a,prod,,0.5,,12546.0
1735694010,http_request_duration_seconds_bucket,web,a,prod,,1.0,,14464.8
1735694010,http_request_duration_seconds_bucket,web,a,prod,,+Inf,,14760.0
1735694010,http_request_duration_seconds_count,web,a,prod,,,,14760.0
1735694010,http_request_duration_seconds_sum,web,a,prod,,,,4723.2
1735694010,app_active_sessions,web,b,prod,,,,18.0
1735694010,queue_depth,web,b,prod,,,,14.0
1735694010,up,web,b,prod,,,,0.0
1735694010,http_requests_total,web,b,prod,200,,,15842.4
1735694010,http_requests_total,web,b,prod,500,,,1377.6000000000001
1735694010,http_request_duration_seconds_bucket,web,b,prod,,0.1,,3444.0
1735694010,http_request_duration_seconds_bucket,web,b,prod,,0.25,,9471.0
1735694010,http_request_duration_seconds_bucket,web,b,prod,,0.5,,14637.0
1735694010,http_request_duration_seconds_bucket,web,b,prod,,1.0,,16875.6
1735694010,http_request_duration_seconds_bucket,web,b,prod,,+Inf,,17220.0
1735694010,http_request_duration_seconds_count,web,b,prod,,,,17220.0
1735694010,http_request_duration_seconds_sum,web,b,prod,,,,5510.400000000001
1735694040,service_info,api,,prod,,,platform,1.0
1735694040,app_active_sessions,api,a,prod,,,,27.0
1735694040,queue_depth,api,a,prod,,,,23.0
1735694040,up,api,a,prod,,,,1.0
1735694040,http_requests_total,api,a,prod,200,,,23460.0
1735694040,http_requests_total,api,a,prod,500,,,2040.0
1735694040,http_request_duration_seconds_bucket,api,a,prod,,0.1,,5100.0
1735694040,http_request_duration_seconds_bucket,api,a,prod,,0.25,,14025.000000000002
1735694040,http_request_duration_seconds_bucket,api,a,prod,,0.5,,21675.0
1735694040,http_request_duration_seconds_bucket,api,a,prod,,1.0,,24990.0
1735694040,http_request_duration_seconds_bucket,api,a,prod,,+Inf,,25500.0
1735694040,http_request_duration_seconds_count,api,a,prod,,,,25500.0
1735694040,http_request_duration_seconds_sum,api,a,prod,,,,8160.0
1735694040,app_active_sessions,api,b,prod,,,,30.0
1735694040,queue_depth,api,b,prod,,,,26.0
1735694040,up,api,b,prod,,,,1.0
1735694040,http_requests_total,api,b,prod,200,,,25806.0
1735694040,http_requests_total,api,b,prod,500,,,2244.0
1735694040,http_request_duration_seconds_bucket,api,b,prod,,0.1,,5610.0
1735694040,http_request_duration_seconds_bucket,api,b,prod,,0.25,,15427.500000000002
1735694040,http_request_duration_seconds_bucket,api,b,prod,,0.5,,23842.5
1735694040,http_request_duration_seconds_bucket,api,b,prod,,1.0,,27489.0
1735694040,http_request_duration_seconds_bucket,api,b,prod,,+Inf,,28050.0
1735694040,http_request_duration_seconds_count,api,b,prod,,,,28050.0
1735694040,http_request_duration_seconds_sum,api,b,prod,,,,8976.0
1735694040,service_info,web,,prod,,,experience,1.0
1735694040,app_active_sessions,web,a,prod,,,,15.0
1735694040,queue_depth,web,a,prod,,,,11.0
1735694040,up,web,a,prod,,,,1.0
1735694040,http_requests_total,web,a,prod,200,,,14076.0
1735694040,http_requests_total,web,a,prod,500,,,1224.0
1735694040,http_request_duration_seconds_bucket,web,a,prod,,0.1,,3060.0
1735694040,http_request_duration_seconds_bucket,web,a,prod,,0.25,,8415.0
1735694040,http_request_duration_seconds_bucket,web,a,prod,,0.5,,13005.0
1735694040,http_request_duration_seconds_bucket,web,a,prod,,1.0,,14994.0
1735694040,http_request_duration_seconds_bucket,web,a,prod,,+Inf,,15300.0
1735694040,http_request_duration_seconds_count,web,a,prod,,,,15300.0
1735694040,http_request_duration_seconds_sum,web,a,prod,,,,4896.0
1735694040,app_active_sessions,web,b,prod,,,,18.0
1735694040,queue_depth,web,b,prod,,,,14.0
1735694040,up,web,b,prod,,,,0.0
1735694040,http_requests_total,web,b,prod,200,,,16422.0
1735694040,http_requests_total,web,b,prod,500,,,1428.0
1735694040,http_request_duration_seconds_bucket,web,b,prod,,0.1,,3570.0
1735694040,http_request_duration_seconds_bucket,web,b,prod,,0.25,,9817.5
1735694040,http_request_duration_seconds_bucket,web,b,prod,,0.5,,15172.5
1735694040,http_request_duration_seconds_bucket,web,b,prod,,1.0,,17493.0
1735694040,http_request_duration_seconds_bucket,web,b,prod,,+Inf,,17850.0
1735694040,http_request_duration_seconds_count,web,b,prod,,,,17850.0
1735694040,http_request_duration_seconds_sum,web,b,prod,,,,5712.0
1735694070,service_info,api,,prod,,,platform,1.0
1735694070,app_active_sessions,api,a,prod,,,,27.0
1735694070,queue_depth,api,a,prod,,,,23.0
1735694070,up,api,a,prod,,,,1.0
1735694070,http_requests_total,api,a,prod,200,,,24288.0
1735694070,http_requests_total,api,a,prod,500,,,2112.0
1735694070,http_request_duration_seconds_bucket,api,a,prod,,0.1,,5280.0
1735694070,http_request_duration_seconds_bucket,api,a,prod,,0.25,,14520.000000000002
1735694070,http_request_duration_seconds_bucket,api,a,prod,,0.5,,22440.0
1735694070,http_request_duration_seconds_bucket,api,a,prod,,1.0,,25872.0
1735694070,http_request_duration_seconds_bucket,api,a,prod,,+Inf,,26400.0
1735694070,http_request_duration_seconds_count,api,a,prod,,,,26400.0
1735694070,http_request_duration_seconds_sum,api,a,prod,,,,8448.0
1735694070,app_active_sessions,api,b,prod,,,,30.0
1735694070,queue_depth,api,b,prod,,,,26.0
1735694070,up,api,b,prod,,,,1.0
1735694070,http_requests_total,api,b,prod,200,,,26716.8
1735694070,http_requests_total,api,b,prod,500,,,2323.2000000000003
1735694070,http_request_duration_seconds_bucket,api,b,prod,,0.1,,5808.0
1735694070,http_request_duration_seconds_bucket,api,b,prod,,0.25,,15972.000000000002
1735694070,http_request_duration_seconds_bucket,api,b,prod,,0.5,,24684.0
1735694070,http_request_duration_seconds_bucket,api,b,prod,,1.0,,28459.2
1735694070,http_request_duration_seconds_bucket,api,b,prod,,+Inf,,29040.0
1735694070,http_request_duration_seconds_count,api,b,prod,,,,29040.0
1735694070,http_request_duration_seconds_sum,api,b,prod,,,,9292.800000000001
1735694070,service_info,web,,prod,,,experience,1.0
1735694070,app_active_sessions,web,a,prod,,,,15.0
1735694070,queue_depth,web,a,prod,,,,11.0
1735694070,up,web,a,prod,,,,1.0
1735694070,http_requests_total,web,a,prod,200,,,14572.8
1735694070,http_requests_total,web,a,prod,500,,,1267.2
1735694070,http_request_duration_seconds_bucket,web,a,prod,,0.1,,3168.0
1735694070,http_request_duration_seconds_bucket,web,a,prod,,0.25,,8712.0
1735694070,http_request_duration_seconds_bucket,web,a,prod,,0.5,,13464.0
1735694070,http_request_duration_seconds_bucket,web,a,prod,,1.0,,15523.199999999999
1735694070,http_request_duration_seconds_bucket,web,a,prod,,+Inf,,15840.0
1735694070,http_request_duration_seconds_count,web,a,prod,,,,15840.0
1735694070,http_request_duration_seconds_sum,web,a,prod,,,,5068.8
1735694070,app_active_sessions,web,b,prod,,,,18.0
1735694070,queue_depth,web,b,prod,,,,14.0
1735694070,up,web,b,prod,,,,0.0
1735694070,http_requests_total,web,b,prod,200,,,17001.6
1735694070,http_requests_total,web,b,prod,500,,,1478.4
1735694070,http_request_duration_seconds_bucket,web,b,prod,,0.1,,3696.0
1735694070,http_request_duration_seconds_bucket,web,b,prod,,0.25,,10164.0
1735694070,http_request_duration_seconds_bucket,web,b,prod,,0.5,,15708.0
1735694070,http_request_duration_seconds_bucket,web,b,prod,,1.0,,18110.4
1735694070,http_request_duration_seconds_bucket,web,b,prod,,+Inf,,18480.0
1735694070,http_request_duration_seconds_count,web,b,prod,,,,18480.0
1735694070,http_request_duration_seconds_sum,web,b,prod,,,,5913.6
1735694100,service_info,api,,prod,,,platform,1.0
1735694100,app_active_sessions,api,a,prod,,,,27.0
1735694100,queue_depth,api,a,prod,,,,23.0
1735694100,up,api,a,prod,,,,1.0
1735694100,http_requests_total,api,a,prod,200,,,25116.0
1735694100,http_requests_total,api,a,prod,500,,,2184.0
1735694100,http_request_duration_seconds_bucket,api,a,prod,,0.1,,5460.0
1735694100,http_request_duration_seconds_bucket,api,a,prod,,0.25,,15015.000000000002
1735694100,http_request_duration_seconds_bucket,api,a,prod,,0.5,,23205.0
1735694100,http_request_duration_seconds_bucket,api,a,prod,,1.0,,26754.0
1735694100,http_request_duration_seconds_bucket,api,a,prod,,+Inf,,27300.0
1735694100,http_request_duration_seconds_count,api,a,prod,,,,27300.0
1735694100,http_request_duration_seconds_sum,api,a,prod,,,,8736.0
1735694100,app_active_sessions,api,b,prod,,,,30.0
1735694100,queue_depth,api,b,prod,,,,26.0
1735694100,up,api,b,prod,,,,1.0
1735694100,http_requests_total,api,b,prod,200,,,303.6
1735694100,http_requests_total,api,b,prod,500,,,26.400000000000002
1735694100,http_request_duration_seconds_bucket,api,b,prod,,0.1,,6006.0
1735694100,http_request_duration_seconds_bucket,api,b,prod,,0.25,,16516.5
1735694100,http_request_duration_seconds_bucket,api,b,prod,,0.5,,25525.5
1735694100,http_request_duration_seconds_bucket,api,b,prod,,1.0,,29429.399999999998
1735694100,http_request_duration_seconds_bucket,api,b,prod,,+Inf,,30030.0
1735694100,http_request_duration_seconds_count,api,b,prod,,,,30030.0
1735694100,http_request_duration_seconds_sum,api,b,prod,,,,9609.6
1735694100,service_info,web,,prod,,,experience,1.0
1735694100,app_active_sessions,web,a,prod,,,,15.0
1735694100,queue_depth,web,a,prod,,,,11.0
1735694100,up,web,a,prod,,,,1.0
1735694100,http_requests_total,web,a,prod,200,,,15069.6
1735694100,http_requests_total,web,a,prod,500,,,1310.4
1735694100,http_request_duration_seconds_bucket,web,a,prod,,0.1,,3276.0
1735694100,http_request_duration_seconds_bucket,web,a,prod,,0.25,,9009.0
1735694100,http_request_duration_seconds_bucket,web,a,prod,,0.5,,13923.0
1735694100,http_request_duration_seconds_bucket,web,a,prod,,1.0,,16052.4
1735694100,http_request_duration_seconds_bucket,web,a,prod,,+Inf,,16380.0
1735694100,http_request_duration_seconds_count,web,a,prod,,,,16380.0
1735694100,http_request_duration_seconds_sum,web,a,prod,,,,5241.6
1735694100,app_active_sessions,web,b,prod,,,,18.0
1735694100,queue_depth,web,b,prod,,,,14.0
1735694100,up,web,b,prod,,,,0.0
1735694100,http_requests_total,web,b,prod,200,,,17581.2
1735694100,http_requests_total,web,b,prod,500,,,1528.8
1735694100,http_request_duration_seconds_bucket,web,b,prod,,0.1,,3822.0
1735694100,http_request_duration_seconds_bucket,web,b,prod,,0.25,,10510.5
1735694100,http_request_duration_seconds_bucket,web,b,prod,,0.5,,16243.5
1735694100,http_request_duration_seconds_bucket,web,b,prod,,1.0,,18727.8
1735694100,http_request_duration_seconds_bucket,web,b,prod,,+Inf,,19110.0
1735694100,http_request_duration_seconds_count,web,b,prod,,,,19110.0
1735694100,http_request_duration_seconds_sum,web,b,prod,,,,6115.2
1735694130,service_info,api,,prod,,,platform,1.0
1735694130,app_active_sessions,api,a,prod,,,,27.0
1735694130,queue_depth,api,a,prod,,,,23.0
1735694130,up,api,a,prod,,,,1.0
1735694130,http_requests_total,api,a,prod,200,,,25944.0
1735694130,http_requests_total,api,a,prod,500,,,2256.0
1735694130,http_request_duration_seconds_bucket,api,a,prod,,0.1,,5640.0
1735694130,http_request_duration_seconds_bucket,api,a,prod,,0.25,,15510.000000000002
1735694130,http_request_duration_seconds_bucket,api,a,prod,,0.5,,23970.0
1735694130,http_request_duration_seconds_bucket,api,a,prod,,1.0,,27636.0
1735694130,http_request_duration_seconds_bucket,api,a,prod,,+Inf,,28200.0
1735694130,http_request_duration_seconds_count,api,a,prod,,,,28200.0
1735694130,http_request_duration_seconds_sum,api,a,prod,,,,9024.0
1735694130,app_active_sessions,api,b,prod,,,,30.0
1735694130,queue_depth,api,b,prod,,,,26.0
1735694130,up,api,b,prod,,,,1.0
1735694130,http_requests_total,api,b,prod,200,,,1214.4
1735694130,http_requests_total,api,b,prod,500,,,105.60000000000001
1735694130,http_request_duration_seconds_bucket,api,b,prod,,0.1,,6204.0
1735694130,http_request_duration_seconds_bucket,api,b,prod,,0.25,,17061.0
1735694130,http_request_duration_seconds_bucket,api,b,prod,,0.5,,26367.0
1735694130,http_request_duration_seconds_bucket,api,b,prod,,1.0,,30399.6
1735694130,http_request_duration_seconds_bucket,api,b,prod,,+Inf,,31020.0
1735694130,http_request_duration_seconds_count,api,b,prod,,,,31020.0
1735694130,http_request_duration_seconds_sum,api,b,prod,,,,9926.4
1735694130,service_info,web,,prod,,,experience,1.0
1735694130,app_active_sessions,web,a,prod,,,,15.0
1735694130,queue_depth,web,a,prod,,,,11.0
1735694130,up,web,a,prod,,,,1.0
1735694130,http_requests_total,web,a,prod,200,,,15566.4
1735694130,http_requests_total,web,a,prod,500,,,1353.6000000000001
1735694130,http_request_duration_seconds_bucket,web,a,prod,,0.1,,3384.0
1735694130,http_request_duration_seconds_bucket,web,a,prod,,0.25,,9306.0
1735694130,http_request_duration_seconds_bucket,web,a,prod,,0.5,,14382.0
1735694130,http_request_duration_seconds_bucket,web,a,prod,,1.0,,16581.6
1735694130,http_request_duration_seconds_bucket,web,a,prod,,+Inf,,16920.0
1735694130,http_request_duration_seconds_count,web,a,prod,,,,16920.0
1735694130,http_request_duration_seconds_sum,web,a,prod,,,,5414.400000000001
1735694130,app_active_sessions,web,b,prod,,,,18.0
1735694130,queue_depth,web,b,prod,,,,14.0
1735694130,up,web,b,prod,,,,0.0
1735694130,http_requests_total,web,b,prod,200,,,18160.8
1735694130,http_requests_total,web,b,prod,500,,,1579.2
1735694130,http_request_duration_seconds_bucket,web,b,prod,,0.1,,3948.0
1735694130,http_request_duration_seconds_bucket,web,b,prod,,0.25,,10857.0
1735694130,http_request_duration_seconds_bucket,web,b,prod,,0.5,,16779.0
1735694130,http_request_duration_seconds_bucket,web,b,prod,,1.0,,19345.2
1735694130,http_request_duration_seconds_bucket,web,b,prod,,+Inf,,19740.0
1735694130,http_request_duration_seconds_count,web,b,prod,,,,19740.0
1735694130,http_request_duration_seconds_sum,web,b,prod,,,,6316.8
1735694160,service_info,api,,prod,,,platform,1.0
1735694160,app_active_sessions,api,a,prod,,,,28.0
1735694160,queue_depth,api,a,prod,,,,24.0
1735694160,up,api,a,prod,,,,1.0
1735694160,http_requests_total,api,a,prod,200,,,26772.0
1735694160,http_requests_total,api,a,prod,500,,,2328.0
1735694160,http_request_duration_seconds_bucket,api,a,prod,,0.1,,5820.0
1735694160,http_request_duration_seconds_bucket,api,a,prod,,0.25,,16005.000000000002
1735694160,http_request_duration_seconds_bucket,api,a,prod,,0.5,,24735.0
1735694160,http_request_duration_seconds_bucket,api,a,prod,,1.0,,28518.0
1735694160,http_request_duration_seconds_bucket,api,a,prod,,+Inf,,29100.0
1735694160,http_request_duration_seconds_count,api,a,prod,,,,29100.0
1735694160,http_request_duration_seconds_sum,api,a,prod,,,,9312.0
1735694160,app_active_sessions,api,b,prod,,,,31.0
1735694160,queue_depth,api,b,prod,,,,27.0
1735694160,up,api,b,prod,,,,1.0
1735694160,http_requests_total,api,b,prod,200,,,2125.2
1735694160,http_requests_total,api,b,prod,500,,,184.8
1735694160,http_request_duration_seconds_bucket,api,b,prod,,0.1,,6402.0
1735694160,http_request_duration_seconds_bucket,api,b,prod,,0.25,,17605.5
1735694160,http_request_duration_seconds_bucket,api,b,prod,,0.5,,27208.5
1735694160,http_request_duration_seconds_bucket,api,b,prod,,1.0,,31369.8
1735694160,http_request_duration_seconds_bucket,api,b,prod,,+Inf,,32010.0
1735694160,http_request_duration_seconds_count,api,b,prod,,,,32010.0
1735694160,http_request_duration_seconds_sum,api,b,prod,,,,10243.2
1735694160,service_info,web,,prod,,,experience,1.0
1735694160,app_active_sessions,web,a,prod,,,,16.0
1735694160,queue_depth,web,a,prod,,,,12.0
1735694160,up,web,a,prod,,,,1.0
1735694160,http_requests_total,web,a,prod,200,,,16063.2
1735694160,http_requests_total,web,a,prod,500,,,1396.8
1735694160,http_request_duration_seconds_bucket,web,a,prod,,0.1,,3492.0
1735694160,http_request_duration_seconds_bucket,web,a,prod,,0.25,,9603.0
1735694160,http_request_duration_seconds_bucket,web,a,prod,,0.5,,14841.0
1735694160,http_request_duration_seconds_bucket,web,a,prod,,1.0,,17110.8
1735694160,http_request_duration_seconds_bucket,web,a,prod,,+Inf,,17460.0
1735694160,http_request_duration_seconds_count,web,a,prod,,,,17460.0
1735694160,http_request_duration_seconds_sum,web,a,prod,,,,5587.2
1735694160,app_active_sessions,web,b,prod,,,,19.0
1735694160,queue_depth,web,b,prod,,,,15.0
1735694160,up,web,b,prod,,,,0.0
1735694160,http_requests_total,web,b,prod,200,,,18740.4
1735694160,http_requests_total,web,b,prod,500,,,1629.6000000000001
1735694160,http_request_duration_seconds_bucket,web,b,prod,,0.1,,4074.0
1735694160,http_request_duration_seconds_bucket,web,b,prod,,0.25,,11203.5
1735694160,http_request_duration_seconds_bucket,web,b,prod,,0.5,,17314.5
1735694160,http_request_duration_seconds_bucket,web,b,prod,,1.0,,19962.6
1735694160,http_request_duration_seconds_bucket,web,b,prod,,+Inf,,20370.0
1735694160,http_request_duration_seconds_count,web,b,prod,,,,20370.0
1735694160,http_request_duration_seconds_sum,web,b,prod,,,,6518.400000000001
1735694190,service_info,api,,prod,,,platform,1.0
1735694190,app_active_sessions,api,a,prod,,,,28.0
1735694190,queue_depth,api,a,prod,,,,24.0
1735694190,up,api,a,prod,,,,1.0
1735694190,http_requests_total,api,a,prod,200,,,27600.0
1735694190,http_requests_total,api,a,prod,500,,,2400.0
1735694190,http_request_duration_seconds_bucket,api,a,prod,,0.1,,6000.0
1735694190,http_request_duration_seconds_bucket,api,a,prod,,0.25,,16500.0
1735694190,http_request_duration_seconds_bucket,api,a,prod,,0.5,,25500.0
1735694190,http_request_duration_seconds_bucket,api,a,prod,,1.0,,29400.0
1735694190,http_request_duration_seconds_bucket,api,a,prod,,+Inf,,30000.0
1735694190,http_request_duration_seconds_count,api,a,prod,,,,30000.0
1735694190,http_request_duration_seconds_sum,api,a,prod,,,,9600.0
1735694190,app_active_sessions,api,b,prod,,,,31.0
1735694190,queue_depth,api,b,prod,,,,27.0
1735694190,up,api,b,prod,,,,1.0
1735694190,http_requests_total,api,b,prod,200,,,3036.0
1735694190,http_requests_total,api,b,prod,500,,,264.0
1735694190,http_request_duration_seconds_bucket,api,b,prod,,0.1,,6600.0
1735694190,http_request_duration_seconds_bucket,api,b,prod,,0.25,,18150.0
1735694190,http_request_duration_seconds_bucket,api,b,prod,,0.5,,28050.0
1735694190,http_request_duration_seconds_bucket,api,b,prod,,1.0,,32340.0
1735694190,http_request_duration_seconds_bucket,api,b,prod,,+Inf,,33000.0
1735694190,http_request_duration_seconds_count,api,b,prod,,,,33000.0
1735694190,http_request_duration_seconds_sum,api,b,prod,,,,10560.0
1735694190,service_info,web,,prod,,,experience,1.0
1735694190,app_active_sessions,web,a,prod,,,,16.0
1735694190,queue_depth,web,a,prod,,,,12.0
1735694190,up,web,a,prod,,,,1.0
1735694190,http_requests_total,web,a,prod,200,,,16560.0
1735694190,http_requests_total,web,a,prod,500,,,1440.0
1735694190,http_request_duration_seconds_bucket,web,a,prod,,0.1,,3600.0
1735694190,http_request_duration_seconds_bucket,web,a,prod,,0.25,,9900.0
1735694190,http_request_duration_seconds_bucket,web,a,prod,,0.5,,15300.0
1735694190,http_request_duration_seconds_bucket,web,a,prod,,1.0,,17640.0
1735694190,http_request_duration_seconds_bucket,web,a,prod,,+Inf,,18000.0
1735694190,http_request_duration_seconds_count,web,a,prod,,,,18000.0
1735694190,http_request_duration_seconds_sum,web,a,prod,,,,5760.0
1735694190,app_active_sessions,web,b,prod,,,,19.0
1735694190,queue_depth,web,b,prod,,,,15.0
1735694190,up,web,b,prod,,,,0.0
1735694190,http_requests_total,web,b,prod,200,,,19320.0
1735694190,http_requests_total,web,b,prod,500,,,1680.0
1735694190,http_request_duration_seconds_bucket,web,b,prod,,0.1,,4200.0
1735694190,http_request_duration_seconds_bucket,web,b,prod,,0.25,,11550.000000000002
1735694190,http_request_duration_seconds_bucket,web,b,prod,,0.5,,17850.0
1735694190,http_request_duration_seconds_bucket,web,b,prod,,1.0,,20580.0
1735694190,http_request_duration_seconds_bucket,web,b,prod,,+Inf,,21000.0
1735694190,http_request_duration_seconds_count,web,b,prod,,,,21000.0
1735694190,http_request_duration_seconds_sum,web,b,prod,,,,6720.0
1735694220,service_info,api,,prod,,,platform,1.0
1735694220,app_active_sessions,api,a,prod,,,,28.0
1735694220,queue_depth,api,a,prod,,,,24.0
1735694220,up,api,a,prod,,,,1.0
1735694220,http_requests_total,api,a,prod,200,,,28428.0
1735694220,http_requests_total,api,a,prod,500,,,2472.0
1735694220,http_request_duration_seconds_bucket,api,a,prod,,0.1,,6180.0
1735694220,http_request_duration_seconds_bucket,api,a,prod,,0.25,,16995.0
1735694220,http_request_duration_seconds_bucket,api,a,prod,,0.5,,26265.0
1735694220,http_request_duration_seconds_bucket,api,a,prod,,1.0,,30282.0
1735694220,http_request_duration_seconds_bucket,api,a,prod,,+Inf,,30900.0
1735694220,http_request_duration_seconds_count,api,a,prod,,,,30900.0
1735694220,http_request_duration_seconds_sum,api,a,prod,,,,9888.0
1735694220,app_active_sessions,api,b,prod,,,,31.0
1735694220,queue_depth,api,b,prod,,,,27.0
1735694220,up,api,b,prod,,,,1.0
1735694220,http_requests_total,api,b,prod,200,,,3946.8
1735694220,http_requests_total,api,b,prod,500,,,343.2
1735694220,http_request_duration_seconds_bucket,api,b,prod,,0.1,,6798.0
1735694220,http_request_duration_seconds_bucket,api,b,prod,,0.25,,18694.5
1735694220,http_request_duration_seconds_bucket,api,b,prod,,0.5,,28891.5
1735694220,http_request_duration_seconds_bucket,api,b,prod,,1.0,,33310.2
1735694220,http_request_duration_seconds_bucket,api,b,prod,,+Inf,,33990.0
1735694220,http_request_duration_seconds_count,api,b,prod,,,,33990.0
1735694220,http_request_duration_seconds_sum,api,b,prod,,,,10876.800000000001
1735694220,service_info,web,,prod,,,experience,1.0
1735694220,app_active_sessions,web,a,prod,,,,16.0
1735694220,queue_depth,web,a,prod,,,,12.0
1735694220,up,web,a,prod,,,,1.0
1735694220,http_requests_total,web,a,prod,200,,,17056.8
1735694220,http_requests_total,web,a,prod,500,,,1483.2
1735694220,http_request_duration_seconds_bucket,web,a,prod,,0.1,,3708.0
1735694220,http_request_duration_seconds_bucket,web,a,prod,,0.25,,10197.0
1735694220,http_request_duration_seconds_bucket,web,a,prod,,0.5,,15759.0
1735694220,http_request_duration_seconds_bucket,web,a,prod,,1.0,,18169.2
1735694220,http_request_duration_seconds_bucket,web,a,prod,,+Inf,,18540.0
1735694220,http_request_duration_seconds_count,web,a,prod,,,,18540.0
1735694220,http_request_duration_seconds_sum,web,a,prod,,,,5932.8
1735694220,app_active_sessions,web,b,prod,,,,19.0
1735694220,queue_depth,web,b,prod,,,,15.0
1735694220,up,web,b,prod,,,,0.0
1735694220,http_requests_total,web,b,prod,200,,,19899.6
1735694220,http_requests_total,web,b,prod,500,,,1730.4
1735694220,http_request_duration_seconds_bucket,web,b,prod,,0.1,,4326.0
1735694220,http_request_duration_seconds_bucket,web,b,prod,,0.25,,11896.500000000002
1735694220,http_request_duration_seconds_bucket,web,b,prod,,0.5,,18385.5
1735694220,http_request_duration_seconds_bucket,web,b,prod,,1.0,,21197.399999999998
1735694220,http_request_duration_seconds_bucket,web,b,prod,,+Inf,,21630.0
1735694220,http_request_duration_seconds_count,web,b,prod,,,,21630.0
1735694220,http_request_duration_seconds_sum,web,b,prod,,,,6921.6
1735694250,service_info,api,,prod,,,platform,1.0
1735694250,app_active_sessions,api,a,prod,,,,29.0
1735694250,queue_depth,api,a,prod,,,,25.0
1735694250,up,api,a,prod,,,,1.0
1735694250,http_requests_total,api,a,prod,200,,,29256.0
1735694250,http_requests_total,api,a,prod,500,,,2544.0
1735694250,http_request_duration_seconds_bucket,api,a,prod,,0.1,,6360.0
1735694250,http_request_duration_seconds_bucket,api,a,prod,,0.25,,17490.0
1735694250,http_request_duration_seconds_bucket,api,a,prod,,0.5,,27030.0
1735694250,http_request_duration_seconds_bucket,api,a,prod,,1.0,,31164.0
1735694250,http_request_duration_seconds_bucket,api,a,prod,,+Inf,,31800.0
1735694250,http_request_duration_seconds_count,api,a,prod,,,,31800.0
1735694250,http_request_duration_seconds_sum,api,a,prod,,,,10176.0
1735694250,app_active_sessions,api,b,prod,,,,32.0
1735694250,queue_depth,api,b,prod,,,,28.0
1735694250,up,api,b,prod,,,,1.0
1735694250,http_requests_total,api,b,prod,200,,,4857.6
1735694250,http_requests_total,api,b,prod,500,,,422.40000000000003
1735694250,http_request_duration_seconds_bucket,api,b,prod,,0.1,,6996.0
1735694250,http_request_duration_seconds_bucket,api,b,prod,,0.25,,19239.0
1735694250,http_request_duration_seconds_bucket,api,b,prod,,0.5,,29733.0
1735694250,http_request_duration_seconds_bucket,api,b,prod,,1.0,,34280.4
1735694250,http_request_duration_seconds_bucket,api,b,prod,,+Inf,,34980.0
1735694250,http_request_duration_seconds_count,api,b,prod,,,,34980.0
1735694250,http_request_duration_seconds_sum,api,b,prod,,,,11193.6
1735694250,service_info,web,,prod,,,experience,1.0
1735694250,app_active_sessions,web,a,prod,,,,17.0
1735694250,queue_depth,web,a,prod,,,,13.0
1735694250,up,web,a,prod,,,,1.0
1735694250,http_requests_total,web,a,prod,200,,,17553.6
1735694250,http_requests_total,web,a,prod,500,,,1526.4
1735694250,http_request_duration_seconds_bucket,web,a,prod,,0.1,,3816.0
1735694250,http_request_duration_seconds_bucket,web,a,prod,,0.25,,10494.0
1735694250,http_request_duration_seconds_bucket,web,a,prod,,0.5,,16218.0
1735694250,http_request_duration_seconds_bucket,web,a,prod,,1.0,,18698.4
1735694250,http_request_duration_seconds_bucket,web,a,prod,,+Inf,,19080.0
1735694250,http_request_duration_seconds_count,web,a,prod,,,,19080.0
1735694250,http_request_duration_seconds_sum,web,a,prod,,,,6105.6
1735694250,app_active_sessions,web,b,prod,,,,20.0
1735694250,queue_depth,web,b,prod,,,,16.0
1735694250,up,web,b,prod,,,,0.0
1735694250,http_requests_total,web,b,prod,200,,,20479.2
1735694250,http_requests_total,web,b,prod,500,,,1780.8
1735694250,http_request_duration_seconds_bucket,web,b,prod,,0.1,,4452.0
1735694250,http_request_duration_seconds_bucket,web,b,prod,,0.25,,12243.000000000002
1735694250,http_request_duration_seconds_bucket,web,b,prod,,0.5,,18921.0
1735694250,http_request_duration_seconds_bucket,web,b,prod,,1.0,,21814.8
1735694250,http_request_duration_seconds_bucket,web,b,prod,,+Inf,,22260.0
1735694250,http_request_duration_seconds_count,web,b,prod,,,,22260.0
1735694250,http_request_duration_seconds_sum,web,b,prod,,,,7123.2
1735694280,service_info,api,,prod,,,platform,1.0
1735694280,app_active_sessions,api,a,prod,,,,29.0
1735694280,queue_depth,api,a,prod,,,,25.0
1735694280,up,api,a,prod,,,,1.0
1735694280,http_requests_total,api,a,prod,200,,,30084.0
1735694280,http_requests_total,api,a,prod,500,,,2616.0
1735694280,http_request_duration_seconds_bucket,api,a,prod,,0.1,,6540.0
1735694280,http_request_duration_seconds_bucket,api,a,prod,,0.25,,17985.0
1735694280,http_request_duration_seconds_bucket,api,a,prod,,0.5,,27795.0
1735694280,http_request_duration_seconds_bucket,api,a,prod,,1.0,,32046.0
1735694280,http_request_duration_seconds_bucket,api,a,prod,,+Inf,,32700.0
1735694280,http_request_duration_seconds_count,api,a,prod,,,,32700.0
1735694280,http_request_duration_seconds_sum,api,a,prod,,,,10464.0
1735694280,app_active_sessions,api,b,prod,,,,32.0
1735694280,queue_depth,api,b,prod,,,,28.0
1735694280,up,api,b,prod,,,,1.0
1735694280,http_requests_total,api,b,prod,200,,,5768.4
1735694280,http_requests_total,api,b,prod,500,,,501.6
1735694280,http_request_duration_seconds_bucket,api,b,prod,,0.1,,7194.0
1735694280,http_request_duration_seconds_bucket,api,b,prod,,0.25,,19783.5
1735694280,http_request_duration_seconds_bucket,api,b,prod,,0.5,,30574.5
1735694280,http_request_duration_seconds_bucket,api,b,prod,,1.0,,35250.6
1735694280,http_request_duration_seconds_bucket,api,b,prod,,+Inf,,35970.0
1735694280,http_request_duration_seconds_count,api,b,prod,,,,35970.0
1735694280,http_request_duration_seconds_sum,api,b,prod,,,,11510.4
1735694280,service_info,web,,prod,,,experience,1.0
1735694280,app_active_sessions,web,a,prod,,,,17.0
1735694280,queue_depth,web,a,prod,,,,13.0
1735694280,up,web,a,prod,,,,1.0
1735694280,http_requests_total,web,a,prod,200,,,18050.4
1735694280,http_requests_total,web,a,prod,500,,,1569.6000000000001
1735694280,http_request_duration_seconds_bucket,web,a,prod,,0.1,,3924.0
1735694280,http_request_duration_seconds_bucket,web,a,prod,,0.25,,10791.0
1735694280,http_request_duration_seconds_bucket,web,a,prod,,0.5,,16677.0
1735694280,http_request_duration_seconds_bucket,web,a,prod,,1.0,,19227.6
1735694280,http_request_duration_seconds_bucket,web,a,prod,,+Inf,,19620.0
1735694280,http_request_duration_seconds_count,web,a,prod,,,,19620.0
1735694280,http_request_duration_seconds_sum,web,a,prod,,,,6278.400000000001
1735694280,app_active_sessions,web,b,prod,,,,20.0
1735694280,queue_depth,web,b,prod,,,,16.0
1735694280,up,web,b,prod,,,,0.0
1735694280,http_requests_total,web,b,prod,200,,,21058.8
1735694280,http_requests_total,web,b,prod,500,,,1831.2
1735694280,http_request_duration_seconds_bucket,web,b,prod,,0.1,,4578.0
1735694280,http_request_duration_seconds_bucket,web,b,prod,,0.25,,12589.500000000002
1735694280,http_request_duration_seconds_bucket,web,b,prod,,0.5,,19456.5
1735694280,http_request_duration_seconds_bucket,web,b,prod,,1.0,,22432.2
1735694280,http_request_duration_seconds_bucket,web,b,prod,,+Inf,,22890.0
1735694280,http_request_duration_seconds_count,web,b,prod,,,,22890.0
1735694280,http_request_duration_seconds_sum,web,b,prod,,,,7324.8
1735694310,service_info,api,,prod,,,platform,1.0
1735694310,app_active_sessions,api,a,prod,,,,30.0
1735694310,queue_depth,api,a,prod,,,,26.0
1735694310,up,api,a,prod,,,,1.0
1735694310,http_requests_total,api,a,prod,200,,,30912.0
1735694310,http_requests_total,api,a,prod,500,,,2688.0
1735694310,http_request_duration_seconds_bucket,api,a,prod,,0.1,,6720.0
1735694310,http_request_duration_seconds_bucket,api,a,prod,,0.25,,18480.0
1735694310,http_request_duration_seconds_bucket,api,a,prod,,0.5,,28560.0
1735694310,http_request_duration_seconds_bucket,api,a,prod,,1.0,,32928.0
1735694310,http_request_duration_seconds_bucket,api,a,prod,,+Inf,,33600.0
1735694310,http_request_duration_seconds_count,api,a,prod,,,,33600.0
1735694310,http_request_duration_seconds_sum,api,a,prod,,,,10752.0
1735694310,app_active_sessions,api,b,prod,,,,33.0
1735694310,queue_depth,api,b,prod,,,,29.0
1735694310,up,api,b,prod,,,,1.0
1735694310,http_requests_total,api,b,prod,200,,,6679.2
1735694310,http_requests_total,api,b,prod,500,,,580.8000000000001
1735694310,http_request_duration_seconds_bucket,api,b,prod,,0.1,,7392.0
1735694310,http_request_duration_seconds_bucket,api,b,prod,,0.25,,20328.0
1735694310,http_request_duration_seconds_bucket,api,b,prod,,0.5,,31416.0
1735694310,http_request_duration_seconds_bucket,api,b,prod,,1.0,,36220.8
1735694310,http_request_duration_seconds_bucket,api,b,prod,,+Inf,,36960.0
1735694310,http_request_duration_seconds_count,api,b,prod,,,,36960.0
1735694310,http_request_duration_seconds_sum,api,b,prod,,,,11827.2
1735694310,service_info,web,,prod,,,experience,1.0
1735694310,app_active_sessions,web,a,prod,,,,18.0
1735694310,queue_depth,web,a,prod,,,,14.0
1735694310,up,web,a,prod,,,,1.0
1735694310,http_requests_total,web,a,prod,200,,,18547.2
1735694310,http_requests_total,web,a,prod,500,,,1612.8
1735694310,http_request_duration_seconds_bucket,web,a,prod,,0.1,,4032.0
1735694310,http_request_duration_seconds_bucket,web,a,prod,,0.25,,11088.0
1735694310,http_request_duration_seconds_bucket,web,a,prod,,0.5,,17136.0
1735694310,http_request_duration_seconds_bucket,web,a,prod,,1.0,,19756.8
1735694310,http_request_duration_seconds_bucket,web,a,prod,,+Inf,,20160.0
1735694310,http_request_duration_seconds_count,web,a,prod,,,,20160.0
1735694310,http_request_duration_seconds_sum,web,a,prod,,,,6451.2
1735694310,app_active_sessions,web,b,prod,,,,21.0
1735694310,queue_depth,web,b,prod,,,,17.0
1735694310,up,web,b,prod,,,,0.0
1735694310,http_requests_total,web,b,prod,200,,,21638.4
1735694310,http_requests_total,web,b,prod,500,,,1881.6000000000001
1735694310,http_request_duration_seconds_bucket,web,b,prod,,0.1,,4704.0
1735694310,http_request_duration_seconds_bucket,web,b,prod,,0.25,,12936.000000000002
1735694310,http_request_duration_seconds_bucket,web,b,prod,,0.5,,19992.0
1735694310,http_request_duration_seconds_bucket,web,b,prod,,1.0,,23049.6
1735694310,http_request_duration_seconds_bucket,web,b,prod,,+Inf,,23520.0
1735694310,http_request_duration_seconds_count,web,b,prod,,,,23520.0
1735694310,http_request_duration_seconds_sum,web,b,prod,,,,7526.400000000001
1735694340,service_info,api,,prod,,,platform,1.0
1735694340,app_active_sessions,api,a,prod,,,,30.0
1735694340,queue_depth,api,a,prod,,,,26.0
1735694340,up,api,a,prod,,,,1.0
1735694340,http_requests_total,api,a,prod,200,,,31740.0
1735694340,http_requests_total,api,a,prod,500,,,2760.0
1735694340,http_request_duration_seconds_bucket,api,a,prod,,0.1,,6900.0
1735694340,http_request_duration_seconds_bucket,api,a,prod,,0.25,,18975.0
1735694340,http_request_duration_seconds_bucket,api,a,prod,,0.5,,29325.0
1735694340,http_request_duration_seconds_bucket,api,a,prod,,1.0,,33810.0
1735694340,http_request_duration_seconds_bucket,api,a,prod,,+Inf,,34500.0
1735694340,http_request_duration_seconds_count,api,a,prod,,,,34500.0
1735694340,http_request_duration_seconds_sum,api,a,prod,,,,11040.0
1735694340,app_active_sessions,api,b,prod,,,,33.0
1735694340,queue_depth,api,b,prod,,,,29.0
1735694340,up,api,b,prod,,,,1.0
1735694340,http_requests_total,api,b,prod,200,,,7590.0
1735694340,http_requests_total,api,b,prod,500,,,660.0
1735694340,http_request_duration_seconds_bucket,api,b,prod,,0.1,,7590.0
1735694340,http_request_duration_seconds_bucket,api,b,prod,,0.25,,20872.5
1735694340,http_request_duration_seconds_bucket,api,b,prod,,0.5,,32257.5
1735694340,http_request_duration_seconds_bucket,api,b,prod,,1.0,,37191.0
1735694340,http_request_duration_seconds_bucket,api,b,prod,,+Inf,,37950.0
1735694340,http_request_duration_seconds_count,api,b,prod,,,,37950.0
1735694340,http_request_duration_seconds_sum,api,b,prod,,,,12144.0
1735694340,service_info,web,,prod,,,experience,1.0
1735694340,app_active_sessions,web,a,prod,,,,18.0
1735694340,queue_depth,web,a,prod,,,,14.0
1735694340,up,web,a,prod,,,,1.0
1735694340,http_requests_total,web,a,prod,200,,,19044.0
1735694340,http_requests_total,web,a,prod,500,,,1656.0
1735694340,http_request_duration_seconds_bucket,web,a,prod,,0.1,,4140.0
1735694340,http_request_duration_seconds_bucket,web,a,prod,,0.25,,11385.000000000002
1735694340,http_request_duration_seconds_bucket,web,a,prod,,0.5,,17595.0
1735694340,http_request_duration_seconds_bucket,web,a,prod,,1.0,,20286.0
1735694340,http_request_duration_seconds_bucket,web,a,prod,,+Inf,,20700.0
1735694340,http_request_duration_seconds_count,web,a,prod,,,,20700.0
1735694340,http_request_duration_seconds_sum,web,a,prod,,,,6624.0
1735694340,app_active_sessions,web,b,prod,,,,21.0
1735694340,queue_depth,web,b,prod,,,,17.0
1735694340,up,web,b,prod,,,,0.0
1735694340,http_requests_total,web,b,prod,200,,,22218.0
1735694340,http_requests_total,web,b,prod,500,,,1932.0
1735694340,http_request_duration_seconds_bucket,web,b,prod,,0.1,,4830.0
1735694340,http_request_duration_seconds_bucket,web,b,prod,,0.25,,13282.500000000002
1735694340,http_request_duration_seconds_bucket,web,b,prod,,0.5,,20527.5
1735694340,http_request_duration_seconds_bucket,web,b,prod,,1.0,,23667.0
1735694340,http_request_duration_seconds_bucket,web,b,prod,,+Inf,,24150.0
1735694340,http_request_duration_seconds_count,web,b,prod,,,,24150.0
1735694340,http_request_duration_seconds_sum,web,b,prod,,,,7728.0
1735694370,service_info,api,,prod,,,platform,1.0
1735694370,app_active_sessions,api,a,prod,,,,31.0
1735694370,queue_depth,api,a,prod,,,,27.0
1735694370,up,api,a,prod,,,,1.0
1735694370,http_requests_total,api,a,prod,200,,,32568.0
1735694370,http_requests_total,api,a,prod,500,,,2832.0
1735694370,http_request_duration_seconds_bucket,api,a,prod,,0.1,,7080.0
1735694370,http_request_duration_seconds_bucket,api,a,prod,,0.25,,19470.0
1735694370,http_request_duration_seconds_bucket,api,a,prod,,0.5,,30090.0
1735694370,http_request_duration_seconds_bucket,api,a,prod,,1.0,,34692.0
1735694370,http_request_duration_seconds_bucket,api,a,prod,,+Inf,,35400.0
1735694370,http_request_duration_seconds_count,api,a,prod,,,,35400.0
1735694370,http_request_duration_seconds_sum,api,a,prod,,,,11328.0
1735694370,app_active_sessions,api,b,prod,,,,34.0
1735694370,queue_depth,api,b,prod,,,,30.0
1735694370,up,api,b,prod,,,,1.0
1735694370,http_requests_total,api,b,prod,200,,,8500.8
1735694370,http_requests_total,api,b,prod,500,,,739.2
1735694370,http_request_duration_seconds_bucket,api,b,prod,,0.1,,7788.0
1735694370,http_request_duration_seconds_bucket,api,b,prod,,0.25,,21417.0
1735694370,http_request_duration_seconds_bucket,api,b,prod,,0.5,,33099.0
1735694370,http_request_duration_seconds_bucket,api,b,prod,,1.0,,38161.2
1735694370,http_request_duration_seconds_bucket,api,b,prod,,+Inf,,38940.0
1735694370,http_request_duration_seconds_count,api,b,prod,,,,38940.0
1735694370,http_request_duration_seconds_sum,api,b,prod,,,,12460.800000000001
1735694370,service_info,web,,prod,,,experience,1.0
1735694370,app_active_sessions,web,a,prod,,,,19.0
1735694370,queue_depth,web,a,prod,,,,15.0
1735694370,up,web,a,prod,,,,1.0
1735694370,http_requests_total,web,a,prod,200,,,19540.8
1735694370,http_requests_total,web,a,prod,500,,,1699.2
1735694370,http_request_duration_seconds_bucket,web,a,prod,,0.1,,4248.0
1735694370,http_request_duration_seconds_bucket,web,a,prod,,0.25,,11682.000000000002
1735694370,http_request_duration_seconds_bucket,web,a,prod,,0.5,,18054.0
1735694370,http_request_duration_seconds_bucket,web,a,prod,,1.0,,20815.2
1735694370,http_request_duration_seconds_bucket,web,a,prod,,+Inf,,21240.0
1735694370,http_request_duration_seconds_count,web,a,prod,,,,21240.0
1735694370,http_request_duration_seconds_sum,web,a,prod,,,,6796.8
1735694370,app_active_sessions,web,b,prod,,,,22.0
1735694370,queue_depth,web,b,prod,,,,18.0
1735694370,up,web,b,prod,,,,0.0
1735694370,http_requests_total,web,b,prod,200,,,22797.6
1735694370,http_requests_total,web,b,prod,500,,,1982.4
1735694370,http_request_duration_seconds_bucket,web,b,prod,,0.1,,4956.0
1735694370,http_request_duration_seconds_bucket,web,b,prod,,0.25,,13629.000000000002
1735694370,http_request_duration_seconds_bucket,web,b,prod,,0.5,,21063.0
1735694370,http_request_duration_seconds_bucket,web,b,prod,,1.0,,24284.399999999998
1735694370,http_request_duration_seconds_bucket,web,b,prod,,+Inf,,24780.0
1735694370,http_request_duration_seconds_count,web,b,prod,,,,24780.0
1735694370,http_request_duration_seconds_sum,web,b,prod,,,,7929.6
1735694400,service_info,api,,prod,,,platform,1.0
1735694400,app_active_sessions,api,a,prod,,,,31.0
1735694400,queue_depth,api,a,prod,,,,27.0
1735694400,up,api,a,prod,,,,1.0
1735694400,http_requests_total,api,a,prod,200,,,33396.0
1735694400,http_requests_total,api,a,prod,500,,,2904.0
1735694400,http_request_duration_seconds_bucket,api,a,prod,,0.1,,7260.0
1735694400,http_request_duration_seconds_bucket,api,a,prod,,0.25,,19965.0
1735694400,http_request_duration_seconds_bucket,api,a,prod,,0.5,,30855.0
1735694400,http_request_duration_seconds_bucket,api,a,prod,,1.0,,35574.0
1735694400,http_request_duration_seconds_bucket,api,a,prod,,+Inf,,36300.0
1735694400,http_request_duration_seconds_count,api,a,prod,,,,36300.0
1735694400,http_request_duration_seconds_sum,api,a,prod,,,,11616.0
1735694400,app_active_sessions,api,b,prod,,,,34.0
1735694400,queue_depth,api,b,prod,,,,30.0
1735694400,up,api,b,prod,,,,1.0
1735694400,http_requests_total,api,b,prod,200,,,9411.6
1735694400,http_requests_total,api,b,prod,500,,,818.4
1735694400,http_request_duration_seconds_bucket,api,b,prod,,0.1,,7986.0
1735694400,http_request_duration_seconds_bucket,api,b,prod,,0.25,,21961.5
1735694400,http_request_duration_seconds_bucket,api,b,prod,,0.5,,33940.5
1735694400,http_request_duration_seconds_bucket,api,b,prod,,1.0,,39131.4
1735694400,http_request_duration_seconds_bucket,api,b,prod,,+Inf,,39930.0
1735694400,http_request_duration_seconds_count,api,b,prod,,,,39930.0
1735694400,http_request_duration_seconds_sum,api,b,prod,,,,12777.6
1735694400,service_info,web,,prod,,,experience,1.0
1735694400,app_active_sessions,web,a,prod,,,,19.0
1735694400,queue_depth,web,a,prod,,,,15.0
1735694400,up,web,a,prod,,,,1.0
1735694400,http_requests_total,web,a,prod,200,,,20037.6
1735694400,http_requests_total,web,a,prod,500,,,1742.4
1735694400,http_request_duration_seconds_bucket,web,a,prod,,0.1,,4356.0
1735694400,http_request_duration_seconds_bucket,web,a,prod,,0.25,,11979.000000000002
1735694400,http_request_duration_seconds_bucket,web,a,prod,,0.5,,18513.0
1735694400,http_request_duration_seconds_bucket,web,a,prod,,1.0,,21344.399999999998
1735694400,http_request_duration_seconds_bucket,web,a,prod,,+Inf,,21780.0
1735694400,http_request_duration_seconds_count,web,a,prod,,,,21780.0
1735694400,http_request_duration_seconds_sum,web,a,prod,,,,6969.6
1735694400,app_active_sessions,web,b,prod,,,,22.0
1735694400,queue_depth,web,b,prod,,,,18.0
1735694400,up,web,b,prod,,,,0.0
1735694400,http_requests_total,web,b,prod,200,,,23377.2
1735694400,http_requests_total,web,b,prod,500,,,2032.8
1735694400,http_request_duration_seconds_bucket,web,b,prod,,0.1,,5082.0
1735694400,http_request_duration_seconds_bucket,web,b,prod,,0.25,,13975.500000000002
1735694400,http_request_duration_seconds_bucket,web,b,prod,,0.5,,21598.5
1735694400,http_request_duration_seconds_bucket,web,b,prod,,1.0,,24901.8
1735694400,http_request_duration_seconds_bucket,web,b,prod,,+Inf,,25410.0
1735694400,http_request_duration_seconds_count,web,b,prod,,,,25410.0
1735694400,http_request_duration_seconds_sum,web,b,prod,,,,8131.2
1735694430,service_info,api,,prod,,,platform,1.0
1735694430,app_active_sessions,api,a,prod,,,,32.0
1735694430,queue_depth,api,a,prod,,,,28.0
1735694430,up,api,a,prod,,,,1.0
1735694430,http_requests_total,api,a,prod,200,,,34224.0
1735694430,http_requests_total,api,a,prod,500,,,2976.0
1735694430,http_request_duration_seconds_bucket,api,a,prod,,0.1,,7440.0
1735694430,http_request_duration_seconds_bucket,api,a,prod,,0.25,,20460.0
1735694430,http_request_duration_seconds_bucket,api,a,prod,,0.5,,31620.0
1735694430,http_request_duration_seconds_bucket,api,a,prod,,1.0,,36456.0
1735694430,http_request_duration_seconds_bucket,api,a,prod,,+Inf,,37200.0
1735694430,http_request_duration_seconds_count,api,a,prod,,,,37200.0
1735694430,http_request_duration_seconds_sum,api,a,prod,,,,11904.0
1735694430,app_active_sessions,api,b,prod,,,,35.0
1735694430,queue_depth,api,b,prod,,,,31.0
1735694430,up,api,b,prod,,,,1.0
1735694430,http_requests_total,api,b,prod,200,,,10322.4
1735694430,http_requests_total,api,b,prod,500,,,897.6
1735694430,http_request_duration_seconds_bucket,api,b,prod,,0.1,,8184.0
1735694430,http_request_duration_seconds_bucket,api,b,prod,,0.25,,22506.0
1735694430,http_request_duration_seconds_bucket,api,b,prod,,0.5,,34782.0
1735694430,http_request_duration_seconds_bucket,api,b,prod,,1.0,,40101.6
1735694430,http_request_duration_seconds_bucket,api,b,prod,,+Inf,,40920.0
1735694430,http_request_duration_seconds_count,api,b,prod,,,,40920.0
1735694430,http_request_duration_seconds_sum,api,b,prod,,,,13094.4
1735694430,service_info,web,,prod,,,experience,1.0
1735694430,app_active_sessions,web,a,prod,,,,20.0
1735694430,queue_depth,web,a,prod,,,,16.0
1735694430,up,web,a,prod,,,,1.0
1735694430,http_requests_total,web,a,prod,200,,,20534.4
1735694430,http_requests_total,web,a,prod,500,,,1785.6000000000001
1735694430,http_request_duration_seconds_bucket,web,a,prod,,0.1,,4464.0
1735694430,http_request_duration_seconds_bucket,web,a,prod,,0.25,,12276.000000000002
1735694430,http_request_duration_seconds_bucket,web,a,prod,,0.5,,18972.0
1735694430,http_request_duration_seconds_bucket,web,a,prod,,1.0,,21873.6
1735694430,http_request_duration_seconds_bucket,web,a,prod,,+Inf,,22320.0
1735694430,http_request_duration_seconds_count,web,a,prod,,,,22320.0
1735694430,http_request_duration_seconds_sum,web,a,prod,,,,7142.400000000001
1735694430,app_active_sessions,web,b,prod,,,,23.0
1735694430,queue_depth,web,b,prod,,,,19.0
1735694430,up,web,b,prod,,,,0.0
1735694430,http_requests_total,web,b,prod,200,,,23956.8
1735694430,http_requests_total,web,b,prod,500,,,2083.2
1735694430,http_request_duration_seconds_bucket,web,b,prod,,0.1,,5208.0
1735694430,http_request_duration_seconds_bucket,web,b,prod,,0.25,,14322.000000000002
1735694430,http_request_duration_seconds_bucket,web,b,prod,,0.5,,22134.0
1735694430,http_request_duration_seconds_bucket,web,b,prod,,1.0,,25519.2
1735694430,http_request_duration_seconds_bucket,web,b,prod,,+Inf,,26040.0
1735694430,http_request_duration_seconds_count,web,b,prod,,,,26040.0
1735694430,http_request_duration_seconds_sum,web,b,prod,,,,8332.8
1735694460,service_info,api,,prod,,,platform,1.0
1735694460,app_active_sessions,api,a,prod,,,,32.0
1735694460,queue_depth,api,a,prod,,,,28.0
1735694460,up,api,a,prod,,,,1.0
1735694460,http_requests_total,api,a,prod,200,,,35052.0
1735694460,http_requests_total,api,a,prod,500,,,3048.0
1735694460,http_request_duration_seconds_bucket,api,a,prod,,0.1,,7620.0
1735694460,http_request_duration_seconds_bucket,api,a,prod,,0.25,,20955.0
1735694460,http_request_duration_seconds_bucket,api,a,prod,,0.5,,32385.0
1735694460,http_request_duration_seconds_bucket,api,a,prod,,1.0,,37338.0
1735694460,http_request_duration_seconds_bucket,api,a,prod,,+Inf,,38100.0
1735694460,http_request_duration_seconds_count,api,a,prod,,,,38100.0
1735694460,http_request_duration_seconds_sum,api,a,prod,,,,12192.0
1735694460,app_active_sessions,api,b,prod,,,,35.0
1735694460,queue_depth,api,b,prod,,,,31.0
1735694460,up,api,b,prod,,,,1.0
1735694460,http_requests_total,api,b,prod,200,,,11233.2
1735694460,http_requests_total,api,b,prod,500,,,976.8000000000001
1735694460,http_request_duration_seconds_bucket,api,b,prod,,0.1,,8382.0
1735694460,http_request_duration_seconds_bucket,api,b,prod,,0.25,,23050.500000000004
1735694460,http_request_duration_seconds_bucket,api,b,prod,,0.5,,35623.5
1735694460,http_request_duration_seconds_bucket,api,b,prod,,1.0,,41071.799999999996
1735694460,http_request_duration_seconds_bucket,api,b,prod,,+Inf,,41910.0
1735694460,http_request_duration_seconds_count,api,b,prod,,,,41910.0
1735694460,http_request_duration_seconds_sum,api,b,prod,,,,13411.2
1735694460,service_info,web,,prod,,,experience,1.0
1735694460,app_active_sessions,web,a,prod,,,,20.0
1735694460,queue_depth,web,a,prod,,,,16.0
1735694460,up,web,a,prod,,,,1.0
1735694460,http_requests_total,web,a,prod,200,,,21031.2
1735694460,http_requests_total,web,a,prod,500,,,1828.8
1735694460,http_request_duration_seconds_bucket,web,a,prod,,0.1,,4572.0
1735694460,http_request_duration_seconds_bucket,web,a,prod,,0.25,,12573.000000000002
1735694460,http_request_duration_seconds_bucket,web,a,prod,,0.5,,19431.0
1735694460,http_request_duration_seconds_bucket,web,a,prod,,1.0,,22402.8
1735694460,http_request_duration_seconds_bucket,web,a,prod,,+Inf,,22860.0
1735694460,http_request_duration_seconds_count,web,a,prod,,,,22860.0
1735694460,http_request_duration_seconds_sum,web,a,prod,,,,7315.2
1735694460,app_active_sessions,web,b,prod,,,,23.0
1735694460,queue_depth,web,b,prod,,,,19.0
1735694460,up,web,b,prod,,,,0.0
1735694460,http_requests_total,web,b,prod,200,,,24536.4
1735694460,http_requests_total,web,b,prod,500,,,2133.6
1735694460,http_request_duration_seconds_bucket,web,b,prod,,0.1,,5334.0
1735694460,http_request_duration_seconds_bucket,web,b,prod,,0.25,,14668.500000000002
1735694460,http_request_duration_seconds_bucket,web,b,prod,,0.5,,22669.5
1735694460,http_request_duration_seconds_bucket,web,b,prod,,1.0,,26136.6
1735694460,http_request_duration_seconds_bucket,web,b,prod,,+Inf,,26670.0
1735694460,http_request_duration_seconds_count,web,b,prod,,,,26670.0
1735694460,http_request_duration_seconds_sum,web,b,prod,,,,8534.4
1735694490,service_info,api,,prod,,,platform,1.0
1735694490,app_active_sessions,api,a,prod,,,,32.0
1735694490,queue_depth,api,a,prod,,,,28.0
1735694490,up,api,a,prod,,,,1.0
1735694490,http_requests_total,api,a,prod,200,,,35880.0
1735694490,http_requests_total,api,a,prod,500,,,3120.0
1735694490,http_request_duration_seconds_bucket,api,a,prod,,0.1,,7800.0
1735694490,http_request_duration_seconds_bucket,api,a,prod,,0.25,,21450.0
1735694490,http_request_duration_seconds_bucket,api,a,prod,,0.5,,33150.0
1735694490,http_request_duration_seconds_bucket,api,a,prod,,1.0,,38220.0
1735694490,http_request_duration_seconds_bucket,api,a,prod,,+Inf,,39000.0
1735694490,http_request_duration_seconds_count,api,a,prod,,,,39000.0
1735694490,http_request_duration_seconds_sum,api,a,prod,,,,12480.0
1735694490,app_active_sessions,api,b,prod,,,,35.0
1735694490,queue_depth,api,b,prod,,,,31.0
1735694490,up,api,b,prod,,,,1.0
1735694490,http_requests_total,api,b,prod,200,,,12144.0
1735694490,http_requests_total,api,b,prod,500,,,1056.0
1735694490,http_request_duration_seconds_bucket,api,b,prod,,0.1,,8580.0
1735694490,http_request_duration_seconds_bucket,api,b,prod,,0.25,,23595.000000000004
1735694490,http_request_duration_seconds_bucket,api,b,prod,,0.5,,36465.0
1735694490,http_request_duration_seconds_bucket,api,b,prod,,1.0,,42042.0
1735694490,http_request_duration_seconds_bucket,api,b,prod,,+Inf,,42900.0
1735694490,http_request_duration_seconds_count,api,b,prod,,,,42900.0
1735694490,http_request_duration_seconds_sum,api,b,prod,,,,13728.0
1735694490,service_info,web,,prod,,,experience,1.0
1735694490,app_active_sessions,web,a,prod,,,,20.0
1735694490,queue_depth,web,a,prod,,,,16.0
1735694490,up,web,a,prod,,,,1.0
1735694490,http_requests_total,web,a,prod,200,,,21528.0
1735694490,http_requests_total,web,a,prod,500,,,1872.0
1735694490,http_request_duration_seconds_bucket,web,a,prod,,0.1,,4680.0
1735694490,http_request_duration_seconds_bucket,web,a,prod,,0.25,,12870.000000000002
1735694490,http_request_duration_seconds_bucket,web,a,prod,,0.5,,19890.0
1735694490,http_request_duration_seconds_bucket,web,a,prod,,1.0,,22932.0
1735694490,http_request_duration_seconds_bucket,web,a,prod,,+Inf,,23400.0
1735694490,http_request_duration_seconds_count,web,a,prod,,,,23400.0
1735694490,http_request_duration_seconds_sum,web,a,prod,,,,7488.0
1735694490,app_active_sessions,web,b,prod,,,,23.0
1735694490,queue_depth,web,b,prod,,,,19.0
1735694490,up,web,b,prod,,,,0.0
1735694490,http_requests_total,web,b,prod,200,,,25116.0
1735694490,http_requests_total,web,b,prod,500,,,2184.0
1735694490,http_request_duration_seconds_bucket,web,b,prod,,0.1,,5460.0
1735694490,http_request_duration_seconds_bucket,web,b,prod,,0.25,,15015.000000000002
1735694490,http_request_duration_seconds_bucket,web,b,prod,,0.5,,23205.0
1735694490,http_request_duration_seconds_bucket,web,b,prod,,1.0,,26754.0
1735694490,http_request_duration_seconds_bucket,web,b,prod,,+Inf,,27300.0
1735694490,http_request_duration_seconds_count,web,b,prod,,,,27300.0
1735694490,http_request_duration_seconds_sum,web,b,prod,,,,8736.0
1735694520,service_info,api,,prod,,,platform,1.0
1735694520,app_active_sessions,api,a,prod,,,,33.0
1735694520,queue_depth,api,a,prod,,,,29.0
1735694520,up,api,a,prod,,,,1.0
1735694520,http_requests_total,api,a,prod,200,,,36708.0
1735694520,http_requests_total,api,a,prod,500,,,3192.0
1735694520,http_request_duration_seconds_bucket,api,a,prod,,0.1,,7980.0
1735694520,http_request_duration_seconds_bucket,api,a,prod,,0.25,,21945.0
1735694520,http_request_duration_seconds_bucket,api,a,prod,,0.5,,33915.0
1735694520,http_request_duration_seconds_bucket,api,a,prod,,1.0,,39102.0
1735694520,http_request_duration_seconds_bucket,api,a,prod,,+Inf,,39900.0
1735694520,http_request_duration_seconds_count,api,a,prod,,,,39900.0
1735694520,http_request_duration_seconds_sum,api,a,prod,,,,12768.0
1735694520,app_active_sessions,api,b,prod,,,,36.0
1735694520,queue_depth,api,b,prod,,,,32.0
1735694520,up,api,b,prod,,,,1.0
1735694520,http_requests_total,api,b,prod,200,,,13054.8
1735694520,http_requests_total,api,b,prod,500,,,1135.2
1735694520,http_request_duration_seconds_bucket,api,b,prod,,0.1,,8778.0
1735694520,http_request_duration_seconds_bucket,api,b,prod,,0.25,,24139.500000000004
1735694520,http_request_duration_seconds_bucket,api,b,prod,,0.5,,37306.5
1735694520,http_request_duration_seconds_bucket,api,b,prod,,1.0,,43012.2
1735694520,http_request_duration_seconds_bucket,api,b,prod,,+Inf,,43890.0
1735694520,http_request_duration_seconds_count,api,b,prod,,,,43890.0
1735694520,http_request_duration_seconds_sum,api,b,prod,,,,14044.800000000001
1735694520,service_info,web,,prod,,,experience,1.0
1735694520,app_active_sessions,web,a,prod,,,,21.0
1735694520,queue_depth,web,a,prod,,,,17.0
1735694520,up,web,a,prod,,,,1.0
1735694520,http_requests_total,web,a,prod,200,,,22024.8
1735694520,http_requests_total,web,a,prod,500,,,1915.2
1735694520,http_request_duration_seconds_bucket,web,a,prod,,0.1,,4788.0
1735694520,http_request_duration_seconds_bucket,web,a,prod,,0.25,,13167.000000000002
1735694520,http_request_duration_seconds_bucket,web,a,prod,,0.5,,20349.0
1735694520,http_request_duration_seconds_bucket,web,a,prod,,1.0,,23461.2
1735694520,http_request_duration_seconds_bucket,web,a,prod,,+Inf,,23940.0
1735694520,http_request_duration_seconds_count,web,a,prod,,,,23940.0
1735694520,http_request_duration_seconds_sum,web,a,prod,,,,7660.8
1735694520,app_active_sessions,web,b,prod,,,,24.0
1735694520,queue_depth,web,b,prod,,,,20.0
1735694520,up,web,b,prod,,,,0.0
1735694520,http_requests_total,web,b,prod,200,,,25695.6
1735694520,http_requests_total,web,b,prod,500,,,2234.4
1735694520,http_request_duration_seconds_bucket,web,b,prod,,0.1,,5586.0
1735694520,http_request_duration_seconds_bucket,web,b,prod,,0.25,,15361.500000000002
1735694520,http_request_duration_seconds_bucket,web,b,prod,,0.5,,23740.5
1735694520,http_request_duration_seconds_bucket,web,b,prod,,1.0,,27371.399999999998
1735694520,http_request_duration_seconds_bucket,web,b,prod,,+Inf,,27930.0
1735694520,http_request_duration_seconds_count,web,b,prod,,,,27930.0
1735694520,http_request_duration_seconds_sum,web,b,prod,,,,8937.6
1735694550,service_info,api,,prod,,,platform,1.0
1735694550,app_active_sessions,api,a,prod,,,,33.0
1735694550,queue_depth,api,a,prod,,,,29.0
1735694550,up,api,a,prod,,,,1.0
1735694550,http_requests_total,api,a,prod,200,,,37536.0
1735694550,http_requests_total,api,a,prod,500,,,3264.0
1735694550,http_request_duration_seconds_bucket,api,a,prod,,0.1,,8160.0
1735694550,http_request_duration_seconds_bucket,api,a,prod,,0.25,,22440.0
1735694550,http_request_duration_seconds_bucket,api,a,prod,,0.5,,34680.0
1735694550,http_request_duration_seconds_bucket,api,a,prod,,1.0,,39984.0
1735694550,http_request_duration_seconds_bucket,api,a,prod,,+Inf,,40800.0
1735694550,http_request_duration_seconds_count,api,a,prod,,,,40800.0
1735694550,http_request_duration_seconds_sum,api,a,prod,,,,13056.0
1735694550,app_active_sessions,api,b,prod,,,,36.0
1735694550,queue_depth,api,b,prod,,,,32.0
1735694550,up,api,b,prod,,,,1.0
1735694550,http_requests_total,api,b,prod,200,,,13965.6
1735694550,http_requests_total,api,b,prod,500,,,1214.4
1735694550,http_request_duration_seconds_bucket,api,b,prod,,0.1,,8976.0
1735694550,http_request_duration_seconds_bucket,api,b,prod,,0.25,,24684.000000000004
1735694550,http_request_duration_seconds_bucket,api,b,prod,,0.5,,38148.0
1735694550,http_request_duration_seconds_bucket,api,b,prod,,1.0,,43982.4
1735694550,http_request_duration_seconds_bucket,api,b,prod,,+Inf,,44880.0
1735694550,http_request_duration_seconds_count,api,b,prod,,,,44880.0
1735694550,http_request_duration_seconds_sum,api,b,prod,,,,14361.6
1735694550,service_info,web,,prod,,,experience,1.0
1735694550,app_active_sessions,web,a,prod,,,,21.0
1735694550,queue_depth,web,a,prod,,,,17.0
1735694550,up,web,a,prod,,,,1.0
1735694550,http_requests_total,web,a,prod,200,,,22521.6
1735694550,http_requests_total,web,a,prod,500,,,1958.4
1735694550,http_request_duration_seconds_bucket,web,a,prod,,0.1,,4896.0
1735694550,http_request_duration_seconds_bucket,web,a,prod,,0.25,,13464.000000000002
1735694550,http_request_duration_seconds_bucket,web,a,prod,,0.5,,20808.0
1735694550,http_request_duration_seconds_bucket,web,a,prod,,1.0,,23990.399999999998
1735694550,http_request_duration_seconds_bucket,web,a,prod,,+Inf,,24480.0
1735694550,http_request_duration_seconds_count,web,a,prod,,,,24480.0
1735694550,http_request_duration_seconds_sum,web,a,prod,,,,7833.6
1735694550,app_active_sessions,web,b,prod,,,,24.0
1735694550,queue_depth,web,b,prod,,,,20.0
1735694550,up,web,b,prod,,,,0.0
1735694550,http_requests_total,web,b,prod,200,,,26275.2
1735694550,http_requests_total,web,b,prod,500,,,2284.8
1735694550,http_request_duration_seconds_bucket,web,b,prod,,0.1,,5712.0
1735694550,http_request_duration_seconds_bucket,web,b,prod,,0.25,,15708.000000000002
1735694550,http_request_duration_seconds_bucket,web,b,prod,,0.5,,24276.0
1735694550,http_request_duration_seconds_bucket,web,b,prod,,1.0,,27988.8
1735694550,http_request_duration_seconds_bucket,web,b,prod,,+Inf,,28560.0
1735694550,http_request_duration_seconds_count,web,b,prod,,,,28560.0
1735694550,http_request_duration_seconds_sum,web,b,prod,,,,9139.2
1735694580,service_info,api,,prod,,,platform,1.0
1735694580,app_active_sessions,api,a,prod,,,,33.0
1735694580,queue_depth,api,a,prod,,,,29.0
1735694580,up,api,a,prod,,,,1.0
1735694580,http_requests_total,api,a,prod,200,,,38364.0
1735694580,http_requests_total,api,a,prod,500,,,3336.0
1735694580,http_request_duration_seconds_bucket,api,a,prod,,0.1,,8340.0
1735694580,http_request_duration_seconds_bucket,api,a,prod,,0.25,,22935.000000000004
1735694580,http_request_duration_seconds_bucket,api,a,prod,,0.5,,35445.0
1735694580,http_request_duration_seconds_bucket,api,a,prod,,1.0,,40866.0
1735694580,http_request_duration_seconds_bucket,api,a,prod,,+Inf,,41700.0
1735694580,http_request_duration_seconds_count,api,a,prod,,,,41700.0
1735694580,http_request_duration_seconds_sum,api,a,prod,,,,13344.0
1735694580,app_active_sessions,api,b,prod,,,,36.0
1735694580,queue_depth,api,b,prod,,,,32.0
1735694580,up,api,b,prod,,,,1.0
1735694580,http_requests_total,api,b,prod,200,,,14876.4
1735694580,http_requests_total,api,b,prod,500,,,1293.6000000000001
1735694580,http_request_duration_seconds_bucket,api,b,prod,,0.1,,9174.0
1735694580,http_request_duration_seconds_bucket,api,b,prod,,0.25,,25228.500000000004
1735694580,http_request_duration_seconds_bucket,api,b,prod,,0.5,,38989.5
1735694580,http_request_duration_seconds_bucket,api,b,prod,,1.0,,44952.6
1735694580,http_request_duration_seconds_bucket,api,b,prod,,+Inf,,45870.0
1735694580,http_request_duration_seconds_count,api,b,prod,,,,45870.0
1735694580,http_request_duration_seconds_sum,api,b,prod,,,,14678.4
1735694580,service_info,web,,prod,,,experience,1.0
1735694580,app_active_sessions,web,a,prod,,,,21.0
1735694580,queue_depth,web,a,prod,,,,17.0
1735694580,up,web,a,prod,,,,1.0
1735694580,http_requests_total,web,a,prod,200,,,23018.4
1735694580,http_requests_total,web,a,prod,500,,,2001.6000000000001
1735694580,http_request_duration_seconds_bucket,web,a,prod,,0.1,,5004.0
1735694580,http_request_duration_seconds_bucket,web,a,prod,,0.25,,13761.000000000002
1735694580,http_request_duration_seconds_bucket,web,a,prod,,0.5,,21267.0
1735694580,http_request_duration_seconds_bucket,web,a,prod,,1.0,,24519.6
1735694580,http_request_duration_seconds_bucket,web,a,prod,,+Inf,,25020.0
1735694580,http_request_duration_seconds_count,web,a,prod,,,,25020.0
1735694580,http_request_duration_seconds_sum,web,a,prod,,,,8006.400000000001
1735694580,app_active_sessions,web,b,prod,,,,24.0
1735694580,queue_depth,web,b,prod,,,,20.0
1735694580,up,web,b,prod,,,,0.0
1735694580,http_requests_total,web,b,prod,200,,,26854.8
1735694580,http_requests_total,web,b,prod,500,,,2335.2000000000003
1735694580,http_request_duration_seconds_bucket,web,b,prod,,0.1,,5838.0
1735694580,http_request_duration_seconds_bucket,web,b,prod,,0.25,,16054.500000000002
1735694580,http_request_duration_seconds_bucket,web,b,prod,,0.5,,24811.5
1735694580,http_request_duration_seconds_bucket,web,b,prod,,1.0,,28606.2
1735694580,http_request_duration_seconds_bucket,web,b,prod,,+Inf,,29190.0
1735694580,http_request_duration_seconds_count,web,b,prod,,,,29190.0
1735694580,http_request_duration_seconds_sum,web,b,prod,,,,9340.800000000001
1735694610,service_info,api,,prod,,,platform,1.0
1735694610,app_active_sessions,api,a,prod,,,,33.0
1735694610,queue_depth,api,a,prod,,,,29.0
1735694610,up,api,a,prod,,,,1.0
1735694610,http_requests_total,api,a,prod,200,,,39192.0
1735694610,http_requests_total,api,a,prod,500,,,3408.0
1735694610,http_request_duration_seconds_bucket,api,a,prod,,0.1,,8520.0
1735694610,http_request_duration_seconds_bucket,api,a,prod,,0.25,,23430.000000000004
1735694610,http_request_duration_seconds_bucket,api,a,prod,,0.5,,36210.0
1735694610,http_request_duration_seconds_bucket,api,a,prod,,1.0,,41748.0
1735694610,http_request_duration_seconds_bucket,api,a,prod,,+Inf,,42600.0
1735694610,http_request_duration_seconds_count,api,a,prod,,,,42600.0
1735694610,http_request_duration_seconds_sum,api,a,prod,,,,13632.0
1735694610,app_active_sessions,api,b,prod,,,,36.0
1735694610,queue_depth,api,b,prod,,,,32.0
1735694610,up,api,b,prod,,,,1.0
1735694610,http_requests_total,api,b,prod,200,,,15787.2
1735694610,http_requests_total,api,b,prod,500,,,1372.8
1735694610,http_request_duration_seconds_bucket,api,b,prod,,0.1,,9372.0
1735694610,http_request_duration_seconds_bucket,api,b,prod,,0.25,,25773.000000000004
1735694610,http_request_duration_seconds_bucket,api,b,prod,,0.5,,39831.0
1735694610,http_request_duration_seconds_bucket,api,b,prod,,1.0,,45922.799999999996
1735694610,http_request_duration_seconds_bucket,api,b,prod,,+Inf,,46860.0
1735694610,http_request_duration_seconds_count,api,b,prod,,,,46860.0
1735694610,http_request_duration_seconds_sum,api,b,prod,,,,14995.2
1735694610,service_info,web,,prod,,,experience,1.0
1735694610,app_active_sessions,web,a,prod,,,,21.0
1735694610,queue_depth,web,a,prod,,,,17.0
1735694610,up,web,a,prod,,,,1.0
1735694610,http_requests_total,web,a,prod,200,,,23515.2
1735694610,http_requests_total,web,a,prod,500,,,2044.8
1735694610,http_request_duration_seconds_bucket,web,a,prod,,0.1,,5112.0
1735694610,http_request_duration_seconds_bucket,web,a,prod,,0.25,,14058.000000000002
1735694610,http_request_duration_seconds_bucket,web,a,prod,,0.5,,21726.0
1735694610,http_request_duration_seconds_bucket,web,a,prod,,1.0,,25048.8
1735694610,http_request_duration_seconds_bucket,web,a,prod,,+Inf,,25560.0
1735694610,http_request_duration_seconds_count,web,a,prod,,,,25560.0
1735694610,http_request_duration_seconds_sum,web,a,prod,,,,8179.2
1735694610,app_active_sessions,web,b,prod,,,,24.0
1735694610,queue_depth,web,b,prod,,,,20.0
1735694610,up,web,b,prod,,,,0.0
1735694610,http_requests_total,web,b,prod,200,,,27434.4
1735694610,http_requests_total,web,b,prod,500,,,2385.6
1735694610,http_request_duration_seconds_bucket,web,b,prod,,0.1,,5964.0
1735694610,http_request_duration_seconds_bucket,web,b,prod,,0.25,,16401.0
1735694610,http_request_duration_seconds_bucket,web,b,prod,,0.5,,25347.0
1735694610,http_request_duration_seconds_bucket,web,b,prod,,1.0,,29223.6
1735694610,http_request_duration_seconds_bucket,web,b,prod,,+Inf,,29820.0
1735694610,http_request_duration_seconds_count,web,b,prod,,,,29820.0
1735694610,http_request_duration_seconds_sum,web,b,prod,,,,9542.4
1735694640,service_info,api,,prod,,,platform,1.0
1735694640,app_active_sessions,api,a,prod,,,,33.0
1735694640,queue_depth,api,a,prod,,,,29.0
1735694640,up,api,a,prod,,,,1.0
1735694640,http_requests_total,api,a,prod,200,,,40020.0
1735694640,http_requests_total,api,a,prod,500,,,3480.0
1735694640,http_request_duration_seconds_bucket,api,a,prod,,0.1,,8700.0
1735694640,http_request_duration_seconds_bucket,api,a,prod,,0.25,,23925.000000000004
1735694640,http_request_duration_seconds_bucket,api,a,prod,,0.5,,36975.0
1735694640,http_request_duration_seconds_bucket,api,a,prod,,1.0,,42630.0
1735694640,http_request_duration_seconds_bucket,api,a,prod,,+Inf,,43500.0
1735694640,http_request_duration_seconds_count,api,a,prod,,,,43500.0
1735694640,http_request_duration_seconds_sum,api,a,prod,,,,13920.0
1735694640,app_active_sessions,api,b,prod,,,,36.0
1735694640,queue_depth,api,b,prod,,,,32.0
1735694640,up,api,b,prod,,,,1.0
1735694640,http_requests_total,api,b,prod,200,,,16698.0
1735694640,http_requests_total,api,b,prod,500,,,1452.0
1735694640,http_request_duration_seconds_bucket,api,b,prod,,0.1,,9570.0
1735694640,http_request_duration_seconds_bucket,api,b,prod,,0.25,,26317.500000000004
1735694640,http_request_duration_seconds_bucket,api,b,prod,,0.5,,40672.5
1735694640,http_request_duration_seconds_bucket,api,b,prod,,1.0,,46893.0
1735694640,http_request_duration_seconds_bucket,api,b,prod,,+Inf,,47850.0
1735694640,http_request_duration_seconds_count,api,b,prod,,,,47850.0
1735694640,http_request_duration_seconds_sum,api,b,prod,,,,15312.0
1735694640,service_info,web,,prod,,,experience,1.0
1735694640,app_active_sessions,web,a,prod,,,,21.0
1735694640,queue_depth,web,a,prod,,,,17.0
1735694640,up,web,a,prod,,,,1.0
1735694640,http_requests_total,web,a,prod,200,,,24012.0
1735694640,http_requests_total,web,a,prod,500,,,2088.0
1735694640,http_request_duration_seconds_bucket,web,a,prod,,0.1,,5220.0
1735694640,http_request_duration_seconds_bucket,web,a,prod,,0.25,,14355.000000000002
1735694640,http_request_duration_seconds_bucket,web,a,prod,,0.5,,22185.0
1735694640,http_request_duration_seconds_bucket,web,a,prod,,1.0,,25578.0
1735694640,http_request_duration_seconds_bucket,web,a,prod,,+Inf,,26100.0
1735694640,http_request_duration_seconds_count,web,a,prod,,,,26100.0
1735694640,http_request_duration_seconds_sum,web,a,prod,,,,8352.0
1735694640,app_active_sessions,web,b,prod,,,,24.0
1735694640,queue_depth,web,b,prod,,,,20.0
1735694640,up,web,b,prod,,,,0.0
1735694640,http_requests_total,web,b,prod,200,,,28014.0
1735694640,http_requests_total,web,b,prod,500,,,2436.0
1735694640,http_request_duration_seconds_bucket,web,b,prod,,0.1,,6090.0
1735694640,http_request_duration_seconds_bucket,web,b,prod,,0.25,,16747.5
1735694640,http_request_duration_seconds_bucket,web,b,prod,,0.5,,25882.5
1735694640,http_request_duration_seconds_bucket,web,b,prod,,1.0,,29841.0
1735694640,http_request_duration_seconds_bucket,web,b,prod,,+Inf,,30450.0
1735694640,http_request_duration_seconds_count,web,b,prod,,,,30450.0
1735694640,http_request_duration_seconds_sum,web,b,prod,,,,9744.0
1735694670,service_info,api,,prod,,,platform,1.0
1735694670,app_active_sessions,api,a,prod,,,,33.0
1735694670,queue_depth,api,a,prod,,,,29.0
1735694670,up,api,a,prod,,,,1.0
1735694670,http_requests_total,api,a,prod,200,,,40848.0
1735694670,http_requests_total,api,a,prod,500,,,3552.0
1735694670,http_request_duration_seconds_bucket,api,a,prod,,0.1,,8880.0
1735694670,http_request_duration_seconds_bucket,api,a,prod,,0.25,,24420.000000000004
1735694670,http_request_duration_seconds_bucket,api,a,prod,,0.5,,37740.0
1735694670,http_request_duration_seconds_bucket,api,a,prod,,1.0,,43512.0
1735694670,http_request_duration_seconds_bucket,api,a,prod,,+Inf,,44400.0
1735694670,http_request_duration_seconds_count,api,a,prod,,,,44400.0
1735694670,http_request_duration_seconds_sum,api,a,prod,,,,14208.0
1735694670,app_active_sessions,api,b,prod,,,,36.0
1735694670,queue_depth,api,b,prod,,,,32.0
1735694670,up,api,b,prod,,,,1.0
1735694670,http_requests_total,api,b,prod,200,,,17608.8
1735694670,http_requests_total,api,b,prod,500,,,1531.2
1735694670,http_request_duration_seconds_bucket,api,b,prod,,0.1,,9768.0
1735694670,http_request_duration_seconds_bucket,api,b,prod,,0.25,,26862.000000000004
1735694670,http_request_duration_seconds_bucket,api,b,prod,,0.5,,41514.0
1735694670,http_request_duration_seconds_bucket,api,b,prod,,1.0,,47863.2
1735694670,http_request_duration_seconds_bucket,api,b,prod,,+Inf,,48840.0
1735694670,http_request_duration_seconds_count,api,b,prod,,,,48840.0
1735694670,http_request_duration_seconds_sum,api,b,prod,,,,15628.800000000001
1735694670,service_info,web,,prod,,,experience,1.0
1735694670,app_active_sessions,web,a,prod,,,,21.0
1735694670,queue_depth,web,a,prod,,,,17.0
1735694670,up,web,a,prod,,,,1.0
1735694670,http_requests_total,web,a,prod,200,,,24508.8
1735694670,http_requests_total,web,a,prod,500,,,2131.2
1735694670,http_request_duration_seconds_bucket,web,a,prod,,0.1,,5328.0
1735694670,http_request_duration_seconds_bucket,web,a,prod,,0.25,,14652.000000000002
1735694670,http_request_duration_seconds_bucket,web,a,prod,,0.5,,22644.0
1735694670,http_request_duration_seconds_bucket,web,a,prod,,1.0,,26107.2
1735694670,http_request_duration_seconds_bucket,web,a,prod,,+Inf,,26640.0
1735694670,http_request_duration_seconds_count,web,a,prod,,,,26640.0
1735694670,http_request_duration_seconds_sum,web,a,prod,,,,8524.8
1735694670,app_active_sessions,web,b,prod,,,,24.0
1735694670,queue_depth,web,b,prod,,,,20.0
1735694670,up,web,b,prod,,,,0.0
1735694670,http_requests_total,web,b,prod,200,,,28593.6
1735694670,http_requests_total,web,b,prod,500,,,2486.4
1735694670,http_request_duration_seconds_bucket,web,b,prod,,0.1,,6216.0
1735694670,http_request_duration_seconds_bucket,web,b,prod,,0.25,,17094.0
1735694670,http_request_duration_seconds_bucket,web,b,prod,,0.5,,26418.0
1735694670,http_request_duration_seconds_bucket,web,b,prod,,1.0,,30458.399999999998
1735694670,http_request_duration_seconds_bucket,web,b,prod,,+Inf,,31080.0
1735694670,http_request_duration_seconds_count,web,b,prod,,,,31080.0
1735694670,http_request_duration_seconds_sum,web,b,prod,,,,9945.6
1735694700,service_info,api,,prod,,,platform,1.0
1735694700,app_active_sessions,api,a,prod,,,,33.0
1735694700,queue_depth,api,a,prod,,,,29.0
1735694700,up,api,a,prod,,,,1.0
1735694700,http_requests_total,api,a,prod,200,,,41676.0
1735694700,http_requests_total,api,a,prod,500,,,3624.0
1735694700,http_request_duration_seconds_bucket,api,a,prod,,0.1,,9060.0
1735694700,http_request_duration_seconds_bucket,api,a,prod,,0.25,,24915.000000000004
1735694700,http_request_duration_seconds_bucket,api,a,prod,,0.5,,38505.0
1735694700,http_request_duration_seconds_bucket,api,a,prod,,1.0,,44394.0
1735694700,http_request_duration_seconds_bucket,api,a,prod,,+Inf,,45300.0
1735694700,http_request_duration_seconds_count,api,a,prod,,,,45300.0
1735694700,http_request_duration_seconds_sum,api,a,prod,,,,14496.0
1735694700,app_active_sessions,api,b,prod,,,,36.0
1735694700,queue_depth,api,b,prod,,,,32.0
1735694700,up,api,b,prod,,,,1.0
1735694700,http_requests_total,api,b,prod,200,,,18519.6
1735694700,http_requests_total,api,b,prod,500,,,1610.4
1735694700,http_request_duration_seconds_bucket,api,b,prod,,0.1,,9966.0
1735694700,http_request_duration_seconds_bucket,api,b,prod,,0.25,,27406.500000000004
1735694700,http_request_duration_seconds_bucket,api,b,prod,,0.5,,42355.5
1735694700,http_request_duration_seconds_bucket,api,b,prod,,1.0,,48833.4
1735694700,http_request_duration_seconds_bucket,api,b,prod,,+Inf,,49830.0
1735694700,http_request_duration_seconds_count,api,b,prod,,,,49830.0
1735694700,http_request_duration_seconds_sum,api,b,prod,,,,15945.6
1735694700,service_info,web,,prod,,,experience,1.0
1735694700,app_active_sessions,web,a,prod,,,,21.0
1735694700,queue_depth,web,a,prod,,,,17.0
1735694700,up,web,a,prod,,,,1.0
1735694700,http_requests_total,web,a,prod,200,,,25005.6
1735694700,http_requests_total,web,a,prod,500,,,2174.4
1735694700,http_request_duration_seconds_bucket,web,a,prod,,0.1,,5436.0
1735694700,http_request_duration_seconds_bucket,web,a,prod,,0.25,,14949.000000000002
1735694700,http_request_duration_seconds_bucket,web,a,prod,,0.5,,23103.0
1735694700,http_request_duration_seconds_bucket,web,a,prod,,1.0,,26636.399999999998
1735694700,http_request_duration_seconds_bucket,web,a,prod,,+Inf,,27180.0
1735694700,http_request_duration_seconds_count,web,a,prod,,,,27180.0
1735694700,http_request_duration_seconds_sum,web,a,prod,,,,8697.6
1735694700,app_active_sessions,web,b,prod,,,,24.0
1735694700,queue_depth,web,b,prod,,,,20.0
1735694700,up,web,b,prod,,,,0.0
1735694700,http_requests_total,web,b,prod,200,,,29173.2
1735694700,http_requests_total,web,b,prod,500,,,2536.8
1735694700,http_request_duration_seconds_bucket,web,b,prod,,0.1,,6342.0
1735694700,http_request_duration_seconds_bucket,web,b,prod,,0.25,,17440.5
1735694700,http_request_duration_seconds_bucket,web,b,prod,,0.5,,26953.5
1735694700,http_request_duration_seconds_bucket,web,b,prod,,1.0,,31075.8
1735694700,http_request_duration_seconds_bucket,web,b,prod,,+Inf,,31710.0
1735694700,http_request_duration_seconds_count,web,b,prod,,,,31710.0
1735694700,http_request_duration_seconds_sum,web,b,prod,,,,10147.2
1735694730,service_info,api,,prod,,,platform,1.0
1735694730,app_active_sessions,api,a,prod,,,,32.0
1735694730,queue_depth,api,a,prod,,,,28.0
1735694730,up,api,a,prod,,,,1.0
1735694730,http_requests_total,api,a,prod,200,,,42504.0
1735694730,http_requests_total,api,a,prod,500,,,3696.0
1735694730,http_request_duration_seconds_bucket,api,a,prod,,0.1,,9240.0
1735694730,http_request_duration_seconds_bucket,api,a,prod,,0.25,,25410.000000000004
1735694730,http_request_duration_seconds_bucket,api,a,prod,,0.5,,39270.0
1735694730,http_request_duration_seconds_bucket,api,a,prod,,1.0,,45276.0
1735694730,http_request_duration_seconds_bucket,api,a,prod,,+Inf,,46200.0
1735694730,http_request_duration_seconds_count,api,a,prod,,,,46200.0
1735694730,http_request_duration_seconds_sum,api,a,prod,,,,14784.0
1735694730,app_active_sessions,api,b,prod,,,,35.0
1735694730,queue_depth,api,b,prod,,,,31.0
1735694730,up,api,b,prod,,,,1.0
1735694730,http_requests_total,api,b,prod,200,,,19430.4
1735694730,http_requests_total,api,b,prod,500,,,1689.6000000000001
1735694730,http_request_duration_seconds_bucket,api,b,prod,,0.1,,10164.0
1735694730,http_request_duration_seconds_bucket,api,b,prod,,0.25,,27951.000000000004
1735694730,http_request_duration_seconds_bucket,api,b,prod,,0.5,,43197.0
1735694730,http_request_duration_seconds_bucket,api,b,prod,,1.0,,49803.6
1735694730,http_request_duration_seconds_bucket,api,b,prod,,+Inf,,50820.0
1735694730,http_request_duration_seconds_count,api,b,prod,,,,50820.0
1735694730,http_request_duration_seconds_sum,api,b,prod,,,,16262.4
1735694730,service_info,web,,prod,,,experience,1.0
1735694730,app_active_sessions,web,a,prod,,,,20.0
1735694730,queue_depth,web,a,prod,,,,16.0
1735694730,up,web,a,prod,,,,1.0
1735694730,http_requests_total,web,a,prod,200,,,25502.4
1735694730,http_requests_total,web,a,prod,500,,,2217.6
1735694730,http_request_duration_seconds_bucket,web,a,prod,,0.1,,5544.0
1735694730,http_request_duration_seconds_bucket,web,a,prod,,0.25,,15246.000000000002
1735694730,http_request_duration_seconds_bucket,web,a,prod,,0.5,,23562.0
1735694730,http_request_duration_seconds_bucket,web,a,prod,,1.0,,27165.6
1735694730,http_request_duration_seconds_bucket,web,a,prod,,+Inf,,27720.0
1735694730,http_request_duration_seconds_count,web,a,prod,,,,27720.0
1735694730,http_request_duration_seconds_sum,web,a,prod,,,,8870.4
1735694730,app_active_sessions,web,b,prod,,,,23.0
1735694730,queue_depth,web,b,prod,,,,19.0
1735694730,up,web,b,prod,,,,0.0
1735694730,http_requests_total,web,b,prod,200,,,29752.8
1735694730,http_requests_total,web,b,prod,500,,,2587.2000000000003
1735694730,http_request_duration_seconds_bucket,web,b,prod,,0.1,,6468.0
1735694730,http_request_duration_seconds_bucket,web,b,prod,,0.25,,17787.0
1735694730,http_request_duration_seconds_bucket,web,b,prod,,0.5,,27489.0
1735694730,http_request_duration_seconds_bucket,web,b,prod,,1.0,,31693.2
1735694730,http_request_duration_seconds_bucket,web,b,prod,,+Inf,,32340.0
1735694730,http_request_duration_seconds_count,web,b,prod,,,,32340.0
1735694730,http_request_duration_seconds_sum,web,b,prod,,,,10348.800000000001
1735694760,service_info,api,,prod,,,platform,1.0
1735694760,app_active_sessions,api,a,prod,,,,32.0
1735694760,queue_depth,api,a,prod,,,,28.0
1735694760,up,api,a,prod,,,,1.0
1735694760,http_requests_total,api,a,prod,200,,,43332.0
1735694760,http_requests_total,api,a,prod,500,,,3768.0
1735694760,http_request_duration_seconds_bucket,api,a,prod,,0.1,,9420.0
1735694760,http_request_duration_seconds_bucket,api,a,prod,,0.25,,25905.000000000004
1735694760,http_request_duration_seconds_bucket,api,a,prod,,0.5,,40035.0
1735694760,http_request_duration_seconds_bucket,api,a,prod,,1.0,,46158.0
1735694760,http_request_duration_seconds_bucket,api,a,prod,,+Inf,,47100.0
1735694760,http_request_duration_seconds_count,api,a,prod,,,,47100.0
1735694760,http_request_duration_seconds_sum,api,a,prod,,,,15072.0
1735694760,app_active_sessions,api,b,prod,,,,35.0
1735694760,queue_depth,api,b,prod,,,,31.0
1735694760,up,api,b,prod,,,,1.0
1735694760,http_requests_total,api,b,prod,200,,,20341.2
1735694760,http_requests_total,api,b,prod,500,,,1768.8
1735694760,http_request_duration_seconds_bucket,api,b,prod,,0.1,,10362.0
1735694760,http_request_duration_seconds_bucket,api,b,prod,,0.25,,28495.500000000004
1735694760,http_request_duration_seconds_bucket,api,b,prod,,0.5,,44038.5
1735694760,http_request_duration_seconds_bucket,api,b,prod,,1.0,,50773.799999999996
1735694760,http_request_duration_seconds_bucket,api,b,prod,,+Inf,,51810.0
1735694760,http_request_duration_seconds_count,api,b,prod,,,,51810.0
1735694760,http_request_duration_seconds_sum,api,b,prod,,,,16579.2
1735694760,service_info,web,,prod,,,experience,1.0
1735694760,app_active_sessions,web,a,prod,,,,20.0
1735694760,queue_depth,web,a,prod,,,,16.0
1735694760,up,web,a,prod,,,,1.0
1735694760,http_requests_total,web,a,prod,200,,,25999.2
1735694760,http_requests_total,web,a,prod,500,,,2260.8
1735694760,http_request_duration_seconds_bucket,web,a,prod,,0.1,,5652.0
1735694760,http_request_duration_seconds_bucket,web,a,prod,,0.25,,15543.000000000002
1735694760,http_request_duration_seconds_bucket,web,a,prod,,0.5,,24021.0
1735694760,http_request_duration_seconds_bucket,web,a,prod,,1.0,,27694.8
1735694760,http_request_duration_seconds_bucket,web,a,prod,,+Inf,,28260.0
1735694760,http_request_duration_seconds_count,web,a,prod,,,,28260.0
1735694760,http_request_duration_seconds_sum,web,a,prod,,,,9043.2
1735694760,app_active_sessions,web,b,prod,,,,23.0
1735694760,queue_depth,web,b,prod,,,,19.0
1735694760,up,web,b,prod,,,,0.0
1735694760,http_requests_total,web,b,prod,200,,,30332.4
1735694760,http_requests_total,web,b,prod,500,,,2637.6
1735694760,http_request_duration_seconds_bucket,web,b,prod,,0.1,,6594.0
1735694760,http_request_duration_seconds_bucket,web,b,prod,,0.25,,18133.5
1735694760,http_request_duration_seconds_bucket,web,b,prod,,0.5,,28024.5
1735694760,http_request_duration_seconds_bucket,web,b,prod,,1.0,,32310.6
1735694760,http_request_duration_seconds_bucket,web,b,prod,,+Inf,,32970.0
1735694760,http_request_duration_seconds_count,web,b,prod,,,,32970.0
1735694760,http_request_duration_seconds_sum,web,b,prod,,,,10550.4
1735694790,service_info,api,,prod,,,platform,1.0
1735694790,app_active_sessions,api,a,prod,,,,32.0
1735694790,queue_depth,api,a,prod,,,,28.0
1735694790,up,api,a,prod,,,,1.0
1735694790,http_requests_total,api,a,prod,200,,,44160.0
1735694790,http_requests_total,api,a,prod,500,,,3840.0
1735694790,http_request_duration_seconds_bucket,api,a,prod,,0.1,,9600.0
1735694790,http_request_duration_seconds_bucket,api,a,prod,,0.25,,26400.000000000004
1735694790,http_request_duration_seconds_bucket,api,a,prod,,0.5,,40800.0
1735694790,http_request_duration_seconds_bucket,api,a,prod,,1.0,,47040.0
1735694790,http_request_duration_seconds_bucket,api,a,prod,,+Inf,,48000.0
1735694790,http_request_duration_seconds_count,api,a,prod,,,,48000.0
1735694790,http_request_duration_seconds_sum,api,a,prod,,,,15360.0
1735694790,app_active_sessions,api,b,prod,,,,35.0
1735694790,queue_depth,api,b,prod,,,,31.0
1735694790,up,api,b,prod,,,,1.0
1735694790,http_requests_total,api,b,prod,200,,,21252.0
1735694790,http_requests_total,api,b,prod,500,,,1848.0
1735694790,http_request_duration_seconds_bucket,api,b,prod,,0.1,,10560.0
1735694790,http_request_duration_seconds_bucket,api,b,prod,,0.25,,29040.000000000004
1735694790,http_request_duration_seconds_bucket,api,b,prod,,0.5,,44880.0
1735694790,http_request_duration_seconds_bucket,api,b,prod,,1.0,,51744.0
1735694790,http_request_duration_seconds_bucket,api,b,prod,,+Inf,,52800.0
1735694790,http_request_duration_seconds_count,api,b,prod,,,,52800.0
1735694790,http_request_duration_seconds_sum,api,b,prod,,,,16896.0
1735694790,service_info,web,,prod,,,experience,1.0
1735694790,app_active_sessions,web,a,prod,,,,20.0
1735694790,queue_depth,web,a,prod,,,,16.0
1735694790,up,web,a,prod,,,,1.0
1735694790,http_requests_total,web,a,prod,200,,,26496.0
1735694790,http_requests_total,web,a,prod,500,,,2304.0
1735694790,http_request_duration_seconds_bucket,web,a,prod,,0.1,,5760.0
1735694790,http_request_duration_seconds_bucket,web,a,prod,,0.25,,15840.000000000002
1735694790,http_request_duration_seconds_bucket,web,a,prod,,0.5,,24480.0
1735694790,http_request_duration_seconds_bucket,web,a,prod,,1.0,,28224.0
1735694790,http_request_duration_seconds_bucket,web,a,prod,,+Inf,,28800.0
1735694790,http_request_duration_seconds_count,web,a,prod,,,,28800.0
1735694790,http_request_duration_seconds_sum,web,a,prod,,,,9216.0
1735694790,app_active_sessions,web,b,prod,,,,23.0
1735694790,queue_depth,web,b,prod,,,,19.0
1735694790,up,web,b,prod,,,,0.0
1735694790,http_requests_total,web,b,prod,200,,,30912.0
1735694790,http_requests_total,web,b,prod,500,,,2688.0
1735694790,http_request_duration_seconds_bucket,web,b,prod,,0.1,,6720.0
1735694790,http_request_duration_seconds_bucket,web,b,prod,,0.25,,18480.0
1735694790,http_request_duration_seconds_bucket,web,b,prod,,0.5,,28560.0
1735694790,http_request_duration_seconds_bucket,web,b,prod,,1.0,,32928.0
1735694790,http_request_duration_seconds_bucket,web,b,prod,,+Inf,,33600.0
1735694790,http_request_duration_seconds_count,web,b,prod,,,,33600.0
1735694790,http_request_duration_seconds_sum,web,b,prod,,,,10752.0
1735694820,service_info,api,,prod,,,platform,1.0
1735694820,app_active_sessions,api,a,prod,,,,31.0
1735694820,queue_depth,api,a,prod,,,,27.0
1735694820,up,api,a,prod,,,,1.0
1735694820,http_requests_total,api,a,prod,200,,,44988.0
1735694820,http_requests_total,api,a,prod,500,,,3912.0
1735694820,http_request_duration_seconds_bucket,api,a,prod,,0.1,,9780.0
1735694820,http_request_duration_seconds_bucket,api,a,prod,,0.25,,26895.000000000004
1735694820,http_request_duration_seconds_bucket,api,a,prod,,0.5,,41565.0
1735694820,http_request_duration_seconds_bucket,api,a,prod,,1.0,,47922.0
1735694820,http_request_duration_seconds_bucket,api,a,prod,,+Inf,,48900.0
1735694820,http_request_duration_seconds_count,api,a,prod,,,,48900.0
1735694820,http_request_duration_seconds_sum,api,a,prod,,,,15648.0
1735694820,app_active_sessions,api,b,prod,,,,34.0
1735694820,queue_depth,api,b,prod,,,,30.0
1735694820,up,api,b,prod,,,,1.0
1735694820,http_requests_total,api,b,prod,200,,,22162.8
1735694820,http_requests_total,api,b,prod,500,,,1927.2
1735694820,http_request_duration_seconds_bucket,api,b,prod,,0.1,,10758.0
1735694820,http_request_duration_seconds_bucket,api,b,prod,,0.25,,29584.500000000004
1735694820,http_request_duration_seconds_bucket,api,b,prod,,0.5,,45721.5
1735694820,http_request_duration_seconds_bucket,api,b,prod,,1.0,,52714.2
1735694820,http_request_duration_seconds_bucket,api,b,prod,,+Inf,,53790.0
1735694820,http_request_duration_seconds_count,api,b,prod,,,,53790.0
1735694820,http_request_duration_seconds_sum,api,b,prod,,,,17212.8
1735694820,service_info,web,,prod,,,experience,1.0
1735694820,app_active_sessions,web,a,prod,,,,19.0
1735694820,queue_depth,web,a,prod,,,,15.0
1735694820,up,web,a,prod,,,,1.0
1735694820,http_requests_total,web,a,prod,200,,,26992.8
1735694820,http_requests_total,web,a,prod,500,,,2347.2000000000003
1735694820,http_request_duration_seconds_bucket,web,a,prod,,0.1,,5868.0
1735694820,http_request_duration_seconds_bucket,web,a,prod,,0.25,,16137.000000000002
1735694820,http_request_duration_seconds_bucket,web,a,prod,,0.5,,24939.0
1735694820,http_request_duration_seconds_bucket,web,a,prod,,1.0,,28753.2
1735694820,http_request_duration_seconds_bucket,web,a,prod,,+Inf,,29340.0
1735694820,http_request_duration_seconds_count,web,a,prod,,,,29340.0
1735694820,http_request_duration_seconds_sum,web,a,prod,,,,9388.800000000001
1735694820,app_active_sessions,web,b,prod,,,,22.0
1735694820,queue_depth,web,b,prod,,,,18.0
1735694820,up,web,b,prod,,,,0.0
1735694820,http_requests_total,web,b,prod,200,,,31491.6
1735694820,http_requests_total,web,b,prod,500,,,2738.4
1735694820,http_request_duration_seconds_bucket,web,b,prod,,0.1,,6846.0
1735694820,http_request_duration_seconds_bucket,web,b,prod,,0.25,,18826.5
1735694820,http_request_duration_seconds_bucket,web,b,prod,,0.5,,29095.5
1735694820,http_request_duration_seconds_bucket,web,b,prod,,1.0,,33545.4
1735694820,http_request_duration_seconds_bucket,web,b,prod,,+Inf,,34230.0
1735694820,http_request_duration_seconds_count,web,b,prod,,,,34230.0
1735694820,http_request_duration_seconds_sum,web,b,prod,,,,10953.6
1735694850,service_info,api,,prod,,,platform,1.0
1735694850,app_active_sessions,api,a,prod,,,,31.0
1735694850,queue_depth,api,a,prod,,,,27.0
1735694850,up,api,a,prod,,,,1.0
1735694850,http_requests_total,api,a,prod,200,,,45816.0
1735694850,http_requests_total,api,a,prod,500,,,3984.0
1735694850,http_request_duration_seconds_bucket,api,a,prod,,0.1,,9960.0
1735694850,http_request_duration_seconds_bucket,api,a,prod,,0.25,,27390.000000000004
1735694850,http_request_duration_seconds_bucket,api,a,prod,,0.5,,42330.0
1735694850,http_request_duration_seconds_bucket,api,a,prod,,1.0,,48804.0
1735694850,http_request_duration_seconds_bucket,api,a,prod,,+Inf,,49800.0
1735694850,http_request_duration_seconds_count,api,a,prod,,,,49800.0
1735694850,http_request_duration_seconds_sum,api,a,prod,,,,15936.0
1735694850,app_active_sessions,api,b,prod,,,,34.0
1735694850,queue_depth,api,b,prod,,,,30.0
1735694850,up,api,b,prod,,,,1.0
1735694850,http_requests_total,api,b,prod,200,,,23073.6
1735694850,http_requests_total,api,b,prod,500,,,2006.4
1735694850,http_request_duration_seconds_bucket,api,b,prod,,0.1,,10956.0
1735694850,http_request_duration_seconds_bucket,api,b,prod,,0.25,,30129.000000000004
1735694850,http_request_duration_seconds_bucket,api,b,prod,,0.5,,46563.0
1735694850,http_request_duration_seconds_bucket,api,b,prod,,1.0,,53684.4
1735694850,http_request_duration_seconds_bucket,api,b,prod,,+Inf,,54780.0
1735694850,http_request_duration_seconds_count,api,b,prod,,,,54780.0
1735694850,http_request_duration_seconds_sum,api,b,prod,,,,17529.600000000002
1735694850,service_info,web,,prod,,,experience,1.0
1735694850,app_active_sessions,web,a,prod,,,,19.0
1735694850,queue_depth,web,a,prod,,,,15.0
1735694850,up,web,a,prod,,,,1.0
1735694850,http_requests_total,web,a,prod,200,,,27489.6
1735694850,http_requests_total,web,a,prod,500,,,2390.4
1735694850,http_request_duration_seconds_bucket,web,a,prod,,0.1,,5976.0
1735694850,http_request_duration_seconds_bucket,web,a,prod,,0.25,,16434.0
1735694850,http_request_duration_seconds_bucket,web,a,prod,,0.5,,25398.0
1735694850,http_request_duration_seconds_bucket,web,a,prod,,1.0,,29282.399999999998
1735694850,http_request_duration_seconds_bucket,web,a,prod,,+Inf,,29880.0
1735694850,http_request_duration_seconds_count,web,a,prod,,,,29880.0
1735694850,http_request_duration_seconds_sum,web,a,prod,,,,9561.6
1735694850,app_active_sessions,web,b,prod,,,,22.0
1735694850,queue_depth,web,b,prod,,,,18.0
1735694850,up,web,b,prod,,,,0.0
1735694850,http_requests_total,web,b,prod,200,,,32071.2
1735694850,http_requests_total,web,b,prod,500,,,2788.8
1735694850,http_request_duration_seconds_bucket,web,b,prod,,0.1,,6972.0
1735694850,http_request_duration_seconds_bucket,web,b,prod,,0.25,,19173.0
1735694850,http_request_duration_seconds_bucket,web,b,prod,,0.5,,29631.0
1735694850,http_request_duration_seconds_bucket,web,b,prod,,1.0,,34162.8
1735694850,http_request_duration_seconds_bucket,web,b,prod,,+Inf,,34860.0
1735694850,http_request_duration_seconds_count,web,b,prod,,,,34860.0
1735694850,http_request_duration_seconds_sum,web,b,prod,,,,11155.2
1735694880,service_info,api,,prod,,,platform,1.0
1735694880,app_active_sessions,api,a,prod,,,,30.0
1735694880,queue_depth,api,a,prod,,,,26.0
1735694880,up,api,a,prod,,,,1.0
1735694880,http_requests_total,api,a,prod,200,,,46644.0
1735694880,http_requests_total,api,a,prod,500,,,4056.0
1735694880,http_request_duration_seconds_bucket,api,a,prod,,0.1,,10140.0
1735694880,http_request_duration_seconds_bucket,api,a,prod,,0.25,,27885.000000000004
1735694880,http_request_duration_seconds_bucket,api,a,prod,,0.5,,43095.0
1735694880,http_request_duration_seconds_bucket,api,a,prod,,1.0,,49686.0
1735694880,http_request_duration_seconds_bucket,api,a,prod,,+Inf,,50700.0
1735694880,http_request_duration_seconds_count,api,a,prod,,,,50700.0
1735694880,http_request_duration_seconds_sum,api,a,prod,,,,16224.0
1735694880,app_active_sessions,api,b,prod,,,,33.0
1735694880,queue_depth,api,b,prod,,,,29.0
1735694880,up,api,b,prod,,,,1.0
1735694880,http_requests_total,api,b,prod,200,,,23984.4
1735694880,http_requests_total,api,b,prod,500,,,2085.6
1735694880,http_request_duration_seconds_bucket,api,b,prod,,0.1,,11154.0
1735694880,http_request_duration_seconds_bucket,api,b,prod,,0.25,,30673.500000000004
1735694880,http_request_duration_seconds_bucket,api,b,prod,,0.5,,47404.5
1735694880,http_request_duration_seconds_bucket,api,b,prod,,1.0,,54654.6
1735694880,http_request_duration_seconds_bucket,api,b,prod,,+Inf,,55770.0
1735694880,http_request_duration_seconds_count,api,b,prod,,,,55770.0
1735694880,http_request_duration_seconds_sum,api,b,prod,,,,17846.4
1735694880,service_info,web,,prod,,,experience,1.0
1735694880,app_active_sessions,web,a,prod,,,,18.0
1735694880,queue_depth,web,a,prod,,,,14.0
1735694880,up,web,a,prod,,,,1.0
1735694880,http_requests_total,web,a,prod,200,,,27986.4
1735694880,http_requests_total,web,a,prod,500,,,2433.6
1735694880,http_request_duration_seconds_bucket,web,a,prod,,0.1,,6084.0
1735694880,http_request_duration_seconds_bucket,web,a,prod,,0.25,,16731.0
1735694880,http_request_duration_seconds_bucket,web,a,prod,,0.5,,25857.0
1735694880,http_request_duration_seconds_bucket,web,a,prod,,1.0,,29811.6
1735694880,http_request_duration_seconds_bucket,web,a,prod,,+Inf,,30420.0
1735694880,http_request_duration_seconds_count,web,a,prod,,,,30420.0
1735694880,http_request_duration_seconds_sum,web,a,prod,,,,9734.4
1735694880,app_active_sessions,web,b,prod,,,,21.0
1735694880,queue_depth,web,b,prod,,,,17.0
1735694880,up,web,b,prod,,,,0.0
1735694880,http_requests_total,web,b,prod,200,,,32650.8
1735694880,http_requests_total,web,b,prod,500,,,2839.2000000000003
1735694880,http_request_duration_seconds_bucket,web,b,prod,,0.1,,7098.0
1735694880,http_request_duration_seconds_bucket,web,b,prod,,0.25,,19519.5
1735694880,http_request_duration_seconds_bucket,web,b,prod,,0.5,,30166.5
1735694880,http_request_duration_seconds_bucket,web,b,prod,,1.0,,34780.2
1735694880,http_request_duration_seconds_bucket,web,b,prod,,+Inf,,35490.0
1735694880,http_request_duration_seconds_count,web,b,prod,,,,35490.0
1735694880,http_request_duration_seconds_sum,web,b,prod,,,,11356.800000000001
1735694910,service_info,api,,prod,,,platform,1.0
1735694910,app_active_sessions,api,a,prod,,,,30.0
1735694910,queue_depth,api,a,prod,,,,26.0
1735694910,up,api,a,prod,,,,1.0
1735694910,http_requests_total,api,a,prod,200,,,47472.0
1735694910,http_requests_total,api,a,prod,500,,,4128.0
1735694910,http_request_duration_seconds_bucket,api,a,prod,,0.1,,10320.0
1735694910,http_request_duration_seconds_bucket,api,a,prod,,0.25,,28380.000000000004
1735694910,http_request_duration_seconds_bucket,api,a,prod,,0.5,,43860.0
1735694910,http_request_duration_seconds_bucket,api,a,prod,,1.0,,50568.0
1735694910,http_request_duration_seconds_bucket,api,a,prod,,+Inf,,51600.0
1735694910,http_request_duration_seconds_count,api,a,prod,,,,51600.0
1735694910,http_request_duration_seconds_sum,api,a,prod,,,,16512.0
1735694910,app_active_sessions,api,b,prod,,,,33.0
1735694910,queue_depth,api,b,prod,,,,29.0
1735694910,up,api,b,prod,,,,1.0
1735694910,http_requests_total,api,b,prod,200,,,24895.2
1735694910,http_requests_total,api,b,prod,500,,,2164.8
1735694910,http_request_duration_seconds_bucket,api,b,prod,,0.1,,11352.0
1735694910,http_request_duration_seconds_bucket,api,b,prod,,0.25,,31218.000000000004
1735694910,http_request_duration_seconds_bucket,api,b,prod,,0.5,,48246.0
1735694910,http_request_duration_seconds_bucket,api,b,prod,,1.0,,55624.799999999996
1735694910,http_request_duration_seconds_bucket,api,b,prod,,+Inf,,56760.0
1735694910,http_request_duration_seconds_count,api,b,prod,,,,56760.0
1735694910,http_request_duration_seconds_sum,api,b,prod,,,,18163.2
1735694910,service_info,web,,prod,,,experience,1.0
1735694910,app_active_sessions,web,a,prod,,,,18.0
1735694910,queue_depth,web,a,prod,,,,14.0
1735694910,up,web,a,prod,,,,1.0
1735694910,http_requests_total,web,a,prod,200,,,28483.2
1735694910,http_requests_total,web,a,prod,500,,,2476.8
1735694910,http_request_duration_seconds_bucket,web,a,prod,,0.1,,6192.0
1735694910,http_request_duration_seconds_bucket,web,a,prod,,0.25,,17028.0
1735694910,http_request_duration_seconds_bucket,web,a,prod,,0.5,,26316.0
1735694910,http_request_duration_seconds_bucket,web,a,prod,,1.0,,30340.8
1735694910,http_request_duration_seconds_bucket,web,a,prod,,+Inf,,30960.0
1735694910,http_request_duration_seconds_count,web,a,prod,,,,30960.0
1735694910,http_request_duration_seconds_sum,web,a,prod,,,,9907.2
1735694910,app_active_sessions,web,b,prod,,,,21.0
1735694910,queue_depth,web,b,prod,,,,17.0
1735694910,up,web,b,prod,,,,0.0
1735694910,http_requests_total,web,b,prod,200,,,33230.4
1735694910,http_requests_total,web,b,prod,500,,,2889.6
1735694910,http_request_duration_seconds_bucket,web,b,prod,,0.1,,7224.0
1735694910,http_request_duration_seconds_bucket,web,b,prod,,0.25,,19866.0
1735694910,http_request_duration_seconds_bucket,web,b,prod,,0.5,,30702.0
1735694910,http_request_duration_seconds_bucket,web,b,prod,,1.0,,35397.6
1735694910,http_request_duration_seconds_bucket,web,b,prod,,+Inf,,36120.0
1735694910,http_request_duration_seconds_count,web,b,prod,,,,36120.0
1735694910,http_request_duration_seconds_sum,web,b,prod,,,,11558.4
1735694940,service_info,api,,prod,,,platform,1.0
1735694940,app_active_sessions,api,a,prod,,,,29.0
1735694940,queue_depth,api,a,prod,,,,25.0
1735694940,up,api,a,prod,,,,1.0
1735694940,http_requests_total,api,a,prod,200,,,48300.0
1735694940,http_requests_total,api,a,prod,500,,,4200.0
1735694940,http_request_duration_seconds_bucket,api,a,prod,,0.1,,10500.0
1735694940,http_request_duration_seconds_bucket,api,a,prod,,0.25,,28875.000000000004
1735694940,http_request_duration_seconds_bucket,api,a,prod,,0.5,,44625.0
1735694940,http_request_duration_seconds_bucket,api,a,prod,,1.0,,51450.0
1735694940,http_request_duration_seconds_bucket,api,a,prod,,+Inf,,52500.0
1735694940,http_request_duration_seconds_count,api,a,prod,,,,52500.0
1735694940,http_request_duration_seconds_sum,api,a,prod,,,,16800.0
1735694940,app_active_sessions,api,b,prod,,,,32.0
1735694940,queue_depth,api,b,prod,,,,28.0
1735694940,up,api,b,prod,,,,1.0
1735694940,http_requests_total,api,b,prod,200,,,25806.0
1735694940,http_requests_total,api,b,prod,500,,,2244.0
1735694940,http_request_duration_seconds_bucket,api,b,prod,,0.1,,11550.0
1735694940,http_request_duration_seconds_bucket,api,b,prod,,0.25,,31762.500000000004
1735694940,http_request_duration_seconds_bucket,api,b,prod,,0.5,,49087.5
1735694940,http_request_duration_seconds_bucket,api,b,prod,,1.0,,56595.0
1735694940,http_request_duration_seconds_bucket,api,b,prod,,+Inf,,57750.0
1735694940,http_request_duration_seconds_count,api,b,prod,,,,57750.0
1735694940,http_request_duration_seconds_sum,api,b,prod,,,,18480.0
1735694940,service_info,web,,prod,,,experience,1.0
1735694940,app_active_sessions,web,a,prod,,,,17.0
1735694940,queue_depth,web,a,prod,,,,13.0
1735694940,up,web,a,prod,,,,1.0
1735694940,http_requests_total,web,a,prod,200,,,28980.0
1735694940,http_requests_total,web,a,prod,500,,,2520.0
1735694940,http_request_duration_seconds_bucket,web,a,prod,,0.1,,6300.0
1735694940,http_request_duration_seconds_bucket,web,a,prod,,0.25,,17325.0
1735694940,http_request_duration_seconds_bucket,web,a,prod,,0.5,,26775.0
1735694940,http_request_duration_seconds_bucket,web,a,prod,,1.0,,30870.0
1735694940,http_request_duration_seconds_bucket,web,a,prod,,+Inf,,31500.0
1735694940,http_request_duration_seconds_count,web,a,prod,,,,31500.0
1735694940,http_request_duration_seconds_sum,web,a,prod,,,,10080.0
1735694940,app_active_sessions,web,b,prod,,,,20.0
1735694940,queue_depth,web,b,prod,,,,16.0
1735694940,up,web,b,prod,,,,0.0
1735694940,http_requests_total,web,b,prod,200,,,33810.0
1735694940,http_requests_total,web,b,prod,500,,,2940.0
1735694940,http_request_duration_seconds_bucket,web,b,prod,,0.1,,7350.0
1735694940,http_request_duration_seconds_bucket,web,b,prod,,0.25,,20212.5
1735694940,http_request_duration_seconds_bucket,web,b,prod,,0.5,,31237.5
1735694940,http_request_duration_seconds_bucket,web,b,prod,,1.0,,36015.0
1735694940,http_request_duration_seconds_bucket,web,b,prod,,+Inf,,36750.0
1735694940,http_request_duration_seconds_count,web,b,prod,,,,36750.0
1735694940,http_request_duration_seconds_sum,web,b,prod,,,,11760.0
1735694970,service_info,api,,prod,,,platform,1.0
1735694970,app_active_sessions,api,a,prod,,,,29.0
1735694970,queue_depth,api,a,prod,,,,25.0
1735694970,up,api,a,prod,,,,1.0
1735694970,http_requests_total,api,a,prod,200,,,49128.0
1735694970,http_requests_total,api,a,prod,500,,,4272.0
1735694970,http_request_duration_seconds_bucket,api,a,prod,,0.1,,10680.0
1735694970,http_request_duration_seconds_bucket,api,a,prod,,0.25,,29370.000000000004
1735694970,http_request_duration_seconds_bucket,api,a,prod,,0.5,,45390.0
1735694970,http_request_duration_seconds_bucket,api,a,prod,,1.0,,52332.0
1735694970,http_request_duration_seconds_bucket,api,a,prod,,+Inf,,53400.0
1735694970,http_request_duration_seconds_count,api,a,prod,,,,53400.0
1735694970,http_request_duration_seconds_sum,api,a,prod,,,,17088.0
1735694970,app_active_sessions,api,b,prod,,,,32.0
1735694970,queue_depth,api,b,prod,,,,28.0
1735694970,up,api,b,prod,,,,1.0
1735694970,http_requests_total,api,b,prod,200,,,26716.8
1735694970,http_requests_total,api,b,prod,500,,,2323.2000000000003
1735694970,http_request_duration_seconds_bucket,api,b,prod,,0.1,,11748.0
1735694970,http_request_duration_seconds_bucket,api,b,prod,,0.25,,32307.000000000004
1735694970,http_request_duration_seconds_bucket,api,b,prod,,0.5,,49929.0
1735694970,http_request_duration_seconds_bucket,api,b,prod,,1.0,,57565.2
1735694970,http_request_duration_seconds_bucket,api,b,prod,,+Inf,,58740.0
1735694970,http_request_duration_seconds_count,api,b,prod,,,,58740.0
1735694970,http_request_duration_seconds_sum,api,b,prod,,,,18796.8
1735694970,service_info,web,,prod,,,experience,1.0
1735694970,app_active_sessions,web,a,prod,,,,17.0
1735694970,queue_depth,web,a,prod,,,,13.0
1735694970,up,web,a,prod,,,,1.0
1735694970,http_requests_total,web,a,prod,200,,,29476.8
1735694970,http_requests_total,web,a,prod,500,,,2563.2000000000003
1735694970,http_request_duration_seconds_bucket,web,a,prod,,0.1,,6408.0
1735694970,http_request_duration_seconds_bucket,web,a,prod,,0.25,,17622.0
1735694970,http_request_duration_seconds_bucket,web,a,prod,,0.5,,27234.0
1735694970,http_request_duration_seconds_bucket,web,a,prod,,1.0,,31399.2
1735694970,http_request_duration_seconds_bucket,web,a,prod,,+Inf,,32040.0
1735694970,http_request_duration_seconds_count,web,a,prod,,,,32040.0
1735694970,http_request_duration_seconds_sum,web,a,prod,,,,10252.800000000001
1735694970,app_active_sessions,web,b,prod,,,,20.0
1735694970,queue_depth,web,b,prod,,,,16.0
1735694970,up,web,b,prod,,,,0.0
1735694970,http_requests_total,web,b,prod,200,,,34389.6
1735694970,http_requests_total,web,b,prod,500,,,2990.4
1735694970,http_request_duration_seconds_bucket,web,b,prod,,0.1,,7476.0
1735694970,http_request_duration_seconds_bucket,web,b,prod,,0.25,,20559.0
1735694970,http_request_duration_seconds_bucket,web,b,prod,,0.5,,31773.0
1735694970,http_request_duration_seconds_bucket,web,b,prod,,1.0,,36632.4
1735694970,http_request_duration_seconds_bucket,web,b,prod,,+Inf,,37380.0
1735694970,http_request_duration_seconds_count,web,b,prod,,,,37380.0
1735694970,http_request_duration_seconds_sum,web,b,prod,,,,11961.6
1735695000,service_info,api,,prod,,,platform,1.0
1735695000,app_active_sessions,api,a,prod,,,,28.0
1735695000,queue_depth,api,a,prod,,,,24.0
1735695000,up,api,a,prod,,,,1.0
1735695000,http_requests_total,api,a,prod,200,,,49956.0
1735695000,http_requests_total,api,a,prod,500,,,4344.0
1735695000,http_request_duration_seconds_bucket,api,a,prod,,0.1,,10860.0
1735695000,http_request_duration_seconds_bucket,api,a,prod,,0.25,,29865.000000000004
1735695000,http_request_duration_seconds_bucket,api,a,prod,,0.5,,46155.0
1735695000,http_request_duration_seconds_bucket,api,a,prod,,1.0,,53214.0
1735695000,http_request_duration_seconds_bucket,api,a,prod,,+Inf,,54300.0
1735695000,http_request_duration_seconds_count,api,a,prod,,,,54300.0
1735695000,http_request_duration_seconds_sum,api,a,prod,,,,17376.0
1735695000,app_active_sessions,api,b,prod,,,,31.0
1735695000,queue_depth,api,b,prod,,,,27.0
1735695000,up,api,b,prod,,,,1.0
1735695000,http_requests_total,api,b,prod,200,,,27627.6
1735695000,http_requests_total,api,b,prod,500,,,2402.4
1735695000,http_request_duration_seconds_bucket,api,b,prod,,0.1,,11946.0
1735695000,http_request_duration_seconds_bucket,api,b,prod,,0.25,,32851.5
1735695000,http_request_duration_seconds_bucket,api,b,prod,,0.5,,50770.5
1735695000,http_request_duration_seconds_bucket,api,b,prod,,1.0,,58535.4
1735695000,http_request_duration_seconds_bucket,api,b,prod,,+Inf,,59730.0
1735695000,http_request_duration_seconds_count,api,b,prod,,,,59730.0
1735695000,http_request_duration_seconds_sum,api,b,prod,,,,19113.600000000002
1735695000,service_info,web,,prod,,,experience,1.0
1735695000,app_active_sessions,web,a,prod,,,,16.0
1735695000,queue_depth,web,a,prod,,,,12.0
1735695000,up,web,a,prod,,,,1.0
1735695000,http_requests_total,web,a,prod,200,,,29973.6
1735695000,http_requests_total,web,a,prod,500,,,2606.4
1735695000,http_request_duration_seconds_bucket,web,a,prod,,0.1,,6516.0
1735695000,http_request_duration_seconds_bucket,web,a,prod,,0.25,,17919.0
1735695000,http_request_duration_seconds_bucket,web,a,prod,,0.5,,27693.0
1735695000,http_request_duration_seconds_bucket,web,a,prod,,1.0,,31928.399999999998
1735695000,http_request_duration_seconds_bucket,web,a,prod,,+Inf,,32580.0
1735695000,http_request_duration_seconds_count,web,a,prod,,,,32580.0
1735695000,http_request_duration_seconds_sum,web,a,prod,,,,10425.6
1735695000,app_active_sessions,web,b,prod,,,,19.0
1735695000,queue_depth,web,b,prod,,,,15.0
1735695000,up,web,b,prod,,,,0.0
1735695000,http_requests_total,web,b,prod,200,,,34969.2
1735695000,http_requests_total,web,b,prod,500,,,3040.8
1735695000,http_request_duration_seconds_bucket,web,b,prod,,0.1,,7602.0
1735695000,http_request_duration_seconds_bucket,web,b,prod,,0.25,,20905.5
1735695000,http_request_duration_seconds_bucket,web,b,prod,,0.5,,32308.5
1735695000,http_request_duration_seconds_bucket,web,b,prod,,1.0,,37249.8
1735695000,http_request_duration_seconds_bucket,web,b,prod,,+Inf,,38010.0
1735695000,http_request_duration_seconds_count,web,b,prod,,,,38010.0
1735695000,http_request_duration_seconds_sum,web,b,prod,,,,12163.2
